INCLUDE (Yes/No),NAME,PRICE,NOTES,Ring Image,Category,Metal Colour,TMC Original Name,TMC Price (AUD ref),Image File,Image Path,Image Link,TMC Handle
,,,,"=IMAGE(""https://cdn.shopify.com/s/files/1/0544/6408/6189/files/Yellow1080_Top_Amira_ring_Oval_00000.jpg?v=1766453577"")",Engagement,Yellow Gold,The Amira Ring™ - Oval with Marquise Accents,1280.00,yellow.jpg,images/the-amira-ring-1/yellow.jpg,"=HYPERLINK(""https://cdn.shopify.com/s/files/1/0544/6408/6189/files/Yellow1080_Top_Amira_ring_Oval_00000.jpg?v=1766453577"",""View ring"")",the-amira-ring-1
,,,,,Engagement,White Gold,The Amira Ring™ - Oval with Marquise Accents,1280.00,,,,the-amira-ring-1
,,,,"=IMAGE(""https://cdn.shopify.com/s/files/1/0544/6408/6189/files/Rose1080_Top_Amira_ring_Oval_00000.jpg?v=1766453577"")",Engagement,Rose Gold,The Amira Ring™ - Oval with Marquise Accents,1280.00,rose.jpg,images/the-amira-ring-1/rose.jpg,"=HYPERLINK(""https://cdn.shopify.com/s/files/1/0544/6408/6189/files/Rose1080_Top_Amira_ring_Oval_00000.jpg?v=1766453577"",""View ring"")",the-amira-ring-1
,,,,"=IMAGE(""https://cdn.shopify.com/s/files/1/0544/6408/6189/files/Top_5723_Yellow_00000.jpg?v=1696481859"")",Engagement,Yellow Gold,The Luise Ring® - Oval Solitaire,831.00,yellow.jpg,images/the-luise-ring-oval-solitaire/yellow.jpg,"=HYPERLINK(""https://cdn.shopify.com/s/files/1/0544/6408/6189/files/Top_5723_Yellow_00000.jpg?v=1696481859"",""View ring"")",the-luise-ring-oval-solitaire
,,,,"=IMAGE(""https://cdn.shopify.com/s/files/1/0544/6408/6189/files/Top_5723_White_00000.jpg?v=1766453741"")",Engagement,White Gold,The Luise Ring® - Oval Solitaire,831.00,white.jpg,images/the-luise-ring-oval-solitaire/white.jpg,"=HYPERLINK(""https://cdn.shopify.com/s/files/1/0544/6408/6189/files/Top_5723_White_00000.jpg?v=1766453741"",""View ring"")",the-luise-ring-oval-solitaire
,,,,"=IMAGE(""https://cdn.shopify.com/s/files/1/0544/6408/6189/files/Top_5723_Rose_00000.jpg?v=1766453741"")",Engagement,Rose Gold,The Luise Ring® - Oval Solitaire,831.00,rose.jpg,images/the-luise-ring-oval-solitaire/rose.jpg,"=HYPERLINK(""https://cdn.shopify.com/s/files/1/0544/6408/6189/files/Top_5723_Rose_00000.jpg?v=1766453741"",""View ring"")",the-luise-ring-oval-solitaire
,,,,"=IMAGE(""https://cdn.shopify.com/s/files/1/0544/6408/6189/files/Top_6153_Yellow_00000.jpg?v=1698358032"")",Engagement,Yellow Gold,The Audrey Ring - Emerald Solitaire,825.00,yellow.jpg,images/the-audrey-ring-emerald-solitaire/yellow.jpg,"=HYPERLINK(""https://cdn.shopify.com/s/files/1/0544/6408/6189/files/Top_6153_Yellow_00000.jpg?v=1698358032"",""View ring"")",the-audrey-ring-emerald-solitaire
,,,,"=IMAGE(""https://cdn.shopify.com/s/files/1/0544/6408/6189/files/Top_6153_White_00000.jpg?v=1766454068"")",Engagement,White Gold,The Audrey Ring - Emerald Solitaire,825.00,white.jpg,images/the-audrey-ring-emerald-solitaire/white.jpg,"=HYPERLINK(""https://cdn.shopify.com/s/files/1/0544/6408/6189/files/Top_6153_White_00000.jpg?v=1766454068"",""View ring"")",the-audrey-ring-emerald-solitaire
,,,,"=IMAGE(""https://cdn.shopify.com/s/files/1/0544/6408/6189/files/Top_6153_Rose_00000.jpg?v=1766454068"")",Engagement,Rose Gold,The Audrey Ring - Emerald Solitaire,825.00,rose.jpg,images/the-audrey-ring-emerald-solitaire/rose.jpg,"=HYPERLINK(""https://cdn.shopify.com/s/files/1/0544/6408/6189/files/Top_6153_Rose_00000.jpg?v=1766454068"",""View ring"")",the-audrey-ring-emerald-solitaire
,,,,"=IMAGE(""https://cdn.shopify.com/s/files/1/0544/6408/6189/files/Top_5845_Yellow_00000.jpg?v=1698038481"")",Engagement,Yellow Gold,The Vienna Ring - Radiant Solitaire,825.00,yellow.jpg,images/the-vienna-ring-radiant-solitaire/yellow.jpg,"=HYPERLINK(""https://cdn.shopify.com/s/files/1/0544/6408/6189/files/Top_5845_Yellow_00000.jpg?v=1698038481"",""View ring"")",the-vienna-ring-radiant-solitaire
,,,,"=IMAGE(""https://cdn.shopify.com/s/files/1/0544/6408/6189/files/Top_5845_White_00000.jpg?v=1759880131"")",Engagement,White Gold,The Vienna Ring - Radiant Solitaire,825.00,white.jpg,images/the-vienna-ring-radiant-solitaire/white.jpg,"=HYPERLINK(""https://cdn.shopify.com/s/files/1/0544/6408/6189/files/Top_5845_White_00000.jpg?v=1759880131"",""View ring"")",the-vienna-ring-radiant-solitaire
,,,,"=IMAGE(""https://cdn.shopify.com/s/files/1/0544/6408/6189/files/Top_5845_Rose_00000.jpg?v=1759880131"")",Engagement,Rose Gold,The Vienna Ring - Radiant Solitaire,825.00,rose.jpg,images/the-vienna-ring-radiant-solitaire/rose.jpg,"=HYPERLINK(""https://cdn.shopify.com/s/files/1/0544/6408/6189/files/Top_5845_Rose_00000.jpg?v=1759880131"",""View ring"")",the-vienna-ring-radiant-solitaire
,,,,"=IMAGE(""https://cdn.shopify.com/s/files/1/0544/6408/6189/files/Top_5712_Yellow_00000.jpg?v=1696480747"")",Engagement,Yellow Gold,The Florence Ring - Oval and Pear Cathedral Trilogy,1227.00,yellow.jpg,images/the-florence-ring-oval-and-pear-trilogy/yellow.jpg,"=HYPERLINK(""https://cdn.shopify.com/s/files/1/0544/6408/6189/files/Top_5712_Yellow_00000.jpg?v=1696480747"",""View ring"")",the-florence-ring-oval-and-pear-trilogy
,,,,"=IMAGE(""https://cdn.shopify.com/s/files/1/0544/6408/6189/files/Top_5712_White_00000.jpg?v=1764108756"")",Engagement,White Gold,The Florence Ring - Oval and Pear Cathedral Trilogy,1227.00,white.jpg,images/the-florence-ring-oval-and-pear-trilogy/white.jpg,"=HYPERLINK(""https://cdn.shopify.com/s/files/1/0544/6408/6189/files/Top_5712_White_00000.jpg?v=1764108756"",""View ring"")",the-florence-ring-oval-and-pear-trilogy
,,,,"=IMAGE(""https://cdn.shopify.com/s/files/1/0544/6408/6189/files/Top_5712_Rose_00000.jpg?v=1764108756"")",Engagement,Rose Gold,The Florence Ring - Oval and Pear Cathedral Trilogy,1227.00,rose.jpg,images/the-florence-ring-oval-and-pear-trilogy/rose.jpg,"=HYPERLINK(""https://cdn.shopify.com/s/files/1/0544/6408/6189/files/Top_5712_Rose_00000.jpg?v=1764108756"",""View ring"")",the-florence-ring-oval-and-pear-trilogy
,,,,"=IMAGE(""https://cdn.shopify.com/s/files/1/0544/6408/6189/files/Yellow1080_Top_Avery_ring_00000.jpg?v=1744773017"")",Engagement,Yellow Gold,The Avery Ring - Oval With Marquise and Round Brilliant Band,1386.00,yellow.jpg,images/the-avery-ring-oval-with-marquise-and-round-brilliant-band/yellow.jpg,"=HYPERLINK(""https://cdn.shopify.com/s/files/1/0544/6408/6189/files/Yellow1080_Top_Avery_ring_00000.jpg?v=1744773017"",""View ring"")",the-avery-ring-oval-with-marquise-and-round-brilliant-band
,,,,"=IMAGE(""https://cdn.shopify.com/s/files/1/0544/6408/6189/files/Front_5966_1_White_00000.jpg?v=1744773017"")",Engagement,White Gold,The Avery Ring - Oval With Marquise and Round Brilliant Band,1386.00,white.jpg,images/the-avery-ring-oval-with-marquise-and-round-brilliant-band/white.jpg,"=HYPERLINK(""https://cdn.shopify.com/s/files/1/0544/6408/6189/files/Front_5966_1_White_00000.jpg?v=1744773017"",""View ring"")",the-avery-ring-oval-with-marquise-and-round-brilliant-band
,,,,"=IMAGE(""https://cdn.shopify.com/s/files/1/0544/6408/6189/files/Rose1080_Top_Avery_ring_00000.jpg?v=1744773017"")",Engagement,Rose Gold,The Avery Ring - Oval With Marquise and Round Brilliant Band,1386.00,rose.jpg,images/the-avery-ring-oval-with-marquise-and-round-brilliant-band/rose.jpg,"=HYPERLINK(""https://cdn.shopify.com/s/files/1/0544/6408/6189/files/Rose1080_Top_Avery_ring_00000.jpg?v=1744773017"",""View ring"")",the-avery-ring-oval-with-marquise-and-round-brilliant-band
,,,,"=IMAGE(""https://cdn.shopify.com/s/files/1/0544/6408/6189/files/Top_5842_Yellow_00000.jpg?v=1696482694"")",Engagement,Yellow Gold,The Luise Ring® - Oval Cathedral Solitaire,910.00,yellow.jpg,images/the-luise-ring-oval-cathedral-solitaire/yellow.jpg,"=HYPERLINK(""https://cdn.shopify.com/s/files/1/0544/6408/6189/files/Top_5842_Yellow_00000.jpg?v=1696482694"",""View ring"")",the-luise-ring-oval-cathedral-solitaire
,,,,"=IMAGE(""https://cdn.shopify.com/s/files/1/0544/6408/6189/files/Top_5842_White_00000.jpg?v=1696482694"")",Engagement,White Gold,The Luise Ring® - Oval Cathedral Solitaire,910.00,white.jpg,images/the-luise-ring-oval-cathedral-solitaire/white.jpg,"=HYPERLINK(""https://cdn.shopify.com/s/files/1/0544/6408/6189/files/Top_5842_White_00000.jpg?v=1696482694"",""View ring"")",the-luise-ring-oval-cathedral-solitaire
,,,,"=IMAGE(""https://cdn.shopify.com/s/files/1/0544/6408/6189/files/Top_5842_Rose_00000.jpg?v=1696482694"")",Engagement,Rose Gold,The Luise Ring® - Oval Cathedral Solitaire,910.00,rose.jpg,images/the-luise-ring-oval-cathedral-solitaire/rose.jpg,"=HYPERLINK(""https://cdn.shopify.com/s/files/1/0544/6408/6189/files/Top_5842_Rose_00000.jpg?v=1696482694"",""View ring"")",the-luise-ring-oval-cathedral-solitaire
,,,,"=IMAGE(""https://cdn.shopify.com/s/files/1/0544/6408/6189/files/Top_6016_Yellow_00000.jpg?v=1699928979"")",Engagement,Yellow Gold,The Ophelia Ring - Elongated Cushion Solitaire,841.00,yellow.jpg,images/the-ophelia-ring-elongated-cushion-solitaire/yellow.jpg,"=HYPERLINK(""https://cdn.shopify.com/s/files/1/0544/6408/6189/files/Top_6016_Yellow_00000.jpg?v=1699928979"",""View ring"")",the-ophelia-ring-elongated-cushion-solitaire
,,,,"=IMAGE(""https://cdn.shopify.com/s/files/1/0544/6408/6189/files/Top_6016_White_00000.jpg?v=1766451510"")",Engagement,White Gold,The Ophelia Ring - Elongated Cushion Solitaire,841.00,white.jpg,images/the-ophelia-ring-elongated-cushion-solitaire/white.jpg,"=HYPERLINK(""https://cdn.shopify.com/s/files/1/0544/6408/6189/files/Top_6016_White_00000.jpg?v=1766451510"",""View ring"")",the-ophelia-ring-elongated-cushion-solitaire
,,,,"=IMAGE(""https://cdn.shopify.com/s/files/1/0544/6408/6189/files/Top_6016_Rose_00000.jpg?v=1766451510"")",Engagement,Rose Gold,The Ophelia Ring - Elongated Cushion Solitaire,841.00,rose.jpg,images/the-ophelia-ring-elongated-cushion-solitaire/rose.jpg,"=HYPERLINK(""https://cdn.shopify.com/s/files/1/0544/6408/6189/files/Top_6016_Rose_00000.jpg?v=1766451510"",""View ring"")",the-ophelia-ring-elongated-cushion-solitaire
,,,,"=IMAGE(""https://cdn.shopify.com/s/files/1/0544/6408/6189/files/Top_6003_Yellow_00000.jpg?v=1698037440"")",Engagement,Yellow Gold,The Luise Ring® - Low Set Oval Solitaire,831.00,yellow.jpg,images/low-set-luise-ring-oval-solitaire/yellow.jpg,"=HYPERLINK(""https://cdn.shopify.com/s/files/1/0544/6408/6189/files/Top_6003_Yellow_00000.jpg?v=1698037440"",""View ring"")",low-set-luise-ring-oval-solitaire
,,,,"=IMAGE(""https://cdn.shopify.com/s/files/1/0544/6408/6189/files/Top_6003_White_00000.jpg?v=1759878784"")",Engagement,White Gold,The Luise Ring® - Low Set Oval Solitaire,831.00,white.jpg,images/low-set-luise-ring-oval-solitaire/white.jpg,"=HYPERLINK(""https://cdn.shopify.com/s/files/1/0544/6408/6189/files/Top_6003_White_00000.jpg?v=1759878784"",""View ring"")",low-set-luise-ring-oval-solitaire
,,,,"=IMAGE(""https://cdn.shopify.com/s/files/1/0544/6408/6189/files/Top_6003_Rose_00000.jpg?v=1759878784"")",Engagement,Rose Gold,The Luise Ring® - Low Set Oval Solitaire,831.00,rose.jpg,images/low-set-luise-ring-oval-solitaire/rose.jpg,"=HYPERLINK(""https://cdn.shopify.com/s/files/1/0544/6408/6189/files/Top_6003_Rose_00000.jpg?v=1759878784"",""View ring"")",low-set-luise-ring-oval-solitaire
,,,,"=IMAGE(""https://cdn.shopify.com/s/files/1/0544/6408/6189/files/Yellow1080_Top_Arie_ring_00000.jpg?v=1766454035"")",Engagement,Yellow Gold,The Arie Ring - Marquise Solitaire,831.00,yellow.jpg,images/the-arie-ring-marquise-cut-solitaire/yellow.jpg,"=HYPERLINK(""https://cdn.shopify.com/s/files/1/0544/6408/6189/files/Yellow1080_Top_Arie_ring_00000.jpg?v=1766454035"",""View ring"")",the-arie-ring-marquise-cut-solitaire
,,,,"=IMAGE(""https://cdn.shopify.com/s/files/1/0544/6408/6189/files/Top_6367marquise6prong13x6_White_00000.jpg?v=1766454035"")",Engagement,White Gold,The Arie Ring - Marquise Solitaire,831.00,white.jpg,images/the-arie-ring-marquise-cut-solitaire/white.jpg,"=HYPERLINK(""https://cdn.shopify.com/s/files/1/0544/6408/6189/files/Top_6367marquise6prong13x6_White_00000.jpg?v=1766454035"",""View ring"")",the-arie-ring-marquise-cut-solitaire
,,,,"=IMAGE(""https://cdn.shopify.com/s/files/1/0544/6408/6189/files/Rose1080_Top_Arie_ring_00000.jpg?v=1766454035"")",Engagement,Rose Gold,The Arie Ring - Marquise Solitaire,831.00,rose.jpg,images/the-arie-ring-marquise-cut-solitaire/rose.jpg,"=HYPERLINK(""https://cdn.shopify.com/s/files/1/0544/6408/6189/files/Rose1080_Top_Arie_ring_00000.jpg?v=1766454035"",""View ring"")",the-arie-ring-marquise-cut-solitaire
,,,,"=IMAGE(""https://cdn.shopify.com/s/files/1/0544/6408/6189/files/Top_7_Yellow_00000.jpg?v=1696478885"")",Engagement,Yellow Gold,The Maya Ring - Pear Curved Solitaire,921.00,yellow.jpg,images/the-maya-ring-pear-ascend-signature-solitaire/yellow.jpg,"=HYPERLINK(""https://cdn.shopify.com/s/files/1/0544/6408/6189/files/Top_7_Yellow_00000.jpg?v=1696478885"",""View ring"")",the-maya-ring-pear-ascend-signature-solitaire
,,,,"=IMAGE(""https://cdn.shopify.com/s/files/1/0544/6408/6189/files/Top_7_White_00000.jpg?v=1761697919"")",Engagement,White Gold,The Maya Ring - Pear Curved Solitaire,921.00,white.jpg,images/the-maya-ring-pear-ascend-signature-solitaire/white.jpg,"=HYPERLINK(""https://cdn.shopify.com/s/files/1/0544/6408/6189/files/Top_7_White_00000.jpg?v=1761697919"",""View ring"")",the-maya-ring-pear-ascend-signature-solitaire
,,,,"=IMAGE(""https://cdn.shopify.com/s/files/1/0544/6408/6189/files/Top_7_Rose_00000.jpg?v=1761697919"")",Engagement,Rose Gold,The Maya Ring - Pear Curved Solitaire,921.00,rose.jpg,images/the-maya-ring-pear-ascend-signature-solitaire/rose.jpg,"=HYPERLINK(""https://cdn.shopify.com/s/files/1/0544/6408/6189/files/Top_7_Rose_00000.jpg?v=1761697919"",""View ring"")",the-maya-ring-pear-ascend-signature-solitaire
,,,,"=IMAGE(""https://cdn.shopify.com/s/files/1/0544/6408/6189/files/Yellow1080_Top_Isla_ring_00000.jpg?v=1766449495"")",Engagement,Yellow Gold,The Isla Ring - Round Solitaire,831.00,yellow.jpg,images/the-isla-ring-round-solitaire-new/yellow.jpg,"=HYPERLINK(""https://cdn.shopify.com/s/files/1/0544/6408/6189/files/Yellow1080_Top_Isla_ring_00000.jpg?v=1766449495"",""View ring"")",the-isla-ring-round-solitaire-new
,,,,"=IMAGE(""https://cdn.shopify.com/s/files/1/0544/6408/6189/files/Top_5750Round4prong_White_00000.jpg?v=1766449495"")",Engagement,White Gold,The Isla Ring - Round Solitaire,831.00,white.jpg,images/the-isla-ring-round-solitaire-new/white.jpg,"=HYPERLINK(""https://cdn.shopify.com/s/files/1/0544/6408/6189/files/Top_5750Round4prong_White_00000.jpg?v=1766449495"",""View ring"")",the-isla-ring-round-solitaire-new
,,,,"=IMAGE(""https://cdn.shopify.com/s/files/1/0544/6408/6189/files/Rose1080_Top_Isla_ring_00000.jpg?v=1766449495"")",Engagement,Rose Gold,The Isla Ring - Round Solitaire,831.00,rose.jpg,images/the-isla-ring-round-solitaire-new/rose.jpg,"=HYPERLINK(""https://cdn.shopify.com/s/files/1/0544/6408/6189/files/Rose1080_Top_Isla_ring_00000.jpg?v=1766449495"",""View ring"")",the-isla-ring-round-solitaire-new
,,,,"=IMAGE(""https://cdn.shopify.com/s/files/1/0544/6408/6189/files/Top_65496prong_Yellow_00000.jpg?v=1700540090"")",Engagement,Yellow Gold,The Sophia Ring - Pear Solitaire,841.00,yellow.jpg,images/the-sophia-ring-4-claw-pear-solitaire/yellow.jpg,"=HYPERLINK(""https://cdn.shopify.com/s/files/1/0544/6408/6189/files/Top_65496prong_Yellow_00000.jpg?v=1700540090"",""View ring"")",the-sophia-ring-4-claw-pear-solitaire
,,,,"=IMAGE(""https://cdn.shopify.com/s/files/1/0544/6408/6189/files/Top_65496prong_White_00000.jpg?v=1744772756"")",Engagement,White Gold,The Sophia Ring - Pear Solitaire,841.00,white.jpg,images/the-sophia-ring-4-claw-pear-solitaire/white.jpg,"=HYPERLINK(""https://cdn.shopify.com/s/files/1/0544/6408/6189/files/Top_65496prong_White_00000.jpg?v=1744772756"",""View ring"")",the-sophia-ring-4-claw-pear-solitaire
,,,,"=IMAGE(""https://cdn.shopify.com/s/files/1/0544/6408/6189/files/Top_65496prong_Rose_00000.jpg?v=1744772756"")",Engagement,Rose Gold,The Sophia Ring - Pear Solitaire,841.00,rose.jpg,images/the-sophia-ring-4-claw-pear-solitaire/rose.jpg,"=HYPERLINK(""https://cdn.shopify.com/s/files/1/0544/6408/6189/files/Top_65496prong_Rose_00000.jpg?v=1744772756"",""View ring"")",the-sophia-ring-4-claw-pear-solitaire
,,,,"=IMAGE(""https://cdn.shopify.com/s/files/1/0544/6408/6189/files/Top_6266_Yellow_00000.jpg?v=1698357808"")",Engagement,Yellow Gold,The Audrey Ring - Emerald Bezel Solitaire,852.00,yellow.jpg,images/the-audrey-ring-emerald-bezel-solitaire/yellow.jpg,"=HYPERLINK(""https://cdn.shopify.com/s/files/1/0544/6408/6189/files/Top_6266_Yellow_00000.jpg?v=1698357808"",""View ring"")",the-audrey-ring-emerald-bezel-solitaire
,,,,"=IMAGE(""https://cdn.shopify.com/s/files/1/0544/6408/6189/files/Top_6266_White_00000.jpg?v=1766453057"")",Engagement,White Gold,The Audrey Ring - Emerald Bezel Solitaire,852.00,white.jpg,images/the-audrey-ring-emerald-bezel-solitaire/white.jpg,"=HYPERLINK(""https://cdn.shopify.com/s/files/1/0544/6408/6189/files/Top_6266_White_00000.jpg?v=1766453057"",""View ring"")",the-audrey-ring-emerald-bezel-solitaire
,,,,"=IMAGE(""https://cdn.shopify.com/s/files/1/0544/6408/6189/files/Top_6266_Rose_00000.jpg?v=1766453057"")",Engagement,Rose Gold,The Audrey Ring - Emerald Bezel Solitaire,852.00,rose.jpg,images/the-audrey-ring-emerald-bezel-solitaire/rose.jpg,"=HYPERLINK(""https://cdn.shopify.com/s/files/1/0544/6408/6189/files/Top_6266_Rose_00000.jpg?v=1766453057"",""View ring"")",the-audrey-ring-emerald-bezel-solitaire
,,,,"=IMAGE(""https://cdn.shopify.com/s/files/1/0544/6408/6189/files/Top_6228_Yellow_00000.jpg?v=1698037831"")",Engagement,Yellow Gold,The Audrey Ring - Emerald Cathedral Solitaire,905.00,yellow.jpg,images/the-audrey-ring-emerald-cathedral-solitaire/yellow.jpg,"=HYPERLINK(""https://cdn.shopify.com/s/files/1/0544/6408/6189/files/Top_6228_Yellow_00000.jpg?v=1698037831"",""View ring"")",the-audrey-ring-emerald-cathedral-solitaire
,,,,"=IMAGE(""https://cdn.shopify.com/s/files/1/0544/6408/6189/files/Top_6228_White_00000.jpg?v=1759878634"")",Engagement,White Gold,The Audrey Ring - Emerald Cathedral Solitaire,905.00,white.jpg,images/the-audrey-ring-emerald-cathedral-solitaire/white.jpg,"=HYPERLINK(""https://cdn.shopify.com/s/files/1/0544/6408/6189/files/Top_6228_White_00000.jpg?v=1759878634"",""View ring"")",the-audrey-ring-emerald-cathedral-solitaire
,,,,"=IMAGE(""https://cdn.shopify.com/s/files/1/0544/6408/6189/files/Top_6228_Rose_00000.jpg?v=1759878634"")",Engagement,Rose Gold,The Audrey Ring - Emerald Cathedral Solitaire,905.00,rose.jpg,images/the-audrey-ring-emerald-cathedral-solitaire/rose.jpg,"=HYPERLINK(""https://cdn.shopify.com/s/files/1/0544/6408/6189/files/Top_6228_Rose_00000.jpg?v=1759878634"",""View ring"")",the-audrey-ring-emerald-cathedral-solitaire
,,,,"=IMAGE(""https://cdn.shopify.com/s/files/1/0544/6408/6189/files/Yellow1080_Top_Luise_Bezel_00000.jpg?v=1775609475"")",Engagement,Yellow Gold,The Luise Ring® - Oval Bezel Solitaire,857.00,yellow.jpg,images/the-luise-ring-oval-bezel-solitaire/yellow.jpg,"=HYPERLINK(""https://cdn.shopify.com/s/files/1/0544/6408/6189/files/Yellow1080_Top_Luise_Bezel_00000.jpg?v=1775609475"",""View ring"")",the-luise-ring-oval-bezel-solitaire
,,,,"=IMAGE(""https://cdn.shopify.com/s/files/1/0544/6408/6189/files/White1080_Top_oval_00000_83430f34-da09-42d2-895b-508ac3d68d42.jpg?v=1775609475"")",Engagement,White Gold,The Luise Ring® - Oval Bezel Solitaire,857.00,white.jpg,images/the-luise-ring-oval-bezel-solitaire/white.jpg,"=HYPERLINK(""https://cdn.shopify.com/s/files/1/0544/6408/6189/files/White1080_Top_oval_00000_83430f34-da09-42d2-895b-508ac3d68d42.jpg?v=1775609475"",""View ring"")",the-luise-ring-oval-bezel-solitaire
,,,,"=IMAGE(""https://cdn.shopify.com/s/files/1/0544/6408/6189/files/Rose1080_Top_Luise_Bezel_00000.jpg?v=1775609475"")",Engagement,Rose Gold,The Luise Ring® - Oval Bezel Solitaire,857.00,rose.jpg,images/the-luise-ring-oval-bezel-solitaire/rose.jpg,"=HYPERLINK(""https://cdn.shopify.com/s/files/1/0544/6408/6189/files/Rose1080_Top_Luise_Bezel_00000.jpg?v=1775609475"",""View ring"")",the-luise-ring-oval-bezel-solitaire
,,,,"=IMAGE(""https://cdn.shopify.com/s/files/1/0544/6408/6189/files/Yellow1080_Top_Seleste_00000.jpg?v=1726342469"")",Engagement,Yellow Gold,The Celeste Ring - Radiant With Marquise and Round Brilliant Band,1439.00,yellow.jpg,images/the-celeste-ring-radiant-with-marquise-and-round-brilliant-band/yellow.jpg,"=HYPERLINK(""https://cdn.shopify.com/s/files/1/0544/6408/6189/files/Yellow1080_Top_Seleste_00000.jpg?v=1726342469"",""View ring"")",the-celeste-ring-radiant-with-marquise-and-round-brilliant-band
,,,,"=IMAGE(""https://cdn.shopify.com/s/files/1/0544/6408/6189/files/Front_59661_White_00000.jpg?v=1698038926"")",Engagement,White Gold,The Celeste Ring - Radiant With Marquise and Round Brilliant Band,1439.00,white.jpg,images/the-celeste-ring-radiant-with-marquise-and-round-brilliant-band/white.jpg,"=HYPERLINK(""https://cdn.shopify.com/s/files/1/0544/6408/6189/files/Front_59661_White_00000.jpg?v=1698038926"",""View ring"")",the-celeste-ring-radiant-with-marquise-and-round-brilliant-band
,,,,"=IMAGE(""https://cdn.shopify.com/s/files/1/0544/6408/6189/files/Rose1080_Top_Seleste_00000.jpg?v=1726342469"")",Engagement,Rose Gold,The Celeste Ring - Radiant With Marquise and Round Brilliant Band,1439.00,rose.jpg,images/the-celeste-ring-radiant-with-marquise-and-round-brilliant-band/rose.jpg,"=HYPERLINK(""https://cdn.shopify.com/s/files/1/0544/6408/6189/files/Rose1080_Top_Seleste_00000.jpg?v=1726342469"",""View ring"")",the-celeste-ring-radiant-with-marquise-and-round-brilliant-band
,,,,"=IMAGE(""https://cdn.shopify.com/s/files/1/0544/6408/6189/files/Top_6140_Yellow_00000.jpg?v=1759878347"")",Engagement,Yellow Gold,The Isla Ring - Round Cathedral Solitaire,910.00,yellow.jpg,images/the-isla-ring-round-brilliant-cathedral-solitaire/yellow.jpg,"=HYPERLINK(""https://cdn.shopify.com/s/files/1/0544/6408/6189/files/Top_6140_Yellow_00000.jpg?v=1759878347"",""View ring"")",the-isla-ring-round-brilliant-cathedral-solitaire
,,,,"=IMAGE(""https://cdn.shopify.com/s/files/1/0544/6408/6189/files/Top_6140_White_00000.jpg?v=1759878347"")",Engagement,White Gold,The Isla Ring - Round Cathedral Solitaire,910.00,white.jpg,images/the-isla-ring-round-brilliant-cathedral-solitaire/white.jpg,"=HYPERLINK(""https://cdn.shopify.com/s/files/1/0544/6408/6189/files/Top_6140_White_00000.jpg?v=1759878347"",""View ring"")",the-isla-ring-round-brilliant-cathedral-solitaire
,,,,"=IMAGE(""https://cdn.shopify.com/s/files/1/0544/6408/6189/files/Top_6140_Rose_00000.jpg?v=1759878347"")",Engagement,Rose Gold,The Isla Ring - Round Cathedral Solitaire,910.00,rose.jpg,images/the-isla-ring-round-brilliant-cathedral-solitaire/rose.jpg,"=HYPERLINK(""https://cdn.shopify.com/s/files/1/0544/6408/6189/files/Top_6140_Rose_00000.jpg?v=1759878347"",""View ring"")",the-isla-ring-round-brilliant-cathedral-solitaire
,,,,"=IMAGE(""https://cdn.shopify.com/s/files/1/0544/6408/6189/files/Top_10_Yellow_00000.jpg?v=1696478360"")",Engagement,Yellow Gold,The Maya Ring - Marquise Curved Solitaire,910.00,yellow.jpg,images/the-maya-ring-marquise-ascend-signature-solitaire/yellow.jpg,"=HYPERLINK(""https://cdn.shopify.com/s/files/1/0544/6408/6189/files/Top_10_Yellow_00000.jpg?v=1696478360"",""View ring"")",the-maya-ring-marquise-ascend-signature-solitaire
,,,,"=IMAGE(""https://cdn.shopify.com/s/files/1/0544/6408/6189/files/Top_10_White_00000.jpg?v=1759880424"")",Engagement,White Gold,The Maya Ring - Marquise Curved Solitaire,910.00,white.jpg,images/the-maya-ring-marquise-ascend-signature-solitaire/white.jpg,"=HYPERLINK(""https://cdn.shopify.com/s/files/1/0544/6408/6189/files/Top_10_White_00000.jpg?v=1759880424"",""View ring"")",the-maya-ring-marquise-ascend-signature-solitaire
,,,,"=IMAGE(""https://cdn.shopify.com/s/files/1/0544/6408/6189/files/Top_10_Rose_00000.jpg?v=1759880424"")",Engagement,Rose Gold,The Maya Ring - Marquise Curved Solitaire,910.00,rose.jpg,images/the-maya-ring-marquise-ascend-signature-solitaire/rose.jpg,"=HYPERLINK(""https://cdn.shopify.com/s/files/1/0544/6408/6189/files/Top_10_Rose_00000.jpg?v=1759880424"",""View ring"")",the-maya-ring-marquise-ascend-signature-solitaire
,,,,"=IMAGE(""https://cdn.shopify.com/s/files/1/0544/6408/6189/files/Top_5789_Yellow_00000.jpg?v=1698102748"")",Engagement,Yellow Gold,The Vienna Ring - Radiant Cathedral Solitaire,905.00,yellow.jpg,images/the-vienna-ring-radiant-cathedral-solitaire/yellow.jpg,"=HYPERLINK(""https://cdn.shopify.com/s/files/1/0544/6408/6189/files/Top_5789_Yellow_00000.jpg?v=1698102748"",""View ring"")",the-vienna-ring-radiant-cathedral-solitaire
,,,,"=IMAGE(""https://cdn.shopify.com/s/files/1/0544/6408/6189/files/Top_5789_White_00000.jpg?v=1759879471"")",Engagement,White Gold,The Vienna Ring - Radiant Cathedral Solitaire,905.00,white.jpg,images/the-vienna-ring-radiant-cathedral-solitaire/white.jpg,"=HYPERLINK(""https://cdn.shopify.com/s/files/1/0544/6408/6189/files/Top_5789_White_00000.jpg?v=1759879471"",""View ring"")",the-vienna-ring-radiant-cathedral-solitaire
,,,,"=IMAGE(""https://cdn.shopify.com/s/files/1/0544/6408/6189/files/Top_5789_Rose_00000.jpg?v=1759879471"")",Engagement,Rose Gold,The Vienna Ring - Radiant Cathedral Solitaire,905.00,rose.jpg,images/the-vienna-ring-radiant-cathedral-solitaire/rose.jpg,"=HYPERLINK(""https://cdn.shopify.com/s/files/1/0544/6408/6189/files/Top_5789_Rose_00000.jpg?v=1759879471"",""View ring"")",the-vienna-ring-radiant-cathedral-solitaire
,,,,"=IMAGE(""https://cdn.shopify.com/s/files/1/0544/6408/6189/files/Yellow1080_Top_Florece_Marquise_and_pear_00000.jpg?v=1759880392"")",Engagement,Yellow Gold,The Florence Ring - Marquise and Pear Cathedral Trilogy,1016.00,yellow.jpg,images/the-florence-ring-marquise-pear-trilogy/yellow.jpg,"=HYPERLINK(""https://cdn.shopify.com/s/files/1/0544/6408/6189/files/Yellow1080_Top_Florece_Marquise_and_pear_00000.jpg?v=1759880392"",""View ring"")",the-florence-ring-marquise-pear-trilogy
,,,,,Engagement,White Gold,The Florence Ring - Marquise and Pear Cathedral Trilogy,1016.00,,,,the-florence-ring-marquise-pear-trilogy
,,,,"=IMAGE(""https://cdn.shopify.com/s/files/1/0544/6408/6189/files/Rose1080_Top_Florece_Marquise_and_pear_00000.jpg?v=1759880392"")",Engagement,Rose Gold,The Florence Ring - Marquise and Pear Cathedral Trilogy,1016.00,rose.jpg,images/the-florence-ring-marquise-pear-trilogy/rose.jpg,"=HYPERLINK(""https://cdn.shopify.com/s/files/1/0544/6408/6189/files/Rose1080_Top_Florece_Marquise_and_pear_00000.jpg?v=1759880392"",""View ring"")",the-florence-ring-marquise-pear-trilogy
,,,,"=IMAGE(""https://cdn.shopify.com/s/files/1/0544/6408/6189/files/Top_5909_Yellow_00000.jpg?v=1698038258"")",Engagement,Yellow Gold,The Viola Ring - Emerald and Baguette Trilogy,1058.00,yellow.jpg,images/the-viola-ring-emerald-baguette-trilogy/yellow.jpg,"=HYPERLINK(""https://cdn.shopify.com/s/files/1/0544/6408/6189/files/Top_5909_Yellow_00000.jpg?v=1698038258"",""View ring"")",the-viola-ring-emerald-baguette-trilogy
,,,,"=IMAGE(""https://cdn.shopify.com/s/files/1/0544/6408/6189/files/Top_5909_White_00000.jpg?v=1766453425"")",Engagement,White Gold,The Viola Ring - Emerald and Baguette Trilogy,1058.00,white.jpg,images/the-viola-ring-emerald-baguette-trilogy/white.jpg,"=HYPERLINK(""https://cdn.shopify.com/s/files/1/0544/6408/6189/files/Top_5909_White_00000.jpg?v=1766453425"",""View ring"")",the-viola-ring-emerald-baguette-trilogy
,,,,"=IMAGE(""https://cdn.shopify.com/s/files/1/0544/6408/6189/files/Top_5909_Rose_00000.jpg?v=1766453425"")",Engagement,Rose Gold,The Viola Ring - Emerald and Baguette Trilogy,1058.00,rose.jpg,images/the-viola-ring-emerald-baguette-trilogy/rose.jpg,"=HYPERLINK(""https://cdn.shopify.com/s/files/1/0544/6408/6189/files/Top_5909_Rose_00000.jpg?v=1766453425"",""View ring"")",the-viola-ring-emerald-baguette-trilogy
,,,,"=IMAGE(""https://cdn.shopify.com/s/files/1/0544/6408/6189/files/Top_6604_Yellow_00000.jpg?v=1700611080"")",Engagement,Yellow Gold,The Ophelia Ring - Elongated Cushion Cathedral Solitaire,947.00,yellow.jpg,images/the-ophelia-ring-elongated-cushion-cathedral-solitaire/yellow.jpg,"=HYPERLINK(""https://cdn.shopify.com/s/files/1/0544/6408/6189/files/Top_6604_Yellow_00000.jpg?v=1700611080"",""View ring"")",the-ophelia-ring-elongated-cushion-cathedral-solitaire
,,,,"=IMAGE(""https://cdn.shopify.com/s/files/1/0544/6408/6189/files/Top_6604_White_00000.jpg?v=1766452063"")",Engagement,White Gold,The Ophelia Ring - Elongated Cushion Cathedral Solitaire,947.00,white.jpg,images/the-ophelia-ring-elongated-cushion-cathedral-solitaire/white.jpg,"=HYPERLINK(""https://cdn.shopify.com/s/files/1/0544/6408/6189/files/Top_6604_White_00000.jpg?v=1766452063"",""View ring"")",the-ophelia-ring-elongated-cushion-cathedral-solitaire
,,,,"=IMAGE(""https://cdn.shopify.com/s/files/1/0544/6408/6189/files/Top_6604_Rose_00000.jpg?v=1766452063"")",Engagement,Rose Gold,The Ophelia Ring - Elongated Cushion Cathedral Solitaire,947.00,rose.jpg,images/the-ophelia-ring-elongated-cushion-cathedral-solitaire/rose.jpg,"=HYPERLINK(""https://cdn.shopify.com/s/files/1/0544/6408/6189/files/Top_6604_Rose_00000.jpg?v=1766452063"",""View ring"")",the-ophelia-ring-elongated-cushion-cathedral-solitaire
,,,,"=IMAGE(""https://cdn.shopify.com/s/files/1/0544/6408/6189/files/Top_5928_Yellow_00000.jpg?v=1700186037"")",Engagement,Yellow Gold,The Florence Ring - Pear Cathedral Trilogy,1016.00,yellow.jpg,images/the-florence-ring-pear-trilogy/yellow.jpg,"=HYPERLINK(""https://cdn.shopify.com/s/files/1/0544/6408/6189/files/Top_5928_Yellow_00000.jpg?v=1700186037"",""View ring"")",the-florence-ring-pear-trilogy
,,,,"=IMAGE(""https://cdn.shopify.com/s/files/1/0544/6408/6189/files/Top_5928_White_00000.jpg?v=1759880964"")",Engagement,White Gold,The Florence Ring - Pear Cathedral Trilogy,1016.00,white.jpg,images/the-florence-ring-pear-trilogy/white.jpg,"=HYPERLINK(""https://cdn.shopify.com/s/files/1/0544/6408/6189/files/Top_5928_White_00000.jpg?v=1759880964"",""View ring"")",the-florence-ring-pear-trilogy
,,,,"=IMAGE(""https://cdn.shopify.com/s/files/1/0544/6408/6189/files/Top_5928_Rose_00000.jpg?v=1759880964"")",Engagement,Rose Gold,The Florence Ring - Pear Cathedral Trilogy,1016.00,rose.jpg,images/the-florence-ring-pear-trilogy/rose.jpg,"=HYPERLINK(""https://cdn.shopify.com/s/files/1/0544/6408/6189/files/Top_5928_Rose_00000.jpg?v=1759880964"",""View ring"")",the-florence-ring-pear-trilogy
,,,,"=IMAGE(""https://cdn.shopify.com/s/files/1/0544/6408/6189/files/Yellow1080_Top_Arie_ring_cathedral_00000.jpg?v=1766449951"")",Engagement,Yellow Gold,The Arie Ring - Marquise Cathedral Solitaire,937.00,yellow.jpg,images/the-arie-ring-marquise-cut-cathedral-solitaire/yellow.jpg,"=HYPERLINK(""https://cdn.shopify.com/s/files/1/0544/6408/6189/files/Yellow1080_Top_Arie_ring_cathedral_00000.jpg?v=1766449951"",""View ring"")",the-arie-ring-marquise-cut-cathedral-solitaire
,,,,"=IMAGE(""https://cdn.shopify.com/s/files/1/0544/6408/6189/files/Top_5665MarquiseCathedral6prong_White_00000.jpg?v=1766449951"")",Engagement,White Gold,The Arie Ring - Marquise Cathedral Solitaire,937.00,white.jpg,images/the-arie-ring-marquise-cut-cathedral-solitaire/white.jpg,"=HYPERLINK(""https://cdn.shopify.com/s/files/1/0544/6408/6189/files/Top_5665MarquiseCathedral6prong_White_00000.jpg?v=1766449951"",""View ring"")",the-arie-ring-marquise-cut-cathedral-solitaire
,,,,"=IMAGE(""https://cdn.shopify.com/s/files/1/0544/6408/6189/files/Rose1080_Top_Arie_ring_cathedral_00000.jpg?v=1766449951"")",Engagement,Rose Gold,The Arie Ring - Marquise Cathedral Solitaire,937.00,rose.jpg,images/the-arie-ring-marquise-cut-cathedral-solitaire/rose.jpg,"=HYPERLINK(""https://cdn.shopify.com/s/files/1/0544/6408/6189/files/Rose1080_Top_Arie_ring_cathedral_00000.jpg?v=1766449951"",""View ring"")",the-arie-ring-marquise-cut-cathedral-solitaire
,,,,"=IMAGE(""https://cdn.shopify.com/s/files/1/0544/6408/6189/files/Yellow1080_Top_Radiant_00000_776379a7-4d7f-47b1-8e59-8fa11140b9f7.jpg?v=1753142376"")",Engagement,Yellow Gold,The Vienna Ring - Radiant Half Bezel Solitaire,894.00,yellow.jpg,images/the-vienna-ring-radiant-half-bezel-solitaire/yellow.jpg,"=HYPERLINK(""https://cdn.shopify.com/s/files/1/0544/6408/6189/files/Yellow1080_Top_Radiant_00000_776379a7-4d7f-47b1-8e59-8fa11140b9f7.jpg?v=1753142376"",""View ring"")",the-vienna-ring-radiant-half-bezel-solitaire
,,,,"=IMAGE(""https://cdn.shopify.com/s/files/1/0544/6408/6189/files/RoseWhite1080_Top_Radiant_00000.jpg?v=1754520040"")",Engagement,White Gold,The Vienna Ring - Radiant Half Bezel Solitaire,894.00,white.jpg,images/the-vienna-ring-radiant-half-bezel-solitaire/white.jpg,"=HYPERLINK(""https://cdn.shopify.com/s/files/1/0544/6408/6189/files/RoseWhite1080_Top_Radiant_00000.jpg?v=1754520040"",""View ring"")",the-vienna-ring-radiant-half-bezel-solitaire
,,,,"=IMAGE(""https://cdn.shopify.com/s/files/1/0544/6408/6189/files/Rose1080_Top_Radiant_00000_e87e7f02-a473-42e3-a843-5fc1446556ab.jpg?v=1754520040"")",Engagement,Rose Gold,The Vienna Ring - Radiant Half Bezel Solitaire,894.00,rose.jpg,images/the-vienna-ring-radiant-half-bezel-solitaire/rose.jpg,"=HYPERLINK(""https://cdn.shopify.com/s/files/1/0544/6408/6189/files/Rose1080_Top_Radiant_00000_e87e7f02-a473-42e3-a843-5fc1446556ab.jpg?v=1754520040"",""View ring"")",the-vienna-ring-radiant-half-bezel-solitaire
,,,,"=IMAGE(""https://cdn.shopify.com/s/files/1/0544/6408/6189/files/Yellow1080_Top_Oval_00000_350cd71a-7f58-4ee5-8b21-22355385b20f.jpg?v=1753146856"")",Engagement,Yellow Gold,The Luise Ring® - Oval Half Bezel Solitaire,857.00,yellow.jpg,images/the-luise-ring-oval-half-bezel-solitaire/yellow.jpg,"=HYPERLINK(""https://cdn.shopify.com/s/files/1/0544/6408/6189/files/Yellow1080_Top_Oval_00000_350cd71a-7f58-4ee5-8b21-22355385b20f.jpg?v=1753146856"",""View ring"")",the-luise-ring-oval-half-bezel-solitaire
,,,,"=IMAGE(""https://cdn.shopify.com/s/files/1/0544/6408/6189/files/RoseWhite1080_Top_Oval_00000.jpg?v=1766451448"")",Engagement,White Gold,The Luise Ring® - Oval Half Bezel Solitaire,857.00,white.jpg,images/the-luise-ring-oval-half-bezel-solitaire/white.jpg,"=HYPERLINK(""https://cdn.shopify.com/s/files/1/0544/6408/6189/files/RoseWhite1080_Top_Oval_00000.jpg?v=1766451448"",""View ring"")",the-luise-ring-oval-half-bezel-solitaire
,,,,"=IMAGE(""https://cdn.shopify.com/s/files/1/0544/6408/6189/files/Rose1080_Top_Oval_00000_a534706e-7afb-4c41-bb89-0f8ab3f7eecf.jpg?v=1766451448"")",Engagement,Rose Gold,The Luise Ring® - Oval Half Bezel Solitaire,857.00,rose.jpg,images/the-luise-ring-oval-half-bezel-solitaire/rose.jpg,"=HYPERLINK(""https://cdn.shopify.com/s/files/1/0544/6408/6189/files/Rose1080_Top_Oval_00000_a534706e-7afb-4c41-bb89-0f8ab3f7eecf.jpg?v=1766451448"",""View ring"")",the-luise-ring-oval-half-bezel-solitaire
,,,,"=IMAGE(""https://cdn.shopify.com/s/files/1/0544/6408/6189/files/Yellow1080_Top_Marquise_00000.jpg?v=1753147032"")",Engagement,Yellow Gold,The Arie Ring - Marquise Half Bezel Solitaire,857.00,yellow.jpg,images/the-arie-ring-marquise-half-bezel-solitaire/yellow.jpg,"=HYPERLINK(""https://cdn.shopify.com/s/files/1/0544/6408/6189/files/Yellow1080_Top_Marquise_00000.jpg?v=1753147032"",""View ring"")",the-arie-ring-marquise-half-bezel-solitaire
,,,,"=IMAGE(""https://cdn.shopify.com/s/files/1/0544/6408/6189/files/White1080_Top_Marquise_00000.jpg?v=1753147032"")",Engagement,White Gold,The Arie Ring - Marquise Half Bezel Solitaire,857.00,white.jpg,images/the-arie-ring-marquise-half-bezel-solitaire/white.jpg,"=HYPERLINK(""https://cdn.shopify.com/s/files/1/0544/6408/6189/files/White1080_Top_Marquise_00000.jpg?v=1753147032"",""View ring"")",the-arie-ring-marquise-half-bezel-solitaire
,,,,"=IMAGE(""https://cdn.shopify.com/s/files/1/0544/6408/6189/files/Rose1080_Top_Marquise_00000.jpg?v=1753147032"")",Engagement,Rose Gold,The Arie Ring - Marquise Half Bezel Solitaire,857.00,rose.jpg,images/the-arie-ring-marquise-half-bezel-solitaire/rose.jpg,"=HYPERLINK(""https://cdn.shopify.com/s/files/1/0544/6408/6189/files/Rose1080_Top_Marquise_00000.jpg?v=1753147032"",""View ring"")",the-arie-ring-marquise-half-bezel-solitaire
,,,,"=IMAGE(""https://cdn.shopify.com/s/files/1/0544/6408/6189/files/Yellow1080_Top_Emerald_00000_51d1ef2d-0cf9-4ca2-9876-f13f7cf34e8d.jpg?v=1753147204"")",Engagement,Yellow Gold,The Audrey Ring - Emerald Half Bezel Solitaire,894.00,yellow.jpg,images/the-audrey-ring-emerald-half-bezel-solitaire/yellow.jpg,"=HYPERLINK(""https://cdn.shopify.com/s/files/1/0544/6408/6189/files/Yellow1080_Top_Emerald_00000_51d1ef2d-0cf9-4ca2-9876-f13f7cf34e8d.jpg?v=1753147204"",""View ring"")",the-audrey-ring-emerald-half-bezel-solitaire
,,,,"=IMAGE(""https://cdn.shopify.com/s/files/1/0544/6408/6189/files/RoseWhite1080_Top_Emerald_00000.jpg?v=1754520280"")",Engagement,White Gold,The Audrey Ring - Emerald Half Bezel Solitaire,894.00,white.jpg,images/the-audrey-ring-emerald-half-bezel-solitaire/white.jpg,"=HYPERLINK(""https://cdn.shopify.com/s/files/1/0544/6408/6189/files/RoseWhite1080_Top_Emerald_00000.jpg?v=1754520280"",""View ring"")",the-audrey-ring-emerald-half-bezel-solitaire
,,,,"=IMAGE(""https://cdn.shopify.com/s/files/1/0544/6408/6189/files/Rose1080_Top_Emerald_00000_3dc50a1e-fa70-4d11-8293-ac885542c302.jpg?v=1754520280"")",Engagement,Rose Gold,The Audrey Ring - Emerald Half Bezel Solitaire,894.00,rose.jpg,images/the-audrey-ring-emerald-half-bezel-solitaire/rose.jpg,"=HYPERLINK(""https://cdn.shopify.com/s/files/1/0544/6408/6189/files/Rose1080_Top_Emerald_00000_3dc50a1e-fa70-4d11-8293-ac885542c302.jpg?v=1754520280"",""View ring"")",the-audrey-ring-emerald-half-bezel-solitaire
,,,,"=IMAGE(""https://cdn.shopify.com/s/files/1/0544/6408/6189/files/Top_5630_Yellow_00000.jpg?v=1698040510"")",Engagement,Yellow Gold,The Celia Ring - Round Trilogy,974.00,yellow.jpg,images/the-celia-ring-round-trilogy/yellow.jpg,"=HYPERLINK(""https://cdn.shopify.com/s/files/1/0544/6408/6189/files/Top_5630_Yellow_00000.jpg?v=1698040510"",""View ring"")",the-celia-ring-round-trilogy
,,,,"=IMAGE(""https://cdn.shopify.com/s/files/1/0544/6408/6189/files/Top_5630_White_00000.jpg?v=1698040510"")",Engagement,White Gold,The Celia Ring - Round Trilogy,974.00,white.jpg,images/the-celia-ring-round-trilogy/white.jpg,"=HYPERLINK(""https://cdn.shopify.com/s/files/1/0544/6408/6189/files/Top_5630_White_00000.jpg?v=1698040510"",""View ring"")",the-celia-ring-round-trilogy
,,,,"=IMAGE(""https://cdn.shopify.com/s/files/1/0544/6408/6189/files/Top_5630_Rose_00000.jpg?v=1698040510"")",Engagement,Rose Gold,The Celia Ring - Round Trilogy,974.00,rose.jpg,images/the-celia-ring-round-trilogy/rose.jpg,"=HYPERLINK(""https://cdn.shopify.com/s/files/1/0544/6408/6189/files/Top_5630_Rose_00000.jpg?v=1698040510"",""View ring"")",the-celia-ring-round-trilogy
,,,,"=IMAGE(""https://cdn.shopify.com/s/files/1/0544/6408/6189/files/Yellow1080_Top_Aurora_Ring_RA_00000.jpg?v=1766450071"")",Engagement,Yellow Gold,The Aurora Ring - Round with Round Brilliant Accents,1280.00,yellow.jpg,images/the-aurora-ring-round-with-round-brilliant-accents/yellow.jpg,"=HYPERLINK(""https://cdn.shopify.com/s/files/1/0544/6408/6189/files/Yellow1080_Top_Aurora_Ring_RA_00000.jpg?v=1766450071"",""View ring"")",the-aurora-ring-round-with-round-brilliant-accents
,,,,,Engagement,White Gold,The Aurora Ring - Round with Round Brilliant Accents,1280.00,,,,the-aurora-ring-round-with-round-brilliant-accents
,,,,"=IMAGE(""https://cdn.shopify.com/s/files/1/0544/6408/6189/files/Rose1080_Top_Aurora_Ring_RA_00000.jpg?v=1766450071"")",Engagement,Rose Gold,The Aurora Ring - Round with Round Brilliant Accents,1280.00,rose.jpg,images/the-aurora-ring-round-with-round-brilliant-accents/rose.jpg,"=HYPERLINK(""https://cdn.shopify.com/s/files/1/0544/6408/6189/files/Rose1080_Top_Aurora_Ring_RA_00000.jpg?v=1766450071"",""View ring"")",the-aurora-ring-round-with-round-brilliant-accents
,,,,,Engagement,Yellow Gold,The Cora Ring - East-West Emerald Solitaire,825.00,,,,the-cora-ring-horizontal-emerald-solitaire
,,,,,Engagement,White Gold,The Cora Ring - East-West Emerald Solitaire,825.00,,,,the-cora-ring-horizontal-emerald-solitaire
,,,,,Engagement,Rose Gold,The Cora Ring - East-West Emerald Solitaire,825.00,,,,the-cora-ring-horizontal-emerald-solitaire
,,,,"=IMAGE(""https://cdn.shopify.com/s/files/1/0544/6408/6189/files/Yellow1080_Top_Amira_Ring_marquise_00000.jpg?v=1742943384"")",Engagement,Yellow Gold,The Amira Ring™ - Marquise with Marquise Accents,1280.00,yellow.jpg,images/the-amira-ring-marquise-with-marquise-accents/yellow.jpg,"=HYPERLINK(""https://cdn.shopify.com/s/files/1/0544/6408/6189/files/Yellow1080_Top_Amira_Ring_marquise_00000.jpg?v=1742943384"",""View ring"")",the-amira-ring-marquise-with-marquise-accents
,,,,,Engagement,White Gold,The Amira Ring™ - Marquise with Marquise Accents,1280.00,,,,the-amira-ring-marquise-with-marquise-accents
,,,,"=IMAGE(""https://cdn.shopify.com/s/files/1/0544/6408/6189/files/Rose1080_Top_Amira_Ring_marquise_00000.jpg?v=1742943384"")",Engagement,Rose Gold,The Amira Ring™ - Marquise with Marquise Accents,1280.00,rose.jpg,images/the-amira-ring-marquise-with-marquise-accents/rose.jpg,"=HYPERLINK(""https://cdn.shopify.com/s/files/1/0544/6408/6189/files/Rose1080_Top_Amira_Ring_marquise_00000.jpg?v=1742943384"",""View ring"")",the-amira-ring-marquise-with-marquise-accents
,,,,"=IMAGE(""https://cdn.shopify.com/s/files/1/0544/6408/6189/files/Top_9_Yellow_00000.jpg?v=1696478746"")",Engagement,Yellow Gold,The Maya Ring - Oval Curved Solitaire,910.00,yellow.jpg,images/copy-of-the-maya-ring-oval-ascend-signature-solitaire/yellow.jpg,"=HYPERLINK(""https://cdn.shopify.com/s/files/1/0544/6408/6189/files/Top_9_Yellow_00000.jpg?v=1696478746"",""View ring"")",copy-of-the-maya-ring-oval-ascend-signature-solitaire
,,,,"=IMAGE(""https://cdn.shopify.com/s/files/1/0544/6408/6189/files/Top_9_White_00000.jpg?v=1758694540"")",Engagement,White Gold,The Maya Ring - Oval Curved Solitaire,910.00,white.jpg,images/copy-of-the-maya-ring-oval-ascend-signature-solitaire/white.jpg,"=HYPERLINK(""https://cdn.shopify.com/s/files/1/0544/6408/6189/files/Top_9_White_00000.jpg?v=1758694540"",""View ring"")",copy-of-the-maya-ring-oval-ascend-signature-solitaire
,,,,"=IMAGE(""https://cdn.shopify.com/s/files/1/0544/6408/6189/files/Top_9_Rose_00000.jpg?v=1758694540"")",Engagement,Rose Gold,The Maya Ring - Oval Curved Solitaire,910.00,rose.jpg,images/copy-of-the-maya-ring-oval-ascend-signature-solitaire/rose.jpg,"=HYPERLINK(""https://cdn.shopify.com/s/files/1/0544/6408/6189/files/Top_9_Rose_00000.jpg?v=1758694540"",""View ring"")",copy-of-the-maya-ring-oval-ascend-signature-solitaire
,,,,"=IMAGE(""https://cdn.shopify.com/s/files/1/0544/6408/6189/files/Top_5443_Yellow_00000.jpg?v=1696480342"")",Engagement,Yellow Gold,The Odette Ring - Oval Trilogy,1069.00,yellow.jpg,images/the-odette-ring-oval-trilogy/yellow.jpg,"=HYPERLINK(""https://cdn.shopify.com/s/files/1/0544/6408/6189/files/Top_5443_Yellow_00000.jpg?v=1696480342"",""View ring"")",the-odette-ring-oval-trilogy
,,,,"=IMAGE(""https://cdn.shopify.com/s/files/1/0544/6408/6189/files/Top_5443_White_00000.jpg?v=1759878971"")",Engagement,White Gold,The Odette Ring - Oval Trilogy,1069.00,white.jpg,images/the-odette-ring-oval-trilogy/white.jpg,"=HYPERLINK(""https://cdn.shopify.com/s/files/1/0544/6408/6189/files/Top_5443_White_00000.jpg?v=1759878971"",""View ring"")",the-odette-ring-oval-trilogy
,,,,"=IMAGE(""https://cdn.shopify.com/s/files/1/0544/6408/6189/files/Top_5443_Rose_00000.jpg?v=1759878971"")",Engagement,Rose Gold,The Odette Ring - Oval Trilogy,1069.00,rose.jpg,images/the-odette-ring-oval-trilogy/rose.jpg,"=HYPERLINK(""https://cdn.shopify.com/s/files/1/0544/6408/6189/files/Top_5443_Rose_00000.jpg?v=1759878971"",""View ring"")",the-odette-ring-oval-trilogy
,,,,"=IMAGE(""https://cdn.shopify.com/s/files/1/0544/6408/6189/files/Yellow1080_Top_Florece_elongated_cushion_and_pear_00000.jpg?v=1740090646"")",Engagement,Yellow Gold,The Florence Ring - Elongated Cushion and Pear Cathedral Trilogy,1016.00,yellow.jpg,images/the-florence-ring-elongated-cushion-pear-trilogy/yellow.jpg,"=HYPERLINK(""https://cdn.shopify.com/s/files/1/0544/6408/6189/files/Yellow1080_Top_Florece_elongated_cushion_and_pear_00000.jpg?v=1740090646"",""View ring"")",the-florence-ring-elongated-cushion-pear-trilogy
,,,,,Engagement,White Gold,The Florence Ring - Elongated Cushion and Pear Cathedral Trilogy,1016.00,,,,the-florence-ring-elongated-cushion-pear-trilogy
,,,,"=IMAGE(""https://cdn.shopify.com/s/files/1/0544/6408/6189/files/Rose1080_Top_Florece_elongated_cushion_and_pear_00000.jpg?v=1740090646"")",Engagement,Rose Gold,The Florence Ring - Elongated Cushion and Pear Cathedral Trilogy,1016.00,rose.jpg,images/the-florence-ring-elongated-cushion-pear-trilogy/rose.jpg,"=HYPERLINK(""https://cdn.shopify.com/s/files/1/0544/6408/6189/files/Rose1080_Top_Florece_elongated_cushion_and_pear_00000.jpg?v=1740090646"",""View ring"")",the-florence-ring-elongated-cushion-pear-trilogy
,,,,"=IMAGE(""https://cdn.shopify.com/s/files/1/0544/6408/6189/files/Top_58265prong_Yellow_00000.jpg?v=1700184314"")",Engagement,Yellow Gold,The Sophia Ring - Pear Cathedral Solitaire,921.00,yellow.jpg,images/the-sophia-ring-pear-cathedral-solitaire/yellow.jpg,"=HYPERLINK(""https://cdn.shopify.com/s/files/1/0544/6408/6189/files/Top_58265prong_Yellow_00000.jpg?v=1700184314"",""View ring"")",the-sophia-ring-pear-cathedral-solitaire
,,,,"=IMAGE(""https://cdn.shopify.com/s/files/1/0544/6408/6189/files/Top_58265prong_White_00000.jpg?v=1759878912"")",Engagement,White Gold,The Sophia Ring - Pear Cathedral Solitaire,921.00,white.jpg,images/the-sophia-ring-pear-cathedral-solitaire/white.jpg,"=HYPERLINK(""https://cdn.shopify.com/s/files/1/0544/6408/6189/files/Top_58265prong_White_00000.jpg?v=1759878912"",""View ring"")",the-sophia-ring-pear-cathedral-solitaire
,,,,"=IMAGE(""https://cdn.shopify.com/s/files/1/0544/6408/6189/files/Top_58265prong_Rose_00000.jpg?v=1759878912"")",Engagement,Rose Gold,The Sophia Ring - Pear Cathedral Solitaire,921.00,rose.jpg,images/the-sophia-ring-pear-cathedral-solitaire/rose.jpg,"=HYPERLINK(""https://cdn.shopify.com/s/files/1/0544/6408/6189/files/Top_58265prong_Rose_00000.jpg?v=1759878912"",""View ring"")",the-sophia-ring-pear-cathedral-solitaire
,,,,"=IMAGE(""https://cdn.shopify.com/s/files/1/0544/6408/6189/files/Yellow1080_Top_Florence_round_and_pear_00000.jpg?v=1757048957"")",Engagement,Yellow Gold,The Florence Ring - Round and Pear Cathedral Trilogy,1227.00,yellow.jpg,images/the-florence-ring-round-and-pear-trilogy/yellow.jpg,"=HYPERLINK(""https://cdn.shopify.com/s/files/1/0544/6408/6189/files/Yellow1080_Top_Florence_round_and_pear_00000.jpg?v=1757048957"",""View ring"")",the-florence-ring-round-and-pear-trilogy
,,,,,Engagement,White Gold,The Florence Ring - Round and Pear Cathedral Trilogy,1227.00,,,,the-florence-ring-round-and-pear-trilogy
,,,,"=IMAGE(""https://cdn.shopify.com/s/files/1/0544/6408/6189/files/Rose1080_Top_Florence_round_and_pear_00000.jpg?v=1757048957"")",Engagement,Rose Gold,The Florence Ring - Round and Pear Cathedral Trilogy,1227.00,rose.jpg,images/the-florence-ring-round-and-pear-trilogy/rose.jpg,"=HYPERLINK(""https://cdn.shopify.com/s/files/1/0544/6408/6189/files/Rose1080_Top_Florence_round_and_pear_00000.jpg?v=1757048957"",""View ring"")",the-florence-ring-round-and-pear-trilogy
,,,,"=IMAGE(""https://cdn.shopify.com/s/files/1/0544/6408/6189/files/Top_6392_Yellow_00000.jpg?v=1700611430"")",Engagement,Yellow Gold,The Paloma Ring - Cushion Solitaire,841.00,yellow.jpg,images/the-paloma-ring-cushion-cut-solitaire/yellow.jpg,"=HYPERLINK(""https://cdn.shopify.com/s/files/1/0544/6408/6189/files/Top_6392_Yellow_00000.jpg?v=1700611430"",""View ring"")",the-paloma-ring-cushion-cut-solitaire
,,,,"=IMAGE(""https://cdn.shopify.com/s/files/1/0544/6408/6189/files/Top_6392_White_00000.jpg?v=1700611430"")",Engagement,White Gold,The Paloma Ring - Cushion Solitaire,841.00,white.jpg,images/the-paloma-ring-cushion-cut-solitaire/white.jpg,"=HYPERLINK(""https://cdn.shopify.com/s/files/1/0544/6408/6189/files/Top_6392_White_00000.jpg?v=1700611430"",""View ring"")",the-paloma-ring-cushion-cut-solitaire
,,,,"=IMAGE(""https://cdn.shopify.com/s/files/1/0544/6408/6189/files/Top_6392_Rose_00000.jpg?v=1700611430"")",Engagement,Rose Gold,The Paloma Ring - Cushion Solitaire,841.00,rose.jpg,images/the-paloma-ring-cushion-cut-solitaire/rose.jpg,"=HYPERLINK(""https://cdn.shopify.com/s/files/1/0544/6408/6189/files/Top_6392_Rose_00000.jpg?v=1700611430"",""View ring"")",the-paloma-ring-cushion-cut-solitaire
,,,,"=IMAGE(""https://cdn.shopify.com/s/files/1/0544/6408/6189/files/Yellow1080_Top_Amira_Ring_pear_00000.jpg?v=1759879250"")",Engagement,Yellow Gold,The Amira Ring™ - Pear with Marquise Accents,1280.00,yellow.jpg,images/the-amira-ring-pear-with-marquise-accents/yellow.jpg,"=HYPERLINK(""https://cdn.shopify.com/s/files/1/0544/6408/6189/files/Yellow1080_Top_Amira_Ring_pear_00000.jpg?v=1759879250"",""View ring"")",the-amira-ring-pear-with-marquise-accents
,,,,,Engagement,White Gold,The Amira Ring™ - Pear with Marquise Accents,1280.00,,,,the-amira-ring-pear-with-marquise-accents
,,,,"=IMAGE(""https://cdn.shopify.com/s/files/1/0544/6408/6189/files/Rose1080_Top_Amira_Ring_pear_00000.jpg?v=1759879250"")",Engagement,Rose Gold,The Amira Ring™ - Pear with Marquise Accents,1280.00,rose.jpg,images/the-amira-ring-pear-with-marquise-accents/rose.jpg,"=HYPERLINK(""https://cdn.shopify.com/s/files/1/0544/6408/6189/files/Rose1080_Top_Amira_Ring_pear_00000.jpg?v=1759879250"",""View ring"")",the-amira-ring-pear-with-marquise-accents
,,,,"=IMAGE(""https://cdn.shopify.com/s/files/1/0544/6408/6189/files/Top_6256_Yellow_00000.jpg?v=1698038756"")",Engagement,Yellow Gold,The Vienna Ring - Radiant Bezel Solitaire,852.00,yellow.jpg,images/the-vienna-ring-radiant-bezel-solitaire/yellow.jpg,"=HYPERLINK(""https://cdn.shopify.com/s/files/1/0544/6408/6189/files/Top_6256_Yellow_00000.jpg?v=1698038756"",""View ring"")",the-vienna-ring-radiant-bezel-solitaire
,,,,"=IMAGE(""https://cdn.shopify.com/s/files/1/0544/6408/6189/files/Top_6256_White_00000.jpg?v=1759880309"")",Engagement,White Gold,The Vienna Ring - Radiant Bezel Solitaire,852.00,white.jpg,images/the-vienna-ring-radiant-bezel-solitaire/white.jpg,"=HYPERLINK(""https://cdn.shopify.com/s/files/1/0544/6408/6189/files/Top_6256_White_00000.jpg?v=1759880309"",""View ring"")",the-vienna-ring-radiant-bezel-solitaire
,,,,"=IMAGE(""https://cdn.shopify.com/s/files/1/0544/6408/6189/files/Top_6256_Rose_00000.jpg?v=1759880309"")",Engagement,Rose Gold,The Vienna Ring - Radiant Bezel Solitaire,852.00,rose.jpg,images/the-vienna-ring-radiant-bezel-solitaire/rose.jpg,"=HYPERLINK(""https://cdn.shopify.com/s/files/1/0544/6408/6189/files/Top_6256_Rose_00000.jpg?v=1759880309"",""View ring"")",the-vienna-ring-radiant-bezel-solitaire
,,,,"=IMAGE(""https://cdn.shopify.com/s/files/1/0544/6408/6189/files/Top_5966_4_Yellow_00000.jpg?v=1696485410"")",Engagement,Yellow Gold,The Blaire Ring - Oval and Round Trilogy,1016.00,yellow.jpg,images/the-blaire-ring-oval-and-round-trilogy/yellow.jpg,"=HYPERLINK(""https://cdn.shopify.com/s/files/1/0544/6408/6189/files/Top_5966_4_Yellow_00000.jpg?v=1696485410"",""View ring"")",the-blaire-ring-oval-and-round-trilogy
,,,,"=IMAGE(""https://cdn.shopify.com/s/files/1/0544/6408/6189/files/Top_5966_4_White_00000.jpg?v=1759878998"")",Engagement,White Gold,The Blaire Ring - Oval and Round Trilogy,1016.00,white.jpg,images/the-blaire-ring-oval-and-round-trilogy/white.jpg,"=HYPERLINK(""https://cdn.shopify.com/s/files/1/0544/6408/6189/files/Top_5966_4_White_00000.jpg?v=1759878998"",""View ring"")",the-blaire-ring-oval-and-round-trilogy
,,,,"=IMAGE(""https://cdn.shopify.com/s/files/1/0544/6408/6189/files/Top_5966_4_Rose_00000.jpg?v=1759878998"")",Engagement,Rose Gold,The Blaire Ring - Oval and Round Trilogy,1016.00,rose.jpg,images/the-blaire-ring-oval-and-round-trilogy/rose.jpg,"=HYPERLINK(""https://cdn.shopify.com/s/files/1/0544/6408/6189/files/Top_5966_4_Rose_00000.jpg?v=1759878998"",""View ring"")",the-blaire-ring-oval-and-round-trilogy
,,,,"=IMAGE(""https://cdn.shopify.com/s/files/1/0544/6408/6189/files/Yellow1080_Top_OvalandMarquiseToiEtMoi_00000.jpg?v=1729208727"")",Engagement,Yellow Gold,The Athaliah Ring - Oval and Marquise Curved Toi et Moi,963.00,yellow.jpg,images/the-athaliah-ring-oval-and-marquise-curved-toi-et-moi/yellow.jpg,"=HYPERLINK(""https://cdn.shopify.com/s/files/1/0544/6408/6189/files/Yellow1080_Top_OvalandMarquiseToiEtMoi_00000.jpg?v=1729208727"",""View ring"")",the-athaliah-ring-oval-and-marquise-curved-toi-et-moi
,,,,"=IMAGE(""https://cdn.shopify.com/s/files/1/0544/6408/6189/files/White1080_Top_OvalandMarquiseToiEtMoi_00000.jpg?v=1729208726"")",Engagement,White Gold,The Athaliah Ring - Oval and Marquise Curved Toi et Moi,963.00,white.jpg,images/the-athaliah-ring-oval-and-marquise-curved-toi-et-moi/white.jpg,"=HYPERLINK(""https://cdn.shopify.com/s/files/1/0544/6408/6189/files/White1080_Top_OvalandMarquiseToiEtMoi_00000.jpg?v=1729208726"",""View ring"")",the-athaliah-ring-oval-and-marquise-curved-toi-et-moi
,,,,"=IMAGE(""https://cdn.shopify.com/s/files/1/0544/6408/6189/files/Rose1080_Top_OvalandMarquiseToiEtMoi_00000.jpg?v=1729208727"")",Engagement,Rose Gold,The Athaliah Ring - Oval and Marquise Curved Toi et Moi,963.00,rose.jpg,images/the-athaliah-ring-oval-and-marquise-curved-toi-et-moi/rose.jpg,"=HYPERLINK(""https://cdn.shopify.com/s/files/1/0544/6408/6189/files/Rose1080_Top_OvalandMarquiseToiEtMoi_00000.jpg?v=1729208727"",""View ring"")",the-athaliah-ring-oval-and-marquise-curved-toi-et-moi
,,,,"=IMAGE(""https://cdn.shopify.com/s/files/1/0544/6408/6189/files/Yellow1080_Top_Amira_Ring_Elonge_Cushion_00000.jpg?v=1742943402"")",Engagement,Yellow Gold,The Amira Ring™ - Elongated Cushion with Marquise Accents,1280.00,yellow.jpg,images/the-amira-ring-elongated-cushion-with-marquise-accents/yellow.jpg,"=HYPERLINK(""https://cdn.shopify.com/s/files/1/0544/6408/6189/files/Yellow1080_Top_Amira_Ring_Elonge_Cushion_00000.jpg?v=1742943402"",""View ring"")",the-amira-ring-elongated-cushion-with-marquise-accents
,,,,,Engagement,White Gold,The Amira Ring™ - Elongated Cushion with Marquise Accents,1280.00,,,,the-amira-ring-elongated-cushion-with-marquise-accents
,,,,"=IMAGE(""https://cdn.shopify.com/s/files/1/0544/6408/6189/files/Rose1080_Top_Amira_Ring_Elonge_Cushion_00000.jpg?v=1742943402"")",Engagement,Rose Gold,The Amira Ring™ - Elongated Cushion with Marquise Accents,1280.00,rose.jpg,images/the-amira-ring-elongated-cushion-with-marquise-accents/rose.jpg,"=HYPERLINK(""https://cdn.shopify.com/s/files/1/0544/6408/6189/files/Rose1080_Top_Amira_Ring_Elonge_Cushion_00000.jpg?v=1742943402"",""View ring"")",the-amira-ring-elongated-cushion-with-marquise-accents
,,,,"=IMAGE(""https://cdn.shopify.com/s/files/1/0544/6408/6189/files/Yellow1080_Top_Oval_00000.jpg?v=1716853099"")",Engagement,Yellow Gold,The Eloise Ring - Oval Antique Halo,1280.00,yellow.jpg,images/the-eloise-ring-oval-antique-halo/yellow.jpg,"=HYPERLINK(""https://cdn.shopify.com/s/files/1/0544/6408/6189/files/Yellow1080_Top_Oval_00000.jpg?v=1716853099"",""View ring"")",the-eloise-ring-oval-antique-halo
,,,,"=IMAGE(""https://cdn.shopify.com/s/files/1/0544/6408/6189/files/White1080_Top_Oval_00000.jpg?v=1716853099"")",Engagement,White Gold,The Eloise Ring - Oval Antique Halo,1280.00,white.jpg,images/the-eloise-ring-oval-antique-halo/white.jpg,"=HYPERLINK(""https://cdn.shopify.com/s/files/1/0544/6408/6189/files/White1080_Top_Oval_00000.jpg?v=1716853099"",""View ring"")",the-eloise-ring-oval-antique-halo
,,,,"=IMAGE(""https://cdn.shopify.com/s/files/1/0544/6408/6189/files/Rose1080_Top_Oval_00000.jpg?v=1716853099"")",Engagement,Rose Gold,The Eloise Ring - Oval Antique Halo,1280.00,rose.jpg,images/the-eloise-ring-oval-antique-halo/rose.jpg,"=HYPERLINK(""https://cdn.shopify.com/s/files/1/0544/6408/6189/files/Rose1080_Top_Oval_00000.jpg?v=1716853099"",""View ring"")",the-eloise-ring-oval-antique-halo
,,,,"=IMAGE(""https://cdn.shopify.com/s/files/1/0544/6408/6189/files/Yellow1080_Top_Florece_radiant_and_pear_00000.jpg?v=1759878864"")",Engagement,Yellow Gold,The Florence Ring - Radiant and Pear Cathedral Trilogy,1227.00,yellow.jpg,images/the-florence-ring-radiant-pear-trilogy/yellow.jpg,"=HYPERLINK(""https://cdn.shopify.com/s/files/1/0544/6408/6189/files/Yellow1080_Top_Florece_radiant_and_pear_00000.jpg?v=1759878864"",""View ring"")",the-florence-ring-radiant-pear-trilogy
,,,,,Engagement,White Gold,The Florence Ring - Radiant and Pear Cathedral Trilogy,1227.00,,,,the-florence-ring-radiant-pear-trilogy
,,,,"=IMAGE(""https://cdn.shopify.com/s/files/1/0544/6408/6189/files/Rose1080_Top_Florece_radiant_and_pear_00000.jpg?v=1759878864"")",Engagement,Rose Gold,The Florence Ring - Radiant and Pear Cathedral Trilogy,1227.00,rose.jpg,images/the-florence-ring-radiant-pear-trilogy/rose.jpg,"=HYPERLINK(""https://cdn.shopify.com/s/files/1/0544/6408/6189/files/Rose1080_Top_Florece_radiant_and_pear_00000.jpg?v=1759878864"",""View ring"")",the-florence-ring-radiant-pear-trilogy
,,,,"=IMAGE(""https://cdn.shopify.com/s/files/1/0544/6408/6189/files/Top_6414_Yellow_00000.jpg?v=1698038111"")",Engagement,Yellow Gold,The Juniper Ring - Ornate Emerald With Accent Stones,968.00,yellow.jpg,images/juniper-ornate-emerald/yellow.jpg,"=HYPERLINK(""https://cdn.shopify.com/s/files/1/0544/6408/6189/files/Top_6414_Yellow_00000.jpg?v=1698038111"",""View ring"")",juniper-ornate-emerald
,,,,"=IMAGE(""https://cdn.shopify.com/s/files/1/0544/6408/6189/files/Top_6414_White_00000.jpg?v=1698038111"")",Engagement,White Gold,The Juniper Ring - Ornate Emerald With Accent Stones,968.00,white.jpg,images/juniper-ornate-emerald/white.jpg,"=HYPERLINK(""https://cdn.shopify.com/s/files/1/0544/6408/6189/files/Top_6414_White_00000.jpg?v=1698038111"",""View ring"")",juniper-ornate-emerald
,,,,"=IMAGE(""https://cdn.shopify.com/s/files/1/0544/6408/6189/files/Top_6414_Rose_00000.jpg?v=1698038111"")",Engagement,Rose Gold,The Juniper Ring - Ornate Emerald With Accent Stones,968.00,rose.jpg,images/juniper-ornate-emerald/rose.jpg,"=HYPERLINK(""https://cdn.shopify.com/s/files/1/0544/6408/6189/files/Top_6414_Rose_00000.jpg?v=1698038111"",""View ring"")",juniper-ornate-emerald
,,,,"=IMAGE(""https://cdn.shopify.com/s/files/1/0544/6408/6189/files/Yellow1080_Top_Aurora_Ring_OV_00000.jpg?v=1759879203"")",Engagement,Yellow Gold,The Aurora Ring - Oval with Round Brilliant Accents,1280.00,yellow.jpg,images/the-aurora-ring-oval-with-round-brilliant-accents/yellow.jpg,"=HYPERLINK(""https://cdn.shopify.com/s/files/1/0544/6408/6189/files/Yellow1080_Top_Aurora_Ring_OV_00000.jpg?v=1759879203"",""View ring"")",the-aurora-ring-oval-with-round-brilliant-accents
,,,,,Engagement,White Gold,The Aurora Ring - Oval with Round Brilliant Accents,1280.00,,,,the-aurora-ring-oval-with-round-brilliant-accents
,,,,"=IMAGE(""https://cdn.shopify.com/s/files/1/0544/6408/6189/files/Rose1080_Top_Aurora_Ring_OV_00000.jpg?v=1759879203"")",Engagement,Rose Gold,The Aurora Ring - Oval with Round Brilliant Accents,1280.00,rose.jpg,images/the-aurora-ring-oval-with-round-brilliant-accents/rose.jpg,"=HYPERLINK(""https://cdn.shopify.com/s/files/1/0544/6408/6189/files/Rose1080_Top_Aurora_Ring_OV_00000.jpg?v=1759879203"",""View ring"")",the-aurora-ring-oval-with-round-brilliant-accents
,,,,"=IMAGE(""https://cdn.shopify.com/s/files/1/0544/6408/6189/files/Yellow1080_Top_Amira_Ring_round_00000.jpg?v=1726342468"")",Engagement,Yellow Gold,The Amira Ring™ - Round with Marquise Accents,1280.00,yellow.jpg,images/the-amira-ring-round-with-marquise-accents/yellow.jpg,"=HYPERLINK(""https://cdn.shopify.com/s/files/1/0544/6408/6189/files/Yellow1080_Top_Amira_Ring_round_00000.jpg?v=1726342468"",""View ring"")",the-amira-ring-round-with-marquise-accents
,,,,,Engagement,White Gold,The Amira Ring™ - Round with Marquise Accents,1280.00,,,,the-amira-ring-round-with-marquise-accents
,,,,"=IMAGE(""https://cdn.shopify.com/s/files/1/0544/6408/6189/files/Rose1080_Top_Amira_Ring_round_00000.jpg?v=1726342468"")",Engagement,Rose Gold,The Amira Ring™ - Round with Marquise Accents,1280.00,rose.jpg,images/the-amira-ring-round-with-marquise-accents/rose.jpg,"=HYPERLINK(""https://cdn.shopify.com/s/files/1/0544/6408/6189/files/Rose1080_Top_Amira_Ring_round_00000.jpg?v=1726342468"",""View ring"")",the-amira-ring-round-with-marquise-accents
,,,,"=IMAGE(""https://cdn.shopify.com/s/files/1/0544/6408/6189/files/Top_8_Yellow_00000.jpg?v=1696478592"")",Engagement,Yellow Gold,The Maya Ring - Round Curved Solitaire,910.00,yellow.jpg,images/the-maya-ring-round-curved-solitaire/yellow.jpg,"=HYPERLINK(""https://cdn.shopify.com/s/files/1/0544/6408/6189/files/Top_8_Yellow_00000.jpg?v=1696478592"",""View ring"")",the-maya-ring-round-curved-solitaire
,,,,"=IMAGE(""https://cdn.shopify.com/s/files/1/0544/6408/6189/files/Top_8_White_00000.jpg?v=1759880745"")",Engagement,White Gold,The Maya Ring - Round Curved Solitaire,910.00,white.jpg,images/the-maya-ring-round-curved-solitaire/white.jpg,"=HYPERLINK(""https://cdn.shopify.com/s/files/1/0544/6408/6189/files/Top_8_White_00000.jpg?v=1759880745"",""View ring"")",the-maya-ring-round-curved-solitaire
,,,,"=IMAGE(""https://cdn.shopify.com/s/files/1/0544/6408/6189/files/Top_8_Rose_00000.jpg?v=1759880745"")",Engagement,Rose Gold,The Maya Ring - Round Curved Solitaire,910.00,rose.jpg,images/the-maya-ring-round-curved-solitaire/rose.jpg,"=HYPERLINK(""https://cdn.shopify.com/s/files/1/0544/6408/6189/files/Top_8_Rose_00000.jpg?v=1759880745"",""View ring"")",the-maya-ring-round-curved-solitaire
,,,,"=IMAGE(""https://cdn.shopify.com/s/files/1/0544/6408/6189/files/Top_6346_Yellow_00000.jpg?v=1700611631"")",Engagement,Yellow Gold,The Paloma Ring - Cushion Cathedral Solitaire,921.00,yellow.jpg,images/the-paloma-ring-cushion-cathedral-solitaire/yellow.jpg,"=HYPERLINK(""https://cdn.shopify.com/s/files/1/0544/6408/6189/files/Top_6346_Yellow_00000.jpg?v=1700611631"",""View ring"")",the-paloma-ring-cushion-cathedral-solitaire
,,,,"=IMAGE(""https://cdn.shopify.com/s/files/1/0544/6408/6189/files/Top_6346_White_00000.jpg?v=1700611631"")",Engagement,White Gold,The Paloma Ring - Cushion Cathedral Solitaire,921.00,white.jpg,images/the-paloma-ring-cushion-cathedral-solitaire/white.jpg,"=HYPERLINK(""https://cdn.shopify.com/s/files/1/0544/6408/6189/files/Top_6346_White_00000.jpg?v=1700611631"",""View ring"")",the-paloma-ring-cushion-cathedral-solitaire
,,,,"=IMAGE(""https://cdn.shopify.com/s/files/1/0544/6408/6189/files/Top_6346_Rose_00000.jpg?v=1700611631"")",Engagement,Rose Gold,The Paloma Ring - Cushion Cathedral Solitaire,921.00,rose.jpg,images/the-paloma-ring-cushion-cathedral-solitaire/rose.jpg,"=HYPERLINK(""https://cdn.shopify.com/s/files/1/0544/6408/6189/files/Top_6346_Rose_00000.jpg?v=1700611631"",""View ring"")",the-paloma-ring-cushion-cathedral-solitaire
,,,,"=IMAGE(""https://cdn.shopify.com/s/files/1/0544/6408/6189/files/Top_5966_3_Yellow_00000.jpg?v=1696484071"")",Engagement,Yellow Gold,The Elora Ring - East-West Oval Solitaire,804.00,yellow.jpg,images/the-elora-ring-east-west-oval-solitaire/yellow.jpg,"=HYPERLINK(""https://cdn.shopify.com/s/files/1/0544/6408/6189/files/Top_5966_3_Yellow_00000.jpg?v=1696484071"",""View ring"")",the-elora-ring-east-west-oval-solitaire
,,,,"=IMAGE(""https://cdn.shopify.com/s/files/1/0544/6408/6189/files/Top_5966_3_White_00000.jpg?v=1738043664"")",Engagement,White Gold,The Elora Ring - East-West Oval Solitaire,804.00,white.jpg,images/the-elora-ring-east-west-oval-solitaire/white.jpg,"=HYPERLINK(""https://cdn.shopify.com/s/files/1/0544/6408/6189/files/Top_5966_3_White_00000.jpg?v=1738043664"",""View ring"")",the-elora-ring-east-west-oval-solitaire
,,,,"=IMAGE(""https://cdn.shopify.com/s/files/1/0544/6408/6189/files/Top_5966_3_Rose_00000.jpg?v=1738043664"")",Engagement,Rose Gold,The Elora Ring - East-West Oval Solitaire,804.00,rose.jpg,images/the-elora-ring-east-west-oval-solitaire/rose.jpg,"=HYPERLINK(""https://cdn.shopify.com/s/files/1/0544/6408/6189/files/Top_5966_3_Rose_00000.jpg?v=1738043664"",""View ring"")",the-elora-ring-east-west-oval-solitaire
,,,,"=IMAGE(""https://cdn.shopify.com/s/files/1/0544/6408/6189/files/Yellow1080_Top_Emerald_00000_eeaaedf5-ca68-4061-a041-af5fb03961b7.jpg?v=1742853989"")",Engagement,Yellow Gold,The Elise Ring - Split Shank Emerald Solitaire,1116.00,yellow.jpg,images/the-elise-ring-split-shank-emerald-solitaire/yellow.jpg,"=HYPERLINK(""https://cdn.shopify.com/s/files/1/0544/6408/6189/files/Yellow1080_Top_Emerald_00000_eeaaedf5-ca68-4061-a041-af5fb03961b7.jpg?v=1742853989"",""View ring"")",the-elise-ring-split-shank-emerald-solitaire
,,,,"=IMAGE(""https://cdn.shopify.com/s/files/1/0544/6408/6189/files/White1080_Top_Emerald_00000_d9be3e02-53bc-4e65-9910-7ed326e64945.jpg?v=1764116589"")",Engagement,White Gold,The Elise Ring - Split Shank Emerald Solitaire,1116.00,white.jpg,images/the-elise-ring-split-shank-emerald-solitaire/white.jpg,"=HYPERLINK(""https://cdn.shopify.com/s/files/1/0544/6408/6189/files/White1080_Top_Emerald_00000_d9be3e02-53bc-4e65-9910-7ed326e64945.jpg?v=1764116589"",""View ring"")",the-elise-ring-split-shank-emerald-solitaire
,,,,"=IMAGE(""https://cdn.shopify.com/s/files/1/0544/6408/6189/files/Rose1080_Top_Emerald_00000_09b95294-4652-4e5a-a8a5-fc8c8342b8ce.jpg?v=1764116589"")",Engagement,Rose Gold,The Elise Ring - Split Shank Emerald Solitaire,1116.00,rose.jpg,images/the-elise-ring-split-shank-emerald-solitaire/rose.jpg,"=HYPERLINK(""https://cdn.shopify.com/s/files/1/0544/6408/6189/files/Rose1080_Top_Emerald_00000_09b95294-4652-4e5a-a8a5-fc8c8342b8ce.jpg?v=1764116589"",""View ring"")",the-elise-ring-split-shank-emerald-solitaire
,,,,"=IMAGE(""https://cdn.shopify.com/s/files/1/0544/6408/6189/files/Yellow1080_Top_Marquisse_00000_9896182f-5962-4cce-b639-fcfa8f8068c8.jpg?v=1742854098"")",Engagement,Yellow Gold,The Elise Ring - Split Shank Marquise Solitaire,1127.00,yellow.jpg,images/the-elise-ring-split-shank-marquise-solitaire/yellow.jpg,"=HYPERLINK(""https://cdn.shopify.com/s/files/1/0544/6408/6189/files/Yellow1080_Top_Marquisse_00000_9896182f-5962-4cce-b639-fcfa8f8068c8.jpg?v=1742854098"",""View ring"")",the-elise-ring-split-shank-marquise-solitaire
,,,,"=IMAGE(""https://cdn.shopify.com/s/files/1/0544/6408/6189/files/White1080_Top_Marquisse_00000_bd31f119-fe7d-48c9-ac9b-041da43723dd.jpg?v=1742854098"")",Engagement,White Gold,The Elise Ring - Split Shank Marquise Solitaire,1127.00,white.jpg,images/the-elise-ring-split-shank-marquise-solitaire/white.jpg,"=HYPERLINK(""https://cdn.shopify.com/s/files/1/0544/6408/6189/files/White1080_Top_Marquisse_00000_bd31f119-fe7d-48c9-ac9b-041da43723dd.jpg?v=1742854098"",""View ring"")",the-elise-ring-split-shank-marquise-solitaire
,,,,"=IMAGE(""https://cdn.shopify.com/s/files/1/0544/6408/6189/files/Rose1080_Top_Marquisse_00000_696ab175-21fd-45be-b69a-5f20369673a6.jpg?v=1742854098"")",Engagement,Rose Gold,The Elise Ring - Split Shank Marquise Solitaire,1127.00,rose.jpg,images/the-elise-ring-split-shank-marquise-solitaire/rose.jpg,"=HYPERLINK(""https://cdn.shopify.com/s/files/1/0544/6408/6189/files/Rose1080_Top_Marquisse_00000_696ab175-21fd-45be-b69a-5f20369673a6.jpg?v=1742854098"",""View ring"")",the-elise-ring-split-shank-marquise-solitaire
,,,,"=IMAGE(""https://cdn.shopify.com/s/files/1/0544/6408/6189/files/Yellow1080_Top_Radiant_00000_8ec1c835-adea-41eb-b98f-922c9ac18bfc.jpg?v=1742854168"")",Engagement,Yellow Gold,The Elise Ring - Split Shank Radiant Solitaire,1127.00,yellow.jpg,images/the-elise-ring-split-shank-radiant-solitaire/yellow.jpg,"=HYPERLINK(""https://cdn.shopify.com/s/files/1/0544/6408/6189/files/Yellow1080_Top_Radiant_00000_8ec1c835-adea-41eb-b98f-922c9ac18bfc.jpg?v=1742854168"",""View ring"")",the-elise-ring-split-shank-radiant-solitaire
,,,,"=IMAGE(""https://cdn.shopify.com/s/files/1/0544/6408/6189/files/White1080_Top_Radiant_00000_832fe2a9-ebd2-471f-a495-292fc4f25ec9.jpg?v=1744773943"")",Engagement,White Gold,The Elise Ring - Split Shank Radiant Solitaire,1127.00,white.jpg,images/the-elise-ring-split-shank-radiant-solitaire/white.jpg,"=HYPERLINK(""https://cdn.shopify.com/s/files/1/0544/6408/6189/files/White1080_Top_Radiant_00000_832fe2a9-ebd2-471f-a495-292fc4f25ec9.jpg?v=1744773943"",""View ring"")",the-elise-ring-split-shank-radiant-solitaire
,,,,"=IMAGE(""https://cdn.shopify.com/s/files/1/0544/6408/6189/files/Rose1080_Top_Radiant_00000_17b1643c-37fb-4804-935e-a2ac49188594.jpg?v=1744773943"")",Engagement,Rose Gold,The Elise Ring - Split Shank Radiant Solitaire,1127.00,rose.jpg,images/the-elise-ring-split-shank-radiant-solitaire/rose.jpg,"=HYPERLINK(""https://cdn.shopify.com/s/files/1/0544/6408/6189/files/Rose1080_Top_Radiant_00000_17b1643c-37fb-4804-935e-a2ac49188594.jpg?v=1744773943"",""View ring"")",the-elise-ring-split-shank-radiant-solitaire
,,,,"=IMAGE(""https://cdn.shopify.com/s/files/1/0544/6408/6189/files/Yellow1080_Top_206_00000.jpg?v=1763707318"")",Engagement,Yellow Gold,The Aleasa Ring - Split Shank East-West Pear Solitaire,1116.00,yellow.jpg,images/the-aleasa-ring-split-shank-east-west-pear-solitaire/yellow.jpg,"=HYPERLINK(""https://cdn.shopify.com/s/files/1/0544/6408/6189/files/Yellow1080_Top_206_00000.jpg?v=1763707318"",""View ring"")",the-aleasa-ring-split-shank-east-west-pear-solitaire
,,,,"=IMAGE(""https://cdn.shopify.com/s/files/1/0544/6408/6189/files/White1080_Top_206_00000.jpg?v=1763707318"")",Engagement,White Gold,The Aleasa Ring - Split Shank East-West Pear Solitaire,1116.00,white.jpg,images/the-aleasa-ring-split-shank-east-west-pear-solitaire/white.jpg,"=HYPERLINK(""https://cdn.shopify.com/s/files/1/0544/6408/6189/files/White1080_Top_206_00000.jpg?v=1763707318"",""View ring"")",the-aleasa-ring-split-shank-east-west-pear-solitaire
,,,,"=IMAGE(""https://cdn.shopify.com/s/files/1/0544/6408/6189/files/Rose1080_Top_206_00000.jpg?v=1763707318"")",Engagement,Rose Gold,The Aleasa Ring - Split Shank East-West Pear Solitaire,1116.00,rose.jpg,images/the-aleasa-ring-split-shank-east-west-pear-solitaire/rose.jpg,"=HYPERLINK(""https://cdn.shopify.com/s/files/1/0544/6408/6189/files/Rose1080_Top_206_00000.jpg?v=1763707318"",""View ring"")",the-aleasa-ring-split-shank-east-west-pear-solitaire
,,,,"=IMAGE(""https://cdn.shopify.com/s/files/1/0544/6408/6189/files/Yellow1080_Top_Radiant_eastwest__00000.jpg?v=1741582513"")",Engagement,Yellow Gold,The Aleasa Ring - Split Shank East-West Radiant Solitaire,1127.00,yellow.jpg,images/the-aleasa-ring-split-shank-east-west-radiant-solitaire/yellow.jpg,"=HYPERLINK(""https://cdn.shopify.com/s/files/1/0544/6408/6189/files/Yellow1080_Top_Radiant_eastwest__00000.jpg?v=1741582513"",""View ring"")",the-aleasa-ring-split-shank-east-west-radiant-solitaire
,,,,"=IMAGE(""https://cdn.shopify.com/s/files/1/0544/6408/6189/files/White1080_Top_Radiant_eastwest__00000.jpg?v=1741582513"")",Engagement,White Gold,The Aleasa Ring - Split Shank East-West Radiant Solitaire,1127.00,white.jpg,images/the-aleasa-ring-split-shank-east-west-radiant-solitaire/white.jpg,"=HYPERLINK(""https://cdn.shopify.com/s/files/1/0544/6408/6189/files/White1080_Top_Radiant_eastwest__00000.jpg?v=1741582513"",""View ring"")",the-aleasa-ring-split-shank-east-west-radiant-solitaire
,,,,"=IMAGE(""https://cdn.shopify.com/s/files/1/0544/6408/6189/files/Rose1080_Top_Radiant_eastwest__00000.jpg?v=1741654114"")",Engagement,Rose Gold,The Aleasa Ring - Split Shank East-West Radiant Solitaire,1127.00,rose.jpg,images/the-aleasa-ring-split-shank-east-west-radiant-solitaire/rose.jpg,"=HYPERLINK(""https://cdn.shopify.com/s/files/1/0544/6408/6189/files/Rose1080_Top_Radiant_eastwest__00000.jpg?v=1741654114"",""View ring"")",the-aleasa-ring-split-shank-east-west-radiant-solitaire
,,,,"=IMAGE(""https://cdn.shopify.com/s/files/1/0544/6408/6189/files/Yellow1080_Top_Oval_east-west__00000.jpg?v=1741581341"")",Engagement,Yellow Gold,The Aleasa Ring - Split Shank East-West Oval Solitaire,1106.00,yellow.jpg,images/the-aleasa-ring-split-shank-east-west-oval-solitaire/yellow.jpg,"=HYPERLINK(""https://cdn.shopify.com/s/files/1/0544/6408/6189/files/Yellow1080_Top_Oval_east-west__00000.jpg?v=1741581341"",""View ring"")",the-aleasa-ring-split-shank-east-west-oval-solitaire
,,,,"=IMAGE(""https://cdn.shopify.com/s/files/1/0544/6408/6189/files/White1080_Top_Oval_east-west__00000.jpg?v=1741581341"")",Engagement,White Gold,The Aleasa Ring - Split Shank East-West Oval Solitaire,1106.00,white.jpg,images/the-aleasa-ring-split-shank-east-west-oval-solitaire/white.jpg,"=HYPERLINK(""https://cdn.shopify.com/s/files/1/0544/6408/6189/files/White1080_Top_Oval_east-west__00000.jpg?v=1741581341"",""View ring"")",the-aleasa-ring-split-shank-east-west-oval-solitaire
,,,,"=IMAGE(""https://cdn.shopify.com/s/files/1/0544/6408/6189/files/Rose1080_Top_Oval_east-west__00000.jpg?v=1741837228"")",Engagement,Rose Gold,The Aleasa Ring - Split Shank East-West Oval Solitaire,1106.00,rose.jpg,images/the-aleasa-ring-split-shank-east-west-oval-solitaire/rose.jpg,"=HYPERLINK(""https://cdn.shopify.com/s/files/1/0544/6408/6189/files/Rose1080_Top_Oval_east-west__00000.jpg?v=1741837228"",""View ring"")",the-aleasa-ring-split-shank-east-west-oval-solitaire
,,,,"=IMAGE(""https://cdn.shopify.com/s/files/1/0544/6408/6189/files/Yellow1080_Top_Marquise_eastwest__00000.jpg?v=1741580857"")",Engagement,Yellow Gold,The Aleasa Ring - Split Shank East-West Marquise Solitaire,1127.00,yellow.jpg,images/the-aleasa-ring-split-shank-east-west-marquise-solitaire/yellow.jpg,"=HYPERLINK(""https://cdn.shopify.com/s/files/1/0544/6408/6189/files/Yellow1080_Top_Marquise_eastwest__00000.jpg?v=1741580857"",""View ring"")",the-aleasa-ring-split-shank-east-west-marquise-solitaire
,,,,"=IMAGE(""https://cdn.shopify.com/s/files/1/0544/6408/6189/files/White1080_Top_Marquise_eastwest__00000.jpg?v=1741580857"")",Engagement,White Gold,The Aleasa Ring - Split Shank East-West Marquise Solitaire,1127.00,white.jpg,images/the-aleasa-ring-split-shank-east-west-marquise-solitaire/white.jpg,"=HYPERLINK(""https://cdn.shopify.com/s/files/1/0544/6408/6189/files/White1080_Top_Marquise_eastwest__00000.jpg?v=1741580857"",""View ring"")",the-aleasa-ring-split-shank-east-west-marquise-solitaire
,,,,"=IMAGE(""https://cdn.shopify.com/s/files/1/0544/6408/6189/files/Rose1080_Top_Marquise_eastwest__00000.jpg?v=1742249898"")",Engagement,Rose Gold,The Aleasa Ring - Split Shank East-West Marquise Solitaire,1127.00,rose.jpg,images/the-aleasa-ring-split-shank-east-west-marquise-solitaire/rose.jpg,"=HYPERLINK(""https://cdn.shopify.com/s/files/1/0544/6408/6189/files/Rose1080_Top_Marquise_eastwest__00000.jpg?v=1742249898"",""View ring"")",the-aleasa-ring-split-shank-east-west-marquise-solitaire
,,,,"=IMAGE(""https://cdn.shopify.com/s/files/1/0544/6408/6189/files/Yellow1080_Top_Emerald_eastwest__00000.jpg?v=1741580272"")",Engagement,Yellow Gold,The Aleasa Ring - Split Shank East-West Emerald Solitaire,1116.00,yellow.jpg,images/the-aleasa-ring-split-shank-east-west-emerald-solitaire/yellow.jpg,"=HYPERLINK(""https://cdn.shopify.com/s/files/1/0544/6408/6189/files/Yellow1080_Top_Emerald_eastwest__00000.jpg?v=1741580272"",""View ring"")",the-aleasa-ring-split-shank-east-west-emerald-solitaire
,,,,"=IMAGE(""https://cdn.shopify.com/s/files/1/0544/6408/6189/files/White1080_Top_Emerald_eastwest__00000.jpg?v=1741580598"")",Engagement,White Gold,The Aleasa Ring - Split Shank East-West Emerald Solitaire,1116.00,white.jpg,images/the-aleasa-ring-split-shank-east-west-emerald-solitaire/white.jpg,"=HYPERLINK(""https://cdn.shopify.com/s/files/1/0544/6408/6189/files/White1080_Top_Emerald_eastwest__00000.jpg?v=1741580598"",""View ring"")",the-aleasa-ring-split-shank-east-west-emerald-solitaire
,,,,"=IMAGE(""https://cdn.shopify.com/s/files/1/0544/6408/6189/files/Rose1080_Top_Emerald_eastwest__00000.jpg?v=1741837156"")",Engagement,Rose Gold,The Aleasa Ring - Split Shank East-West Emerald Solitaire,1116.00,rose.jpg,images/the-aleasa-ring-split-shank-east-west-emerald-solitaire/rose.jpg,"=HYPERLINK(""https://cdn.shopify.com/s/files/1/0544/6408/6189/files/Rose1080_Top_Emerald_eastwest__00000.jpg?v=1741837156"",""View ring"")",the-aleasa-ring-split-shank-east-west-emerald-solitaire
,,,,"=IMAGE(""https://cdn.shopify.com/s/files/1/0544/6408/6189/files/Yellow1080_Top_Elongatedcushion_eastwest__00000.jpg?v=1741579890"")",Engagement,Yellow Gold,The Aleasa Ring - Split Shank East-West Elongated Cushion Solitaire,1116.00,yellow.jpg,images/the-aleasa-ring-split-shank-east-west-elongated-cushion-solitaire/yellow.jpg,"=HYPERLINK(""https://cdn.shopify.com/s/files/1/0544/6408/6189/files/Yellow1080_Top_Elongatedcushion_eastwest__00000.jpg?v=1741579890"",""View ring"")",the-aleasa-ring-split-shank-east-west-elongated-cushion-solitaire
,,,,"=IMAGE(""https://cdn.shopify.com/s/files/1/0544/6408/6189/files/White1080_Top_Elongatedcushion_eastwest__00000.jpg?v=1741657106"")",Engagement,White Gold,The Aleasa Ring - Split Shank East-West Elongated Cushion Solitaire,1116.00,white.jpg,images/the-aleasa-ring-split-shank-east-west-elongated-cushion-solitaire/white.jpg,"=HYPERLINK(""https://cdn.shopify.com/s/files/1/0544/6408/6189/files/White1080_Top_Elongatedcushion_eastwest__00000.jpg?v=1741657106"",""View ring"")",the-aleasa-ring-split-shank-east-west-elongated-cushion-solitaire
,,,,"=IMAGE(""https://cdn.shopify.com/s/files/1/0544/6408/6189/files/Rose1080_Top_Elongatedcushion_eastwest__00000.jpg?v=1741837141"")",Engagement,Rose Gold,The Aleasa Ring - Split Shank East-West Elongated Cushion Solitaire,1116.00,rose.jpg,images/the-aleasa-ring-split-shank-east-west-elongated-cushion-solitaire/rose.jpg,"=HYPERLINK(""https://cdn.shopify.com/s/files/1/0544/6408/6189/files/Rose1080_Top_Elongatedcushion_eastwest__00000.jpg?v=1741837141"",""View ring"")",the-aleasa-ring-split-shank-east-west-elongated-cushion-solitaire
,,,,"=IMAGE(""https://cdn.shopify.com/s/files/1/0544/6408/6189/files/Yellow1080_Top_RoundTrilogy_00000.jpg?v=1741585365"")",Engagement,Yellow Gold,The Oriana Ring - Split Shank Round Trilogy,1709.00,yellow.jpg,images/the-elise-ring-split-shank-round-trilogy/yellow.jpg,"=HYPERLINK(""https://cdn.shopify.com/s/files/1/0544/6408/6189/files/Yellow1080_Top_RoundTrilogy_00000.jpg?v=1741585365"",""View ring"")",the-elise-ring-split-shank-round-trilogy
,,,,"=IMAGE(""https://cdn.shopify.com/s/files/1/0544/6408/6189/files/White1080_Top_RoundTrilogy_00000.jpg?v=1762146472"")",Engagement,White Gold,The Oriana Ring - Split Shank Round Trilogy,1709.00,white.jpg,images/the-elise-ring-split-shank-round-trilogy/white.jpg,"=HYPERLINK(""https://cdn.shopify.com/s/files/1/0544/6408/6189/files/White1080_Top_RoundTrilogy_00000.jpg?v=1762146472"",""View ring"")",the-elise-ring-split-shank-round-trilogy
,,,,"=IMAGE(""https://cdn.shopify.com/s/files/1/0544/6408/6189/files/Rose1080_Top_RoundTrilogy_00000.jpg?v=1762146472"")",Engagement,Rose Gold,The Oriana Ring - Split Shank Round Trilogy,1709.00,rose.jpg,images/the-elise-ring-split-shank-round-trilogy/rose.jpg,"=HYPERLINK(""https://cdn.shopify.com/s/files/1/0544/6408/6189/files/Rose1080_Top_RoundTrilogy_00000.jpg?v=1762146472"",""View ring"")",the-elise-ring-split-shank-round-trilogy
,,,,"=IMAGE(""https://cdn.shopify.com/s/files/1/0544/6408/6189/files/Yellow1080_Top_Cushion_00000_7d589c26-ecdb-462f-a6c3-5bc10de92609.jpg?v=1741579043"")",Engagement,Yellow Gold,The Oriana Ring - Split Shank Elongated Cushion and Cushion Trilogy,1687.00,yellow.jpg,images/the-oriana-ring-split-shank-elongated-cushion-and-cushion-trilogy/yellow.jpg,"=HYPERLINK(""https://cdn.shopify.com/s/files/1/0544/6408/6189/files/Yellow1080_Top_Cushion_00000_7d589c26-ecdb-462f-a6c3-5bc10de92609.jpg?v=1741579043"",""View ring"")",the-oriana-ring-split-shank-elongated-cushion-and-cushion-trilogy
,,,,"=IMAGE(""https://cdn.shopify.com/s/files/1/0544/6408/6189/files/White1080_Top_Cushion_00000_858c4848-455d-4650-8c4b-022b94c1106d.jpg?v=1741579043"")",Engagement,White Gold,The Oriana Ring - Split Shank Elongated Cushion and Cushion Trilogy,1687.00,white.jpg,images/the-oriana-ring-split-shank-elongated-cushion-and-cushion-trilogy/white.jpg,"=HYPERLINK(""https://cdn.shopify.com/s/files/1/0544/6408/6189/files/White1080_Top_Cushion_00000_858c4848-455d-4650-8c4b-022b94c1106d.jpg?v=1741579043"",""View ring"")",the-oriana-ring-split-shank-elongated-cushion-and-cushion-trilogy
,,,,"=IMAGE(""https://cdn.shopify.com/s/files/1/0544/6408/6189/files/Rose1080_Top_Cushion_00000_42b9e07a-6e24-49ce-bda5-0b616be6415a.jpg?v=1742249907"")",Engagement,Rose Gold,The Oriana Ring - Split Shank Elongated Cushion and Cushion Trilogy,1687.00,rose.jpg,images/the-oriana-ring-split-shank-elongated-cushion-and-cushion-trilogy/rose.jpg,"=HYPERLINK(""https://cdn.shopify.com/s/files/1/0544/6408/6189/files/Rose1080_Top_Cushion_00000_42b9e07a-6e24-49ce-bda5-0b616be6415a.jpg?v=1742249907"",""View ring"")",the-oriana-ring-split-shank-elongated-cushion-and-cushion-trilogy
,,,,"=IMAGE(""https://cdn.shopify.com/s/files/1/0544/6408/6189/files/Yellow1080_Top_OvalTrilogy001_00000.jpg?v=1741578206"")",Engagement,Yellow Gold,The Oriana Ring - Split Shank Oval Trilogy,1709.00,yellow.jpg,images/the-oriana-ring-split-shank-oval-trilogy/yellow.jpg,"=HYPERLINK(""https://cdn.shopify.com/s/files/1/0544/6408/6189/files/Yellow1080_Top_OvalTrilogy001_00000.jpg?v=1741578206"",""View ring"")",the-oriana-ring-split-shank-oval-trilogy
,,,,"=IMAGE(""https://cdn.shopify.com/s/files/1/0544/6408/6189/files/White1080_Top_OvalTrilogy001_00000.jpg?v=1744773714"")",Engagement,White Gold,The Oriana Ring - Split Shank Oval Trilogy,1709.00,white.jpg,images/the-oriana-ring-split-shank-oval-trilogy/white.jpg,"=HYPERLINK(""https://cdn.shopify.com/s/files/1/0544/6408/6189/files/White1080_Top_OvalTrilogy001_00000.jpg?v=1744773714"",""View ring"")",the-oriana-ring-split-shank-oval-trilogy
,,,,"=IMAGE(""https://cdn.shopify.com/s/files/1/0544/6408/6189/files/Rose1080_Top_OvalTrilogy001_00000.jpg?v=1744773714"")",Engagement,Rose Gold,The Oriana Ring - Split Shank Oval Trilogy,1709.00,rose.jpg,images/the-oriana-ring-split-shank-oval-trilogy/rose.jpg,"=HYPERLINK(""https://cdn.shopify.com/s/files/1/0544/6408/6189/files/Rose1080_Top_OvalTrilogy001_00000.jpg?v=1744773714"",""View ring"")",the-oriana-ring-split-shank-oval-trilogy
,,,,"=IMAGE(""https://cdn.shopify.com/s/files/1/0544/6408/6189/files/Yellow1080_Top_Squarecushion_00000.jpg?v=1741577111"")",Engagement,Yellow Gold,The Elise Ring - Split Shank Cushion Solitaire,1111.00,yellow.jpg,images/the-elise-ring-split-shank-cushion-solitaire/yellow.jpg,"=HYPERLINK(""https://cdn.shopify.com/s/files/1/0544/6408/6189/files/Yellow1080_Top_Squarecushion_00000.jpg?v=1741577111"",""View ring"")",the-elise-ring-split-shank-cushion-solitaire
,,,,"=IMAGE(""https://cdn.shopify.com/s/files/1/0544/6408/6189/files/White1080_Top_Squarecushion_00000.jpg?v=1741577111"")",Engagement,White Gold,The Elise Ring - Split Shank Cushion Solitaire,1111.00,white.jpg,images/the-elise-ring-split-shank-cushion-solitaire/white.jpg,"=HYPERLINK(""https://cdn.shopify.com/s/files/1/0544/6408/6189/files/White1080_Top_Squarecushion_00000.jpg?v=1741577111"",""View ring"")",the-elise-ring-split-shank-cushion-solitaire
,,,,"=IMAGE(""https://cdn.shopify.com/s/files/1/0544/6408/6189/files/Rose1080_Top_Squarecushion_00000.jpg?v=1741837555"")",Engagement,Rose Gold,The Elise Ring - Split Shank Cushion Solitaire,1111.00,rose.jpg,images/the-elise-ring-split-shank-cushion-solitaire/rose.jpg,"=HYPERLINK(""https://cdn.shopify.com/s/files/1/0544/6408/6189/files/Rose1080_Top_Squarecushion_00000.jpg?v=1741837555"",""View ring"")",the-elise-ring-split-shank-cushion-solitaire
,,,,"=IMAGE(""https://cdn.shopify.com/s/files/1/0544/6408/6189/files/Yellow1080_Top_Asscher_00000_557a6a62-8577-4875-945e-44df061bd51d.jpg?v=1741576324"")",Engagement,Yellow Gold,The Elise Ring - Split Shank Asscher Solitaire,1116.00,yellow.jpg,images/the-elise-ring-split-shank-asscher-solitaire/yellow.jpg,"=HYPERLINK(""https://cdn.shopify.com/s/files/1/0544/6408/6189/files/Yellow1080_Top_Asscher_00000_557a6a62-8577-4875-945e-44df061bd51d.jpg?v=1741576324"",""View ring"")",the-elise-ring-split-shank-asscher-solitaire
,,,,"=IMAGE(""https://cdn.shopify.com/s/files/1/0544/6408/6189/files/White1080_Top_Asscher_00000_eaccb27e-d7d9-4664-a6da-94ae241c12c3.jpg?v=1759878426"")",Engagement,White Gold,The Elise Ring - Split Shank Asscher Solitaire,1116.00,white.jpg,images/the-elise-ring-split-shank-asscher-solitaire/white.jpg,"=HYPERLINK(""https://cdn.shopify.com/s/files/1/0544/6408/6189/files/White1080_Top_Asscher_00000_eaccb27e-d7d9-4664-a6da-94ae241c12c3.jpg?v=1759878426"",""View ring"")",the-elise-ring-split-shank-asscher-solitaire
,,,,"=IMAGE(""https://cdn.shopify.com/s/files/1/0544/6408/6189/files/Rose1080_Top_Asscher_00000_4d93c47e-6153-4bbf-8dbf-07434c1c716a.jpg?v=1759878426"")",Engagement,Rose Gold,The Elise Ring - Split Shank Asscher Solitaire,1116.00,rose.jpg,images/the-elise-ring-split-shank-asscher-solitaire/rose.jpg,"=HYPERLINK(""https://cdn.shopify.com/s/files/1/0544/6408/6189/files/Rose1080_Top_Asscher_00000_4d93c47e-6153-4bbf-8dbf-07434c1c716a.jpg?v=1759878426"",""View ring"")",the-elise-ring-split-shank-asscher-solitaire
,,,,"=IMAGE(""https://cdn.shopify.com/s/files/1/0544/6408/6189/files/Yellow1080_Top_Round_00000_bb7ef11b-6f93-4a55-8cea-4dfb27ad36c0.jpg?v=1741575725"")",Engagement,Yellow Gold,The Elise Ring - Split Shank Round Solitaire,1106.00,yellow.jpg,images/the-elise-ring-split-shank-round-solitaire/yellow.jpg,"=HYPERLINK(""https://cdn.shopify.com/s/files/1/0544/6408/6189/files/Yellow1080_Top_Round_00000_bb7ef11b-6f93-4a55-8cea-4dfb27ad36c0.jpg?v=1741575725"",""View ring"")",the-elise-ring-split-shank-round-solitaire
,,,,"=IMAGE(""https://cdn.shopify.com/s/files/1/0544/6408/6189/files/White1080_Top_Round_00000_a53c42d3-2c7d-4195-98c4-bee8469c4ff1.jpg?v=1761698044"")",Engagement,White Gold,The Elise Ring - Split Shank Round Solitaire,1106.00,white.jpg,images/the-elise-ring-split-shank-round-solitaire/white.jpg,"=HYPERLINK(""https://cdn.shopify.com/s/files/1/0544/6408/6189/files/White1080_Top_Round_00000_a53c42d3-2c7d-4195-98c4-bee8469c4ff1.jpg?v=1761698044"",""View ring"")",the-elise-ring-split-shank-round-solitaire
,,,,"=IMAGE(""https://cdn.shopify.com/s/files/1/0544/6408/6189/files/Rose1080_Top_Round_00000_6cf96375-b3ee-4f47-8924-5e79f8c7ba1a.jpg?v=1761698044"")",Engagement,Rose Gold,The Elise Ring - Split Shank Round Solitaire,1106.00,rose.jpg,images/the-elise-ring-split-shank-round-solitaire/rose.jpg,"=HYPERLINK(""https://cdn.shopify.com/s/files/1/0544/6408/6189/files/Rose1080_Top_Round_00000_6cf96375-b3ee-4f47-8924-5e79f8c7ba1a.jpg?v=1761698044"",""View ring"")",the-elise-ring-split-shank-round-solitaire
,,,,"=IMAGE(""https://cdn.shopify.com/s/files/1/0544/6408/6189/files/Yellow1080_Top_207_00000.jpg?v=1763707091"")",Engagement,Yellow Gold,The Elise Ring - Split Shank Pear Solitaire,1106.00,yellow.jpg,images/the-elise-ring-split-shank-pear-solitaire/yellow.jpg,"=HYPERLINK(""https://cdn.shopify.com/s/files/1/0544/6408/6189/files/Yellow1080_Top_207_00000.jpg?v=1763707091"",""View ring"")",the-elise-ring-split-shank-pear-solitaire
,,,,"=IMAGE(""https://cdn.shopify.com/s/files/1/0544/6408/6189/files/White1080_Top_207_00000.jpg?v=1763707091"")",Engagement,White Gold,The Elise Ring - Split Shank Pear Solitaire,1106.00,white.jpg,images/the-elise-ring-split-shank-pear-solitaire/white.jpg,"=HYPERLINK(""https://cdn.shopify.com/s/files/1/0544/6408/6189/files/White1080_Top_207_00000.jpg?v=1763707091"",""View ring"")",the-elise-ring-split-shank-pear-solitaire
,,,,"=IMAGE(""https://cdn.shopify.com/s/files/1/0544/6408/6189/files/Rose1080_Top_207_00000.jpg?v=1763707091"")",Engagement,Rose Gold,The Elise Ring - Split Shank Pear Solitaire,1106.00,rose.jpg,images/the-elise-ring-split-shank-pear-solitaire/rose.jpg,"=HYPERLINK(""https://cdn.shopify.com/s/files/1/0544/6408/6189/files/Rose1080_Top_207_00000.jpg?v=1763707091"",""View ring"")",the-elise-ring-split-shank-pear-solitaire
,,,,"=IMAGE(""https://cdn.shopify.com/s/files/1/0544/6408/6189/files/Yellow1080_Top_Elongatedcushion_northsouth__00000.jpg?v=1741571861"")",Engagement,Yellow Gold,The Elise Ring - Split Shank Elongated Cushion Solitaire,1127.00,yellow.jpg,images/the-elise-ring-split-shank-elongated-cushion-solitaire/yellow.jpg,"=HYPERLINK(""https://cdn.shopify.com/s/files/1/0544/6408/6189/files/Yellow1080_Top_Elongatedcushion_northsouth__00000.jpg?v=1741571861"",""View ring"")",the-elise-ring-split-shank-elongated-cushion-solitaire
,,,,"=IMAGE(""https://cdn.shopify.com/s/files/1/0544/6408/6189/files/White1080_Top_Elongatedcushion_northsouth__00000.jpg?v=1741572204"")",Engagement,White Gold,The Elise Ring - Split Shank Elongated Cushion Solitaire,1127.00,white.jpg,images/the-elise-ring-split-shank-elongated-cushion-solitaire/white.jpg,"=HYPERLINK(""https://cdn.shopify.com/s/files/1/0544/6408/6189/files/White1080_Top_Elongatedcushion_northsouth__00000.jpg?v=1741572204"",""View ring"")",the-elise-ring-split-shank-elongated-cushion-solitaire
,,,,"=IMAGE(""https://cdn.shopify.com/s/files/1/0544/6408/6189/files/Rose1080_Top_Elongatedcushion_northsouth__00000.jpg?v=1741837375"")",Engagement,Rose Gold,The Elise Ring - Split Shank Elongated Cushion Solitaire,1127.00,rose.jpg,images/the-elise-ring-split-shank-elongated-cushion-solitaire/rose.jpg,"=HYPERLINK(""https://cdn.shopify.com/s/files/1/0544/6408/6189/files/Rose1080_Top_Elongatedcushion_northsouth__00000.jpg?v=1741837375"",""View ring"")",the-elise-ring-split-shank-elongated-cushion-solitaire
,,,,"=IMAGE(""https://cdn.shopify.com/s/files/1/0544/6408/6189/files/Yellow1080_Top_Oval_northsouth__00000.jpg?v=1741570650"")",Engagement,Yellow Gold,The Elise Ring - Split Shank Oval Solitaire,1106.00,yellow.jpg,images/the-elise-ring-split-shank-oval-solitaire/yellow.jpg,"=HYPERLINK(""https://cdn.shopify.com/s/files/1/0544/6408/6189/files/Yellow1080_Top_Oval_northsouth__00000.jpg?v=1741570650"",""View ring"")",the-elise-ring-split-shank-oval-solitaire
,,,,"=IMAGE(""https://cdn.shopify.com/s/files/1/0544/6408/6189/files/White1080_Top_Oval_northsouth__00000.jpg?v=1766450144"")",Engagement,White Gold,The Elise Ring - Split Shank Oval Solitaire,1106.00,white.jpg,images/the-elise-ring-split-shank-oval-solitaire/white.jpg,"=HYPERLINK(""https://cdn.shopify.com/s/files/1/0544/6408/6189/files/White1080_Top_Oval_northsouth__00000.jpg?v=1766450144"",""View ring"")",the-elise-ring-split-shank-oval-solitaire
,,,,"=IMAGE(""https://cdn.shopify.com/s/files/1/0544/6408/6189/files/Rose1080_Top_Oval_northsouth__00000.jpg?v=1766450144"")",Engagement,Rose Gold,The Elise Ring - Split Shank Oval Solitaire,1106.00,rose.jpg,images/the-elise-ring-split-shank-oval-solitaire/rose.jpg,"=HYPERLINK(""https://cdn.shopify.com/s/files/1/0544/6408/6189/files/Rose1080_Top_Oval_northsouth__00000.jpg?v=1766450144"",""View ring"")",the-elise-ring-split-shank-oval-solitaire
,,,,"=IMAGE(""https://cdn.shopify.com/s/files/1/0544/6408/6189/files/Yellow1080_Top_Emerie_oval_and_pear_00000.jpg?v=1726342468"")",Engagement,Yellow Gold,The Emerie Ring - Double Band Oval and Pear Toi Et Moi,1571.00,yellow.jpg,images/the-emerie-ring-oval-pear-toi-et-moi/yellow.jpg,"=HYPERLINK(""https://cdn.shopify.com/s/files/1/0544/6408/6189/files/Yellow1080_Top_Emerie_oval_and_pear_00000.jpg?v=1726342468"",""View ring"")",the-emerie-ring-oval-pear-toi-et-moi
,,,,"=IMAGE(""https://cdn.shopify.com/s/files/1/0544/6408/6189/files/Top_2_White_00000_4adbcfd1-6d52-4280-ab59-a67c6de317d9.jpg?v=1698200841"")",Engagement,White Gold,The Emerie Ring - Double Band Oval and Pear Toi Et Moi,1571.00,white.jpg,images/the-emerie-ring-oval-pear-toi-et-moi/white.jpg,"=HYPERLINK(""https://cdn.shopify.com/s/files/1/0544/6408/6189/files/Top_2_White_00000_4adbcfd1-6d52-4280-ab59-a67c6de317d9.jpg?v=1698200841"",""View ring"")",the-emerie-ring-oval-pear-toi-et-moi
,,,,"=IMAGE(""https://cdn.shopify.com/s/files/1/0544/6408/6189/files/Rose1080_Top_Emerie_oval_and_pear_00000.jpg?v=1726342468"")",Engagement,Rose Gold,The Emerie Ring - Double Band Oval and Pear Toi Et Moi,1571.00,rose.jpg,images/the-emerie-ring-oval-pear-toi-et-moi/rose.jpg,"=HYPERLINK(""https://cdn.shopify.com/s/files/1/0544/6408/6189/files/Rose1080_Top_Emerie_oval_and_pear_00000.jpg?v=1726342468"",""View ring"")",the-emerie-ring-oval-pear-toi-et-moi
,,,,"=IMAGE(""https://cdn.shopify.com/s/files/1/0544/6408/6189/files/Yellow1080_Top_East-WestHorizontalCathedralSolitaireAS_00000.jpg?v=1730090120"")",Engagement,Yellow Gold,The Elmira Ring - East-West Asscher Cathedral Solitaire,905.00,yellow.jpg,images/the-elmira-ring-east-west-asscher-cathedral-solitaire/yellow.jpg,"=HYPERLINK(""https://cdn.shopify.com/s/files/1/0544/6408/6189/files/Yellow1080_Top_East-WestHorizontalCathedralSolitaireAS_00000.jpg?v=1730090120"",""View ring"")",the-elmira-ring-east-west-asscher-cathedral-solitaire
,,,,"=IMAGE(""https://cdn.shopify.com/s/files/1/0544/6408/6189/files/White1080_Top_East-WestHorizontalCathedralSolitaireAS_00000.jpg?v=1738043389"")",Engagement,White Gold,The Elmira Ring - East-West Asscher Cathedral Solitaire,905.00,white.jpg,images/the-elmira-ring-east-west-asscher-cathedral-solitaire/white.jpg,"=HYPERLINK(""https://cdn.shopify.com/s/files/1/0544/6408/6189/files/White1080_Top_East-WestHorizontalCathedralSolitaireAS_00000.jpg?v=1738043389"",""View ring"")",the-elmira-ring-east-west-asscher-cathedral-solitaire
,,,,"=IMAGE(""https://cdn.shopify.com/s/files/1/0544/6408/6189/files/Rose1080_Top_East-WestHorizontalCathedralSolitaireAS_00000.jpg?v=1738043385"")",Engagement,Rose Gold,The Elmira Ring - East-West Asscher Cathedral Solitaire,905.00,rose.jpg,images/the-elmira-ring-east-west-asscher-cathedral-solitaire/rose.jpg,"=HYPERLINK(""https://cdn.shopify.com/s/files/1/0544/6408/6189/files/Rose1080_Top_East-WestHorizontalCathedralSolitaireAS_00000.jpg?v=1738043385"",""View ring"")",the-elmira-ring-east-west-asscher-cathedral-solitaire
,,,,"=IMAGE(""https://cdn.shopify.com/s/files/1/0544/6408/6189/files/Yellow1080_Top_Ovaltwistwithpaveband_00000.jpg?v=1729209167"")",Engagement,Yellow Gold,The Elijah Ring - Floating Oval Solitaire with Pavé Band,1550.00,yellow.jpg,images/the-elijah-ring-floating-oval-solitaire-with-pave-band/yellow.jpg,"=HYPERLINK(""https://cdn.shopify.com/s/files/1/0544/6408/6189/files/Yellow1080_Top_Ovaltwistwithpaveband_00000.jpg?v=1729209167"",""View ring"")",the-elijah-ring-floating-oval-solitaire-with-pave-band
,,,,"=IMAGE(""https://cdn.shopify.com/s/files/1/0544/6408/6189/files/White1080_Top_Ovaltwistwithpaveband_00000.jpg?v=1729209167"")",Engagement,White Gold,The Elijah Ring - Floating Oval Solitaire with Pavé Band,1550.00,white.jpg,images/the-elijah-ring-floating-oval-solitaire-with-pave-band/white.jpg,"=HYPERLINK(""https://cdn.shopify.com/s/files/1/0544/6408/6189/files/White1080_Top_Ovaltwistwithpaveband_00000.jpg?v=1729209167"",""View ring"")",the-elijah-ring-floating-oval-solitaire-with-pave-band
,,,,"=IMAGE(""https://cdn.shopify.com/s/files/1/0544/6408/6189/files/Rose1080_Top_Ovaltwistwithpaveband_00000.jpg?v=1729209166"")",Engagement,Rose Gold,The Elijah Ring - Floating Oval Solitaire with Pavé Band,1550.00,rose.jpg,images/the-elijah-ring-floating-oval-solitaire-with-pave-band/rose.jpg,"=HYPERLINK(""https://cdn.shopify.com/s/files/1/0544/6408/6189/files/Rose1080_Top_Ovaltwistwithpaveband_00000.jpg?v=1729209166"",""View ring"")",the-elijah-ring-floating-oval-solitaire-with-pave-band
,,,,"=IMAGE(""https://cdn.shopify.com/s/files/1/0544/6408/6189/files/Yellow1080_Top_Openovaltwist_00000.jpg?v=1729208862"")",Engagement,Yellow Gold,The Sarina Ring - Floating Oval Solitaire with Twisted Band,1106.00,yellow.jpg,images/the-sarina-ring-floating-oval-solitaire-with-twisted-band/yellow.jpg,"=HYPERLINK(""https://cdn.shopify.com/s/files/1/0544/6408/6189/files/Yellow1080_Top_Openovaltwist_00000.jpg?v=1729208862"",""View ring"")",the-sarina-ring-floating-oval-solitaire-with-twisted-band
,,,,"=IMAGE(""https://cdn.shopify.com/s/files/1/0544/6408/6189/files/White1080_Top_Openovaltwist_00000.jpg?v=1766448264"")",Engagement,White Gold,The Sarina Ring - Floating Oval Solitaire with Twisted Band,1106.00,white.jpg,images/the-sarina-ring-floating-oval-solitaire-with-twisted-band/white.jpg,"=HYPERLINK(""https://cdn.shopify.com/s/files/1/0544/6408/6189/files/White1080_Top_Openovaltwist_00000.jpg?v=1766448264"",""View ring"")",the-sarina-ring-floating-oval-solitaire-with-twisted-band
,,,,"=IMAGE(""https://cdn.shopify.com/s/files/1/0544/6408/6189/files/Rose1080_Top_Openovaltwist_00000.jpg?v=1766448264"")",Engagement,Rose Gold,The Sarina Ring - Floating Oval Solitaire with Twisted Band,1106.00,rose.jpg,images/the-sarina-ring-floating-oval-solitaire-with-twisted-band/rose.jpg,"=HYPERLINK(""https://cdn.shopify.com/s/files/1/0544/6408/6189/files/Rose1080_Top_Openovaltwist_00000.jpg?v=1766448264"",""View ring"")",the-sarina-ring-floating-oval-solitaire-with-twisted-band
,,,,"=IMAGE(""https://cdn.shopify.com/s/files/1/0544/6408/6189/files/Yellow1080_Top_Amira_Ring_emerald_00000.jpg?v=1770094866"")",Engagement,Yellow Gold,The Amira Ring™ - Emerald with Marquise Accents,1280.00,yellow.jpg,images/the-amira-ring-emerald-with-marquise-accents/yellow.jpg,"=HYPERLINK(""https://cdn.shopify.com/s/files/1/0544/6408/6189/files/Yellow1080_Top_Amira_Ring_emerald_00000.jpg?v=1770094866"",""View ring"")",the-amira-ring-emerald-with-marquise-accents
,,,,,Engagement,White Gold,The Amira Ring™ - Emerald with Marquise Accents,1280.00,,,,the-amira-ring-emerald-with-marquise-accents
,,,,"=IMAGE(""https://cdn.shopify.com/s/files/1/0544/6408/6189/files/Rose1080_Top_Amira_Ring_emerald_00000.jpg?v=1770094866"")",Engagement,Rose Gold,The Amira Ring™ - Emerald with Marquise Accents,1280.00,rose.jpg,images/the-amira-ring-emerald-with-marquise-accents/rose.jpg,"=HYPERLINK(""https://cdn.shopify.com/s/files/1/0544/6408/6189/files/Rose1080_Top_Amira_Ring_emerald_00000.jpg?v=1770094866"",""View ring"")",the-amira-ring-emerald-with-marquise-accents
,,,,"=IMAGE(""https://cdn.shopify.com/s/files/1/0544/6408/6189/files/Yellow1080_Top_Noa_ring_00000.jpg?v=1738103793"")",Engagement,Yellow Gold,The Noa Ring - Radiant and Trilliant Trilogy,1386.00,yellow.jpg,images/the-noa-ring-radiant-and-trilliant-trilogy/yellow.jpg,"=HYPERLINK(""https://cdn.shopify.com/s/files/1/0544/6408/6189/files/Yellow1080_Top_Noa_ring_00000.jpg?v=1738103793"",""View ring"")",the-noa-ring-radiant-and-trilliant-trilogy
,,,,"=IMAGE(""https://cdn.shopify.com/s/files/1/0544/6408/6189/files/White1080_Top_DESIGNSTYLE03Radiant_00000.jpg?v=1738103793"")",Engagement,White Gold,The Noa Ring - Radiant and Trilliant Trilogy,1386.00,white.jpg,images/the-noa-ring-radiant-and-trilliant-trilogy/white.jpg,"=HYPERLINK(""https://cdn.shopify.com/s/files/1/0544/6408/6189/files/White1080_Top_DESIGNSTYLE03Radiant_00000.jpg?v=1738103793"",""View ring"")",the-noa-ring-radiant-and-trilliant-trilogy
,,,,"=IMAGE(""https://cdn.shopify.com/s/files/1/0544/6408/6189/files/Rose1080_Top_Noa_ring_00000.jpg?v=1738103793"")",Engagement,Rose Gold,The Noa Ring - Radiant and Trilliant Trilogy,1386.00,rose.jpg,images/the-noa-ring-radiant-and-trilliant-trilogy/rose.jpg,"=HYPERLINK(""https://cdn.shopify.com/s/files/1/0544/6408/6189/files/Rose1080_Top_Noa_ring_00000.jpg?v=1738103793"",""View ring"")",the-noa-ring-radiant-and-trilliant-trilogy
,,,,"=IMAGE(""https://cdn.shopify.com/s/files/1/0544/6408/6189/files/Yellow1080_Top_Anya_Ring_00000.jpg?v=1726342468"")",Engagement,Yellow Gold,The Anya Ring - Oval and Half Moon Trilogy,1280.00,yellow.jpg,images/the-anya-ring-oval-and-half-moon-trilogy/yellow.jpg,"=HYPERLINK(""https://cdn.shopify.com/s/files/1/0544/6408/6189/files/Yellow1080_Top_Anya_Ring_00000.jpg?v=1726342468"",""View ring"")",the-anya-ring-oval-and-half-moon-trilogy
,,,,"=IMAGE(""https://cdn.shopify.com/s/files/1/0544/6408/6189/files/White1080_Top_DESIGNSTYLE03Oval_00000.jpg?v=1722995027"")",Engagement,White Gold,The Anya Ring - Oval and Half Moon Trilogy,1280.00,white.jpg,images/the-anya-ring-oval-and-half-moon-trilogy/white.jpg,"=HYPERLINK(""https://cdn.shopify.com/s/files/1/0544/6408/6189/files/White1080_Top_DESIGNSTYLE03Oval_00000.jpg?v=1722995027"",""View ring"")",the-anya-ring-oval-and-half-moon-trilogy
,,,,"=IMAGE(""https://cdn.shopify.com/s/files/1/0544/6408/6189/files/Rose1080_Top_Anya_Ring_00000.jpg?v=1726342469"")",Engagement,Rose Gold,The Anya Ring - Oval and Half Moon Trilogy,1280.00,rose.jpg,images/the-anya-ring-oval-and-half-moon-trilogy/rose.jpg,"=HYPERLINK(""https://cdn.shopify.com/s/files/1/0544/6408/6189/files/Rose1080_Top_Anya_Ring_00000.jpg?v=1726342469"",""View ring"")",the-anya-ring-oval-and-half-moon-trilogy
,,,,"=IMAGE(""https://cdn.shopify.com/s/files/1/0544/6408/6189/files/Yellow1080_Top_Ludae_ring_MQ_00000.jpg?v=1737508407"")",Engagement,Yellow Gold,The Ludae Ring - Marquise Cigar Solitaire,1201.00,yellow.jpg,images/the-ludae-ring-marquise-cigar-solitaire/yellow.jpg,"=HYPERLINK(""https://cdn.shopify.com/s/files/1/0544/6408/6189/files/Yellow1080_Top_Ludae_ring_MQ_00000.jpg?v=1737508407"",""View ring"")",the-ludae-ring-marquise-cigar-solitaire
,,,,"=IMAGE(""https://cdn.shopify.com/s/files/1/0544/6408/6189/files/White1080_Top_Cigarbandmarquise_00000.jpg?v=1737508407"")",Engagement,White Gold,The Ludae Ring - Marquise Cigar Solitaire,1201.00,white.jpg,images/the-ludae-ring-marquise-cigar-solitaire/white.jpg,"=HYPERLINK(""https://cdn.shopify.com/s/files/1/0544/6408/6189/files/White1080_Top_Cigarbandmarquise_00000.jpg?v=1737508407"",""View ring"")",the-ludae-ring-marquise-cigar-solitaire
,,,,"=IMAGE(""https://cdn.shopify.com/s/files/1/0544/6408/6189/files/Rose1080_Top_Ludae_ring_MQ_00000.jpg?v=1737508407"")",Engagement,Rose Gold,The Ludae Ring - Marquise Cigar Solitaire,1201.00,rose.jpg,images/the-ludae-ring-marquise-cigar-solitaire/rose.jpg,"=HYPERLINK(""https://cdn.shopify.com/s/files/1/0544/6408/6189/files/Rose1080_Top_Ludae_ring_MQ_00000.jpg?v=1737508407"",""View ring"")",the-ludae-ring-marquise-cigar-solitaire
,,,,"=IMAGE(""https://cdn.shopify.com/s/files/1/0544/6408/6189/files/Yellow1080_Top_Cigarbandoval_00000.jpg?v=1722220529"")",Engagement,Yellow Gold,The Ludae Ring - Oval Cigar Solitaire,1201.00,yellow.jpg,images/the-ludae-ring-oval-cigar-solitaire/yellow.jpg,"=HYPERLINK(""https://cdn.shopify.com/s/files/1/0544/6408/6189/files/Yellow1080_Top_Cigarbandoval_00000.jpg?v=1722220529"",""View ring"")",the-ludae-ring-oval-cigar-solitaire
,,,,"=IMAGE(""https://cdn.shopify.com/s/files/1/0544/6408/6189/files/White1080_Top_Cigarbandoval_00000.jpg?v=1722220529"")",Engagement,White Gold,The Ludae Ring - Oval Cigar Solitaire,1201.00,white.jpg,images/the-ludae-ring-oval-cigar-solitaire/white.jpg,"=HYPERLINK(""https://cdn.shopify.com/s/files/1/0544/6408/6189/files/White1080_Top_Cigarbandoval_00000.jpg?v=1722220529"",""View ring"")",the-ludae-ring-oval-cigar-solitaire
,,,,"=IMAGE(""https://cdn.shopify.com/s/files/1/0544/6408/6189/files/Rose1080_Top_Cigarbandoval_00000.jpg?v=1722220529"")",Engagement,Rose Gold,The Ludae Ring - Oval Cigar Solitaire,1201.00,rose.jpg,images/the-ludae-ring-oval-cigar-solitaire/rose.jpg,"=HYPERLINK(""https://cdn.shopify.com/s/files/1/0544/6408/6189/files/Rose1080_Top_Cigarbandoval_00000.jpg?v=1722220529"",""View ring"")",the-ludae-ring-oval-cigar-solitaire
,,,,"=IMAGE(""https://cdn.shopify.com/s/files/1/0544/6408/6189/files/Yellow1080_Top_Radiant_00000.jpg?v=1716857524"")",Engagement,Yellow Gold,The Eloise Ring - Radiant Antique Halo,1280.00,yellow.jpg,images/the-eloise-ring-radiant-antique-halo/yellow.jpg,"=HYPERLINK(""https://cdn.shopify.com/s/files/1/0544/6408/6189/files/Yellow1080_Top_Radiant_00000.jpg?v=1716857524"",""View ring"")",the-eloise-ring-radiant-antique-halo
,,,,"=IMAGE(""https://cdn.shopify.com/s/files/1/0544/6408/6189/files/White1080_Top_Radiant_00000.jpg?v=1740032012"")",Engagement,White Gold,The Eloise Ring - Radiant Antique Halo,1280.00,white.jpg,images/the-eloise-ring-radiant-antique-halo/white.jpg,"=HYPERLINK(""https://cdn.shopify.com/s/files/1/0544/6408/6189/files/White1080_Top_Radiant_00000.jpg?v=1740032012"",""View ring"")",the-eloise-ring-radiant-antique-halo
,,,,"=IMAGE(""https://cdn.shopify.com/s/files/1/0544/6408/6189/files/Rose1080_Top_Radiant_00000.jpg?v=1740032012"")",Engagement,Rose Gold,The Eloise Ring - Radiant Antique Halo,1280.00,rose.jpg,images/the-eloise-ring-radiant-antique-halo/rose.jpg,"=HYPERLINK(""https://cdn.shopify.com/s/files/1/0544/6408/6189/files/Rose1080_Top_Radiant_00000.jpg?v=1740032012"",""View ring"")",the-eloise-ring-radiant-antique-halo
,,,,"=IMAGE(""https://cdn.shopify.com/s/files/1/0544/6408/6189/files/Top_Oval_Yellow_00000.jpg?v=1696806509"")",Engagement,Yellow Gold,The Emerie Ring - Oval Double Band Solitaire,1465.00,yellow.jpg,images/the-emerie-ring-oval-solitaire/yellow.jpg,"=HYPERLINK(""https://cdn.shopify.com/s/files/1/0544/6408/6189/files/Top_Oval_Yellow_00000.jpg?v=1696806509"",""View ring"")",the-emerie-ring-oval-solitaire
,,,,"=IMAGE(""https://cdn.shopify.com/s/files/1/0544/6408/6189/files/Top_Oval_White_00000.jpg?v=1698199361"")",Engagement,White Gold,The Emerie Ring - Oval Double Band Solitaire,1465.00,white.jpg,images/the-emerie-ring-oval-solitaire/white.jpg,"=HYPERLINK(""https://cdn.shopify.com/s/files/1/0544/6408/6189/files/Top_Oval_White_00000.jpg?v=1698199361"",""View ring"")",the-emerie-ring-oval-solitaire
,,,,"=IMAGE(""https://cdn.shopify.com/s/files/1/0544/6408/6189/files/Top_Oval_Rose_00000.jpg?v=1698199361"")",Engagement,Rose Gold,The Emerie Ring - Oval Double Band Solitaire,1465.00,rose.jpg,images/the-emerie-ring-oval-solitaire/rose.jpg,"=HYPERLINK(""https://cdn.shopify.com/s/files/1/0544/6408/6189/files/Top_Oval_Rose_00000.jpg?v=1698199361"",""View ring"")",the-emerie-ring-oval-solitaire
,,,,"=IMAGE(""https://cdn.shopify.com/s/files/1/0544/6408/6189/files/Yellow1080_Top_Altehea_ring_00000.jpg?v=1776304059"")",Engagement,Yellow Gold,The Althea Ring - Oval Cluster,1317.00,yellow.jpg,images/the-althea-ring-oval-trilogy-cluster/yellow.jpg,"=HYPERLINK(""https://cdn.shopify.com/s/files/1/0544/6408/6189/files/Yellow1080_Top_Altehea_ring_00000.jpg?v=1776304059"",""View ring"")",the-althea-ring-oval-trilogy-cluster
,,,,,Engagement,White Gold,The Althea Ring - Oval Cluster,1317.00,,,,the-althea-ring-oval-trilogy-cluster
,,,,"=IMAGE(""https://cdn.shopify.com/s/files/1/0544/6408/6189/files/Rose1080_Top_Altehea_ring_00000.jpg?v=1776304059"")",Engagement,Rose Gold,The Althea Ring - Oval Cluster,1317.00,rose.jpg,images/the-althea-ring-oval-trilogy-cluster/rose.jpg,"=HYPERLINK(""https://cdn.shopify.com/s/files/1/0544/6408/6189/files/Rose1080_Top_Altehea_ring_00000.jpg?v=1776304059"",""View ring"")",the-althea-ring-oval-trilogy-cluster
,,,,"=IMAGE(""https://cdn.shopify.com/s/files/1/0544/6408/6189/files/Yellow1080_Top_Astraea_ring_00000.jpg?v=1726342469"")",Engagement,Yellow Gold,The Astraea Ring - Round Brilliant Cluster,1291.00,yellow.jpg,images/the-astraea-ring-round-brilliant-trilogy-cluster/yellow.jpg,"=HYPERLINK(""https://cdn.shopify.com/s/files/1/0544/6408/6189/files/Yellow1080_Top_Astraea_ring_00000.jpg?v=1726342469"",""View ring"")",the-astraea-ring-round-brilliant-trilogy-cluster
,,,,,Engagement,White Gold,The Astraea Ring - Round Brilliant Cluster,1291.00,,,,the-astraea-ring-round-brilliant-trilogy-cluster
,,,,"=IMAGE(""https://cdn.shopify.com/s/files/1/0544/6408/6189/files/Rose1080_Top_Astraea_ring_00000.jpg?v=1726342469"")",Engagement,Rose Gold,The Astraea Ring - Round Brilliant Cluster,1291.00,rose.jpg,images/the-astraea-ring-round-brilliant-trilogy-cluster/rose.jpg,"=HYPERLINK(""https://cdn.shopify.com/s/files/1/0544/6408/6189/files/Rose1080_Top_Astraea_ring_00000.jpg?v=1726342469"",""View ring"")",the-astraea-ring-round-brilliant-trilogy-cluster
,,,,"=IMAGE(""https://cdn.shopify.com/s/files/1/0544/6408/6189/files/Top_5823_Yellow_00000.jpg?v=1696482479"")",Engagement,Yellow Gold,The Luise Ring® - Oval Halo,1106.00,yellow.jpg,images/the-luise-ring-oval-halo/yellow.jpg,"=HYPERLINK(""https://cdn.shopify.com/s/files/1/0544/6408/6189/files/Top_5823_Yellow_00000.jpg?v=1696482479"",""View ring"")",the-luise-ring-oval-halo
,,,,"=IMAGE(""https://cdn.shopify.com/s/files/1/0544/6408/6189/files/Top_5823_White_00000.jpg?v=1766449543"")",Engagement,White Gold,The Luise Ring® - Oval Halo,1106.00,white.jpg,images/the-luise-ring-oval-halo/white.jpg,"=HYPERLINK(""https://cdn.shopify.com/s/files/1/0544/6408/6189/files/Top_5823_White_00000.jpg?v=1766449543"",""View ring"")",the-luise-ring-oval-halo
,,,,"=IMAGE(""https://cdn.shopify.com/s/files/1/0544/6408/6189/files/Top_5823_Rose_00000.jpg?v=1766449543"")",Engagement,Rose Gold,The Luise Ring® - Oval Halo,1106.00,rose.jpg,images/the-luise-ring-oval-halo/rose.jpg,"=HYPERLINK(""https://cdn.shopify.com/s/files/1/0544/6408/6189/files/Top_5823_Rose_00000.jpg?v=1766449543"",""View ring"")",the-luise-ring-oval-halo
,,,,"=IMAGE(""https://cdn.shopify.com/s/files/1/0544/6408/6189/files/Top_5841_Yellow_00000.jpg?v=1700183818"")",Engagement,Yellow Gold,The Sophia Ring - Pear Halo,1249.00,yellow.jpg,images/the-sophia-ring-pear-halo/yellow.jpg,"=HYPERLINK(""https://cdn.shopify.com/s/files/1/0544/6408/6189/files/Top_5841_Yellow_00000.jpg?v=1700183818"",""View ring"")",the-sophia-ring-pear-halo
,,,,"=IMAGE(""https://cdn.shopify.com/s/files/1/0544/6408/6189/files/Top_5841_White_00000.jpg?v=1700183818"")",Engagement,White Gold,The Sophia Ring - Pear Halo,1249.00,white.jpg,images/the-sophia-ring-pear-halo/white.jpg,"=HYPERLINK(""https://cdn.shopify.com/s/files/1/0544/6408/6189/files/Top_5841_White_00000.jpg?v=1700183818"",""View ring"")",the-sophia-ring-pear-halo
,,,,"=IMAGE(""https://cdn.shopify.com/s/files/1/0544/6408/6189/files/Top_5841_Rose_00000.jpg?v=1700183818"")",Engagement,Rose Gold,The Sophia Ring - Pear Halo,1249.00,rose.jpg,images/the-sophia-ring-pear-halo/rose.jpg,"=HYPERLINK(""https://cdn.shopify.com/s/files/1/0544/6408/6189/files/Top_5841_Rose_00000.jpg?v=1700183818"",""View ring"")",the-sophia-ring-pear-halo
,,,,"=IMAGE(""https://cdn.shopify.com/s/files/1/0544/6408/6189/files/Top_5744_Yellow_00000.jpg?v=1698040705"")",Engagement,Yellow Gold,The Isla Ring - Round Halo,1211.00,yellow.jpg,images/the-isla-ring-round-brilliant-halo/yellow.jpg,"=HYPERLINK(""https://cdn.shopify.com/s/files/1/0544/6408/6189/files/Top_5744_Yellow_00000.jpg?v=1698040705"",""View ring"")",the-isla-ring-round-brilliant-halo
,,,,"=IMAGE(""https://cdn.shopify.com/s/files/1/0544/6408/6189/files/Top_5744_White_00000.jpg?v=1698040705"")",Engagement,White Gold,The Isla Ring - Round Halo,1211.00,white.jpg,images/the-isla-ring-round-brilliant-halo/white.jpg,"=HYPERLINK(""https://cdn.shopify.com/s/files/1/0544/6408/6189/files/Top_5744_White_00000.jpg?v=1698040705"",""View ring"")",the-isla-ring-round-brilliant-halo
,,,,"=IMAGE(""https://cdn.shopify.com/s/files/1/0544/6408/6189/files/Top_5744_Rose_00000.jpg?v=1698040705"")",Engagement,Rose Gold,The Isla Ring - Round Halo,1211.00,rose.jpg,images/the-isla-ring-round-brilliant-halo/rose.jpg,"=HYPERLINK(""https://cdn.shopify.com/s/files/1/0544/6408/6189/files/Top_5744_Rose_00000.jpg?v=1698040705"",""View ring"")",the-isla-ring-round-brilliant-halo
,,,,"=IMAGE(""https://cdn.shopify.com/s/files/1/0544/6408/6189/files/Top_6414_2_Yellow_00000.jpg?v=1698037960"")",Engagement,Yellow Gold,The Audrey Ring - Emerald Halo,1249.00,yellow.jpg,images/the-audrey-ring-emerald-halo/yellow.jpg,"=HYPERLINK(""https://cdn.shopify.com/s/files/1/0544/6408/6189/files/Top_6414_2_Yellow_00000.jpg?v=1698037960"",""View ring"")",the-audrey-ring-emerald-halo
,,,,"=IMAGE(""https://cdn.shopify.com/s/files/1/0544/6408/6189/files/Top_6414_2_White_00000.jpg?v=1698037960"")",Engagement,White Gold,The Audrey Ring - Emerald Halo,1249.00,white.jpg,images/the-audrey-ring-emerald-halo/white.jpg,"=HYPERLINK(""https://cdn.shopify.com/s/files/1/0544/6408/6189/files/Top_6414_2_White_00000.jpg?v=1698037960"",""View ring"")",the-audrey-ring-emerald-halo
,,,,"=IMAGE(""https://cdn.shopify.com/s/files/1/0544/6408/6189/files/Top_6414_2_Rose_00000.jpg?v=1698037960"")",Engagement,Rose Gold,The Audrey Ring - Emerald Halo,1249.00,rose.jpg,images/the-audrey-ring-emerald-halo/rose.jpg,"=HYPERLINK(""https://cdn.shopify.com/s/files/1/0544/6408/6189/files/Top_6414_2_Rose_00000.jpg?v=1698037960"",""View ring"")",the-audrey-ring-emerald-halo
,,,,,Engagement,Yellow Gold,The Audrey Ring - 1.52ct Lab Diamond Emerald Cathedral Solitaire With Hidden Halo,2581.00,,,,the-audrey-ring-1-52ct-lab-grown-emerald-cathedral-solitaire-with-hidden-halo-1
,,,,"=IMAGE(""https://cdn.shopify.com/s/files/1/0544/6408/6189/files/Top_6228_White_00000_b12874e1-dff2-4e74-bed2-f3313bac0f1d.jpg?v=1759467247"")",Engagement,White Gold,The Audrey Ring - 1.52ct Lab Diamond Emerald Cathedral Solitaire With Hidden Halo,2581.00,white.jpg,images/the-audrey-ring-1-52ct-lab-grown-emerald-cathedral-solitaire-with-hidden-halo-1/white.jpg,"=HYPERLINK(""https://cdn.shopify.com/s/files/1/0544/6408/6189/files/Top_6228_White_00000_b12874e1-dff2-4e74-bed2-f3313bac0f1d.jpg?v=1759467247"",""View ring"")",the-audrey-ring-1-52ct-lab-grown-emerald-cathedral-solitaire-with-hidden-halo-1
,,,,,Engagement,Rose Gold,The Audrey Ring - 1.52ct Lab Diamond Emerald Cathedral Solitaire With Hidden Halo,2581.00,,,,the-audrey-ring-1-52ct-lab-grown-emerald-cathedral-solitaire-with-hidden-halo-1
,,,,"=IMAGE(""https://cdn.shopify.com/s/files/1/0544/6408/6189/files/Top_6140_Yellow_00000_45152a82-767a-4090-b606-954339c0d26f.jpg?v=1759467257"")",Engagement,Yellow Gold,The Isla Ring - 1.5ct Moissanite Round Cathedral Solitaire,1518.00,yellow.jpg,images/the-isla-ring-1-5ct-round-moissanite-cathedral-solitaire-2/yellow.jpg,"=HYPERLINK(""https://cdn.shopify.com/s/files/1/0544/6408/6189/files/Top_6140_Yellow_00000_45152a82-767a-4090-b606-954339c0d26f.jpg?v=1759467257"",""View ring"")",the-isla-ring-1-5ct-round-moissanite-cathedral-solitaire-2
,,,,,Engagement,White Gold,The Isla Ring - 1.5ct Moissanite Round Cathedral Solitaire,1518.00,,,,the-isla-ring-1-5ct-round-moissanite-cathedral-solitaire-2
,,,,,Engagement,Rose Gold,The Isla Ring - 1.5ct Moissanite Round Cathedral Solitaire,1518.00,,,,the-isla-ring-1-5ct-round-moissanite-cathedral-solitaire-2
,,,,"=IMAGE(""https://cdn.shopify.com/s/files/1/0544/6408/6189/files/Top_6228_Yellow_00000_f4c80267-db8e-4a76-95bb-2b533e9de36e.jpg?v=1759467110"")",Engagement,Yellow Gold,The Audrey Ring - 1.9ct Moissanite Emerald Cathedral Solitaire,1867.00,yellow.jpg,images/the-audrey-ring-1-9ct-moissanite-emerald-cathedral-solitaire-copy/yellow.jpg,"=HYPERLINK(""https://cdn.shopify.com/s/files/1/0544/6408/6189/files/Top_6228_Yellow_00000_f4c80267-db8e-4a76-95bb-2b533e9de36e.jpg?v=1759467110"",""View ring"")",the-audrey-ring-1-9ct-moissanite-emerald-cathedral-solitaire-copy
,,,,,Engagement,White Gold,The Audrey Ring - 1.9ct Moissanite Emerald Cathedral Solitaire,1867.00,,,,the-audrey-ring-1-9ct-moissanite-emerald-cathedral-solitaire-copy
,,,,,Engagement,Rose Gold,The Audrey Ring - 1.9ct Moissanite Emerald Cathedral Solitaire,1867.00,,,,the-audrey-ring-1-9ct-moissanite-emerald-cathedral-solitaire-copy
,,,,"=IMAGE(""https://cdn.shopify.com/s/files/1/0544/6408/6189/files/Yellow1080_Top_emerald_2Collor_00000.jpg?v=1757048941"")",Engagement,Yellow Gold,The Florence Ring - Emerald and Pear Cathedral Trilogy,1227.00,yellow.jpg,images/the-florence-ring-emerald-pear-trilogy/yellow.jpg,"=HYPERLINK(""https://cdn.shopify.com/s/files/1/0544/6408/6189/files/Yellow1080_Top_emerald_2Collor_00000.jpg?v=1757048941"",""View ring"")",the-florence-ring-emerald-pear-trilogy
,,,,"=IMAGE(""https://cdn.shopify.com/s/files/1/0544/6408/6189/files/White1080_Top_emerald_00000_fb78f9c4-06b6-40c0-bb84-ad1a86def77c.jpg?v=1757048941"")",Engagement,White Gold,The Florence Ring - Emerald and Pear Cathedral Trilogy,1227.00,white.jpg,images/the-florence-ring-emerald-pear-trilogy/white.jpg,"=HYPERLINK(""https://cdn.shopify.com/s/files/1/0544/6408/6189/files/White1080_Top_emerald_00000_fb78f9c4-06b6-40c0-bb84-ad1a86def77c.jpg?v=1757048941"",""View ring"")",the-florence-ring-emerald-pear-trilogy
,,,,"=IMAGE(""https://cdn.shopify.com/s/files/1/0544/6408/6189/files/Rose1080_Top_emerald_2Collor_00000.jpg?v=1757048941"")",Engagement,Rose Gold,The Florence Ring - Emerald and Pear Cathedral Trilogy,1227.00,rose.jpg,images/the-florence-ring-emerald-pear-trilogy/rose.jpg,"=HYPERLINK(""https://cdn.shopify.com/s/files/1/0544/6408/6189/files/Rose1080_Top_emerald_2Collor_00000.jpg?v=1757048941"",""View ring"")",the-florence-ring-emerald-pear-trilogy
,,,,,Engagement,Yellow Gold,The Arie Ring - 2.4ct Moissanite Marquise Solitaire,1677.00,,,,the-arie-ring-2-4ct-moissanite-marquise-solitaire-1
,,,,,Engagement,White Gold,The Arie Ring - 2.4ct Moissanite Marquise Solitaire,1677.00,,,,the-arie-ring-2-4ct-moissanite-marquise-solitaire-1
,,,,"=IMAGE(""https://cdn.shopify.com/s/files/1/0544/6408/6189/files/Top_6367marquise6prong13x6_Rose_00000_1b7a9cff-e14c-435c-a0d0-417981e5a93b.jpg?v=1759467193"")",Engagement,Rose Gold,The Arie Ring - 2.4ct Moissanite Marquise Solitaire,1677.00,rose.jpg,images/the-arie-ring-2-4ct-moissanite-marquise-solitaire-1/rose.jpg,"=HYPERLINK(""https://cdn.shopify.com/s/files/1/0544/6408/6189/files/Top_6367marquise6prong13x6_Rose_00000_1b7a9cff-e14c-435c-a0d0-417981e5a93b.jpg?v=1759467193"",""View ring"")",the-arie-ring-2-4ct-moissanite-marquise-solitaire-1
,,,,"=IMAGE(""https://cdn.shopify.com/s/files/1/0544/6408/6189/files/Top_6153_Yellow_00000_7afb1290-5a5f-4352-86a6-a53c971f49bf.jpg?v=1759467236"")",Engagement,Yellow Gold,The Audrey Ring - 2.00ct Lab Diamond Emerald Solitaire,4125.00,yellow.jpg,images/the-audrey-ring-2-00ct-lab-grown-emerald-solitaire/yellow.jpg,"=HYPERLINK(""https://cdn.shopify.com/s/files/1/0544/6408/6189/files/Top_6153_Yellow_00000_7afb1290-5a5f-4352-86a6-a53c971f49bf.jpg?v=1759467236"",""View ring"")",the-audrey-ring-2-00ct-lab-grown-emerald-solitaire
,,,,,Engagement,White Gold,The Audrey Ring - 2.00ct Lab Diamond Emerald Solitaire,4125.00,,,,the-audrey-ring-2-00ct-lab-grown-emerald-solitaire
,,,,,Engagement,Rose Gold,The Audrey Ring - 2.00ct Lab Diamond Emerald Solitaire,4125.00,,,,the-audrey-ring-2-00ct-lab-grown-emerald-solitaire
,,,,,Engagement,Yellow Gold,The Paloma Ring - 1.51ct Lab Diamond Square Cushion Halo Solitaire,2978.00,,,,the-luise-ring-1-51ct-lab-grown-diamond-square-cushion-halo-solitaire
,,,,"=IMAGE(""https://cdn.shopify.com/s/files/1/0544/6408/6189/files/White1080_Front_141_00000.jpg?v=1756680669"")",Engagement,White Gold,The Paloma Ring - 1.51ct Lab Diamond Square Cushion Halo Solitaire,2978.00,white.jpg,images/the-luise-ring-1-51ct-lab-grown-diamond-square-cushion-halo-solitaire/white.jpg,"=HYPERLINK(""https://cdn.shopify.com/s/files/1/0544/6408/6189/files/White1080_Front_141_00000.jpg?v=1756680669"",""View ring"")",the-luise-ring-1-51ct-lab-grown-diamond-square-cushion-halo-solitaire
,,,,,Engagement,Rose Gold,The Paloma Ring - 1.51ct Lab Diamond Square Cushion Halo Solitaire,2978.00,,,,the-luise-ring-1-51ct-lab-grown-diamond-square-cushion-halo-solitaire
,,,,"=IMAGE(""https://cdn.shopify.com/s/files/1/0544/6408/6189/files/Yellow1080_Top_erkarcushion_00000.jpg?v=1775609669"")",Engagement,Yellow Gold,The Ophelia Ring - Elongated Cushion Bezel Solitaire,868.00,yellow.jpg,images/the-ophelia-ring-elongated-cushion-bezel-solitaire-1/yellow.jpg,"=HYPERLINK(""https://cdn.shopify.com/s/files/1/0544/6408/6189/files/Yellow1080_Top_erkarcushion_00000.jpg?v=1775609669"",""View ring"")",the-ophelia-ring-elongated-cushion-bezel-solitaire-1
,,,,"=IMAGE(""https://cdn.shopify.com/s/files/1/0544/6408/6189/files/RoseWhite1080_Top_72_00000.jpg?v=1775609669"")",Engagement,White Gold,The Ophelia Ring - Elongated Cushion Bezel Solitaire,868.00,white.jpg,images/the-ophelia-ring-elongated-cushion-bezel-solitaire-1/white.jpg,"=HYPERLINK(""https://cdn.shopify.com/s/files/1/0544/6408/6189/files/RoseWhite1080_Top_72_00000.jpg?v=1775609669"",""View ring"")",the-ophelia-ring-elongated-cushion-bezel-solitaire-1
,,,,"=IMAGE(""https://cdn.shopify.com/s/files/1/0544/6408/6189/files/Rose1080_Top_erkarcushion_00000.jpg?v=1775609669"")",Engagement,Rose Gold,The Ophelia Ring - Elongated Cushion Bezel Solitaire,868.00,rose.jpg,images/the-ophelia-ring-elongated-cushion-bezel-solitaire-1/rose.jpg,"=HYPERLINK(""https://cdn.shopify.com/s/files/1/0544/6408/6189/files/Rose1080_Top_erkarcushion_00000.jpg?v=1775609669"",""View ring"")",the-ophelia-ring-elongated-cushion-bezel-solitaire-1
,,,,"=IMAGE(""https://cdn.shopify.com/s/files/1/0544/6408/6189/files/Yellow1080_Top_MQ_00000_cfe27a49-f980-4f05-9351-e4f1d00457a2.jpg?v=1732150076"")",Engagement,Yellow Gold,The Arie Ring - Marquise Bezel Solitaire,857.00,yellow.jpg,images/the-arie-ring-marquise-bezel-solitaire-1/yellow.jpg,"=HYPERLINK(""https://cdn.shopify.com/s/files/1/0544/6408/6189/files/Yellow1080_Top_MQ_00000_cfe27a49-f980-4f05-9351-e4f1d00457a2.jpg?v=1732150076"",""View ring"")",the-arie-ring-marquise-bezel-solitaire-1
,,,,"=IMAGE(""https://cdn.shopify.com/s/files/1/0544/6408/6189/files/RoseWhite1080_Top_245_00000.jpg?v=1764114540"")",Engagement,White Gold,The Arie Ring - Marquise Bezel Solitaire,857.00,white.jpg,images/the-arie-ring-marquise-bezel-solitaire-1/white.jpg,"=HYPERLINK(""https://cdn.shopify.com/s/files/1/0544/6408/6189/files/RoseWhite1080_Top_245_00000.jpg?v=1764114540"",""View ring"")",the-arie-ring-marquise-bezel-solitaire-1
,,,,"=IMAGE(""https://cdn.shopify.com/s/files/1/0544/6408/6189/files/Rose1080_Top_MQ_00000_95c05a13-ee74-4fbe-af5f-c1ac6cf870d8.jpg?v=1764114540"")",Engagement,Rose Gold,The Arie Ring - Marquise Bezel Solitaire,857.00,rose.jpg,images/the-arie-ring-marquise-bezel-solitaire-1/rose.jpg,"=HYPERLINK(""https://cdn.shopify.com/s/files/1/0544/6408/6189/files/Rose1080_Top_MQ_00000_95c05a13-ee74-4fbe-af5f-c1ac6cf870d8.jpg?v=1764114540"",""View ring"")",the-arie-ring-marquise-bezel-solitaire-1
,,,,"=IMAGE(""https://cdn.shopify.com/s/files/1/0544/6408/6189/files/Yellow1080_Top_East-WestHorizontalCathedralSolitairePE_00000.jpg?v=1730089218"")",Engagement,Yellow Gold,The Sophia Ring - East-West Pear Cathedral Solitaire,921.00,yellow.jpg,images/the-sophia-ring-east-west-pear-cathedral-solitaire/yellow.jpg,"=HYPERLINK(""https://cdn.shopify.com/s/files/1/0544/6408/6189/files/Yellow1080_Top_East-WestHorizontalCathedralSolitairePE_00000.jpg?v=1730089218"",""View ring"")",the-sophia-ring-east-west-pear-cathedral-solitaire
,,,,"=IMAGE(""https://cdn.shopify.com/s/files/1/0544/6408/6189/files/White1080_Top_East-WestHorizontalCathedralSolitairePE_00000.jpg?v=1730089218"")",Engagement,White Gold,The Sophia Ring - East-West Pear Cathedral Solitaire,921.00,white.jpg,images/the-sophia-ring-east-west-pear-cathedral-solitaire/white.jpg,"=HYPERLINK(""https://cdn.shopify.com/s/files/1/0544/6408/6189/files/White1080_Top_East-WestHorizontalCathedralSolitairePE_00000.jpg?v=1730089218"",""View ring"")",the-sophia-ring-east-west-pear-cathedral-solitaire
,,,,"=IMAGE(""https://cdn.shopify.com/s/files/1/0544/6408/6189/files/Rose1080_Top_East-WestHorizontalCathedralSolitairePE_00000.jpg?v=1730089218"")",Engagement,Rose Gold,The Sophia Ring - East-West Pear Cathedral Solitaire,921.00,rose.jpg,images/the-sophia-ring-east-west-pear-cathedral-solitaire/rose.jpg,"=HYPERLINK(""https://cdn.shopify.com/s/files/1/0544/6408/6189/files/Rose1080_Top_East-WestHorizontalCathedralSolitairePE_00000.jpg?v=1730089218"",""View ring"")",the-sophia-ring-east-west-pear-cathedral-solitaire
,,,,"=IMAGE(""https://cdn.shopify.com/s/files/1/0544/6408/6189/files/Yellow1080_Top_East-WestHorizontalCathedralSolitaireMQ_00000.jpg?v=1730088882"")",Engagement,Yellow Gold,The Arie Ring - East-West Marquise Cathedral Solitaire,937.00,yellow.jpg,images/the-arie-ring-east-west-marquise-cathedral-solitaire/yellow.jpg,"=HYPERLINK(""https://cdn.shopify.com/s/files/1/0544/6408/6189/files/Yellow1080_Top_East-WestHorizontalCathedralSolitaireMQ_00000.jpg?v=1730088882"",""View ring"")",the-arie-ring-east-west-marquise-cathedral-solitaire
,,,,"=IMAGE(""https://cdn.shopify.com/s/files/1/0544/6408/6189/files/White1080_Top_East-WestHorizontalCathedralSolitaireMQ_00000.jpg?v=1738040840"")",Engagement,White Gold,The Arie Ring - East-West Marquise Cathedral Solitaire,937.00,white.jpg,images/the-arie-ring-east-west-marquise-cathedral-solitaire/white.jpg,"=HYPERLINK(""https://cdn.shopify.com/s/files/1/0544/6408/6189/files/White1080_Top_East-WestHorizontalCathedralSolitaireMQ_00000.jpg?v=1738040840"",""View ring"")",the-arie-ring-east-west-marquise-cathedral-solitaire
,,,,"=IMAGE(""https://cdn.shopify.com/s/files/1/0544/6408/6189/files/Rose1080_Top_East-WestHorizontalCathedralSolitaireMQ_00000.jpg?v=1738040840"")",Engagement,Rose Gold,The Arie Ring - East-West Marquise Cathedral Solitaire,937.00,rose.jpg,images/the-arie-ring-east-west-marquise-cathedral-solitaire/rose.jpg,"=HYPERLINK(""https://cdn.shopify.com/s/files/1/0544/6408/6189/files/Rose1080_Top_East-WestHorizontalCathedralSolitaireMQ_00000.jpg?v=1738040840"",""View ring"")",the-arie-ring-east-west-marquise-cathedral-solitaire
,,,,"=IMAGE(""https://cdn.shopify.com/s/files/1/0544/6408/6189/files/Yellow1080_Top_East-WestHorizontalCathedralSolitaireEM_00000.jpg?v=1730088450"")",Engagement,Yellow Gold,The Audrey Ring -  East-West Emerald Cathedral Solitaire,931.00,yellow.jpg,images/the-audrey-ring-east-west-emerald-cathedral-solitaire/yellow.jpg,"=HYPERLINK(""https://cdn.shopify.com/s/files/1/0544/6408/6189/files/Yellow1080_Top_East-WestHorizontalCathedralSolitaireEM_00000.jpg?v=1730088450"",""View ring"")",the-audrey-ring-east-west-emerald-cathedral-solitaire
,,,,"=IMAGE(""https://cdn.shopify.com/s/files/1/0544/6408/6189/files/White1080_Top_East-WestHorizontalCathedralSolitaireEM_00000.jpg?v=1737505300"")",Engagement,White Gold,The Audrey Ring -  East-West Emerald Cathedral Solitaire,931.00,white.jpg,images/the-audrey-ring-east-west-emerald-cathedral-solitaire/white.jpg,"=HYPERLINK(""https://cdn.shopify.com/s/files/1/0544/6408/6189/files/White1080_Top_East-WestHorizontalCathedralSolitaireEM_00000.jpg?v=1737505300"",""View ring"")",the-audrey-ring-east-west-emerald-cathedral-solitaire
,,,,"=IMAGE(""https://cdn.shopify.com/s/files/1/0544/6408/6189/files/Rose1080_Top_East-WestHorizontalCathedralSolitaireEM_00000.jpg?v=1737505300"")",Engagement,Rose Gold,The Audrey Ring -  East-West Emerald Cathedral Solitaire,931.00,rose.jpg,images/the-audrey-ring-east-west-emerald-cathedral-solitaire/rose.jpg,"=HYPERLINK(""https://cdn.shopify.com/s/files/1/0544/6408/6189/files/Rose1080_Top_East-WestHorizontalCathedralSolitaireEM_00000.jpg?v=1737505300"",""View ring"")",the-audrey-ring-east-west-emerald-cathedral-solitaire
,,,,"=IMAGE(""https://cdn.shopify.com/s/files/1/0544/6408/6189/files/Yellow1080_Top_East-WestHorizontalCathedralSolitaire001Radiant_00000.jpg?v=1730087958"")",Engagement,Yellow Gold,The Vienna Ring -  East-West Radiant Cathedral Solitaire,937.00,yellow.jpg,images/the-vienna-ring-east-west-radiant-cathedral-solitaire/yellow.jpg,"=HYPERLINK(""https://cdn.shopify.com/s/files/1/0544/6408/6189/files/Yellow1080_Top_East-WestHorizontalCathedralSolitaire001Radiant_00000.jpg?v=1730087958"",""View ring"")",the-vienna-ring-east-west-radiant-cathedral-solitaire
,,,,"=IMAGE(""https://cdn.shopify.com/s/files/1/0544/6408/6189/files/White1080_Top_East-WestHorizontalCathedralSolitaire001Radiant_00000.jpg?v=1730087958"")",Engagement,White Gold,The Vienna Ring -  East-West Radiant Cathedral Solitaire,937.00,white.jpg,images/the-vienna-ring-east-west-radiant-cathedral-solitaire/white.jpg,"=HYPERLINK(""https://cdn.shopify.com/s/files/1/0544/6408/6189/files/White1080_Top_East-WestHorizontalCathedralSolitaire001Radiant_00000.jpg?v=1730087958"",""View ring"")",the-vienna-ring-east-west-radiant-cathedral-solitaire
,,,,"=IMAGE(""https://cdn.shopify.com/s/files/1/0544/6408/6189/files/Rose1080_Top_East-WestHorizontalCathedralSolitaire001Radiant_00000.jpg?v=1730087958"")",Engagement,Rose Gold,The Vienna Ring -  East-West Radiant Cathedral Solitaire,937.00,rose.jpg,images/the-vienna-ring-east-west-radiant-cathedral-solitaire/rose.jpg,"=HYPERLINK(""https://cdn.shopify.com/s/files/1/0544/6408/6189/files/Rose1080_Top_East-WestHorizontalCathedralSolitaire001Radiant_00000.jpg?v=1730087958"",""View ring"")",the-vienna-ring-east-west-radiant-cathedral-solitaire
,,,,"=IMAGE(""https://cdn.shopify.com/s/files/1/0544/6408/6189/files/Yellow1080_Top_East-WestHorizontalCathedralSolitaire001Oval_00000.jpg?v=1730087384"")",Engagement,Yellow Gold,The Luise Ring® - East-West Oval Cathedral Solitaire,910.00,yellow.jpg,images/the-luise-ring-east-west-oval-cathedral-solitaire/yellow.jpg,"=HYPERLINK(""https://cdn.shopify.com/s/files/1/0544/6408/6189/files/Yellow1080_Top_East-WestHorizontalCathedralSolitaire001Oval_00000.jpg?v=1730087384"",""View ring"")",the-luise-ring-east-west-oval-cathedral-solitaire
,,,,"=IMAGE(""https://cdn.shopify.com/s/files/1/0544/6408/6189/files/White1080_Top_East-WestHorizontalCathedralSolitaire001Oval_00000.jpg?v=1730087384"")",Engagement,White Gold,The Luise Ring® - East-West Oval Cathedral Solitaire,910.00,white.jpg,images/the-luise-ring-east-west-oval-cathedral-solitaire/white.jpg,"=HYPERLINK(""https://cdn.shopify.com/s/files/1/0544/6408/6189/files/White1080_Top_East-WestHorizontalCathedralSolitaire001Oval_00000.jpg?v=1730087384"",""View ring"")",the-luise-ring-east-west-oval-cathedral-solitaire
,,,,"=IMAGE(""https://cdn.shopify.com/s/files/1/0544/6408/6189/files/Rose1080_Top_East-WestHorizontalCathedralSolitaire001Oval_00000.jpg?v=1730087384"")",Engagement,Rose Gold,The Luise Ring® - East-West Oval Cathedral Solitaire,910.00,rose.jpg,images/the-luise-ring-east-west-oval-cathedral-solitaire/rose.jpg,"=HYPERLINK(""https://cdn.shopify.com/s/files/1/0544/6408/6189/files/Rose1080_Top_East-WestHorizontalCathedralSolitaire001Oval_00000.jpg?v=1730087384"",""View ring"")",the-luise-ring-east-west-oval-cathedral-solitaire
,,,,"=IMAGE(""https://cdn.shopify.com/s/files/1/0544/6408/6189/files/Yellow1080_Top_East-WestHorizontalCathedralSolitaire001Cushon_00000.jpg?v=1730086622"")",Engagement,Yellow Gold,The Ophelia Ring - East-West Elongated Cushion Cathedral Solitaire,947.00,yellow.jpg,images/the-ophelia-ring-east-west-elongated-cushion-cathedral-solitaire/yellow.jpg,"=HYPERLINK(""https://cdn.shopify.com/s/files/1/0544/6408/6189/files/Yellow1080_Top_East-WestHorizontalCathedralSolitaire001Cushon_00000.jpg?v=1730086622"",""View ring"")",the-ophelia-ring-east-west-elongated-cushion-cathedral-solitaire
,,,,"=IMAGE(""https://cdn.shopify.com/s/files/1/0544/6408/6189/files/White1080_Top_East-WestHorizontalCathedralSolitaire001Cushon_00000.jpg?v=1730086622"")",Engagement,White Gold,The Ophelia Ring - East-West Elongated Cushion Cathedral Solitaire,947.00,white.jpg,images/the-ophelia-ring-east-west-elongated-cushion-cathedral-solitaire/white.jpg,"=HYPERLINK(""https://cdn.shopify.com/s/files/1/0544/6408/6189/files/White1080_Top_East-WestHorizontalCathedralSolitaire001Cushon_00000.jpg?v=1730086622"",""View ring"")",the-ophelia-ring-east-west-elongated-cushion-cathedral-solitaire
,,,,"=IMAGE(""https://cdn.shopify.com/s/files/1/0544/6408/6189/files/Rose1080_Top_East-WestHorizontalCathedralSolitaire001Cushon_00000.jpg?v=1730086622"")",Engagement,Rose Gold,The Ophelia Ring - East-West Elongated Cushion Cathedral Solitaire,947.00,rose.jpg,images/the-ophelia-ring-east-west-elongated-cushion-cathedral-solitaire/rose.jpg,"=HYPERLINK(""https://cdn.shopify.com/s/files/1/0544/6408/6189/files/Rose1080_Top_East-WestHorizontalCathedralSolitaire001Cushon_00000.jpg?v=1730086622"",""View ring"")",the-ophelia-ring-east-west-elongated-cushion-cathedral-solitaire
,,,,"=IMAGE(""https://cdn.shopify.com/s/files/1/0544/6408/6189/files/Yellow1080_Top_OvaltwistbezelR_00000.jpg?v=1729636653"")",Engagement,Yellow Gold,The Sorelle Ring - Suspended Oval Solitaire Wrap Ring,989.00,yellow.jpg,images/the-sorelle-ring-suspended-oval-solitaire-wrap-ring/yellow.jpg,"=HYPERLINK(""https://cdn.shopify.com/s/files/1/0544/6408/6189/files/Yellow1080_Top_OvaltwistbezelR_00000.jpg?v=1729636653"",""View ring"")",the-sorelle-ring-suspended-oval-solitaire-wrap-ring
,,,,"=IMAGE(""https://cdn.shopify.com/s/files/1/0544/6408/6189/files/White1080_Top_OvaltwistbezelR_00000.jpg?v=1766449101"")",Engagement,White Gold,The Sorelle Ring - Suspended Oval Solitaire Wrap Ring,989.00,white.jpg,images/the-sorelle-ring-suspended-oval-solitaire-wrap-ring/white.jpg,"=HYPERLINK(""https://cdn.shopify.com/s/files/1/0544/6408/6189/files/White1080_Top_OvaltwistbezelR_00000.jpg?v=1766449101"",""View ring"")",the-sorelle-ring-suspended-oval-solitaire-wrap-ring
,,,,"=IMAGE(""https://cdn.shopify.com/s/files/1/0544/6408/6189/files/Rose1080_Top_OvaltwistbezelR_00000.jpg?v=1766449101"")",Engagement,Rose Gold,The Sorelle Ring - Suspended Oval Solitaire Wrap Ring,989.00,rose.jpg,images/the-sorelle-ring-suspended-oval-solitaire-wrap-ring/rose.jpg,"=HYPERLINK(""https://cdn.shopify.com/s/files/1/0544/6408/6189/files/Rose1080_Top_OvaltwistbezelR_00000.jpg?v=1766449101"",""View ring"")",the-sorelle-ring-suspended-oval-solitaire-wrap-ring
,,,,"=IMAGE(""https://cdn.shopify.com/s/files/1/0544/6408/6189/files/Yellow1080_Top_cushion_00000_85cc7354-4683-4a6a-b10b-80777c56811c.jpg?v=1729213315"")",Engagement,Yellow Gold,The Azariah Ring - Elongated Cushion Solitaire with Double Curved Band,1444.00,yellow.jpg,images/the-azariah-ring-elongated-cushion-solitaire-with-double-curved-band-1/yellow.jpg,"=HYPERLINK(""https://cdn.shopify.com/s/files/1/0544/6408/6189/files/Yellow1080_Top_cushion_00000_85cc7354-4683-4a6a-b10b-80777c56811c.jpg?v=1729213315"",""View ring"")",the-azariah-ring-elongated-cushion-solitaire-with-double-curved-band-1
,,,,"=IMAGE(""https://cdn.shopify.com/s/files/1/0544/6408/6189/files/White1080_Top_cushion_00000_fa34ac63-69e3-4fae-8342-f43f2067dcd3.jpg?v=1729213315"")",Engagement,White Gold,The Azariah Ring - Elongated Cushion Solitaire with Double Curved Band,1444.00,white.jpg,images/the-azariah-ring-elongated-cushion-solitaire-with-double-curved-band-1/white.jpg,"=HYPERLINK(""https://cdn.shopify.com/s/files/1/0544/6408/6189/files/White1080_Top_cushion_00000_fa34ac63-69e3-4fae-8342-f43f2067dcd3.jpg?v=1729213315"",""View ring"")",the-azariah-ring-elongated-cushion-solitaire-with-double-curved-band-1
,,,,"=IMAGE(""https://cdn.shopify.com/s/files/1/0544/6408/6189/files/Rose1080_Top_cushion_00000_286322aa-f7e2-4604-8582-9287d9e313b1.jpg?v=1729213315"")",Engagement,Rose Gold,The Azariah Ring - Elongated Cushion Solitaire with Double Curved Band,1444.00,rose.jpg,images/the-azariah-ring-elongated-cushion-solitaire-with-double-curved-band-1/rose.jpg,"=HYPERLINK(""https://cdn.shopify.com/s/files/1/0544/6408/6189/files/Rose1080_Top_cushion_00000_286322aa-f7e2-4604-8582-9287d9e313b1.jpg?v=1729213315"",""View ring"")",the-azariah-ring-elongated-cushion-solitaire-with-double-curved-band-1
,,,,"=IMAGE(""https://cdn.shopify.com/s/files/1/0544/6408/6189/files/Yellow1080_Top_Oval_00000_ca72bdea-0041-43a1-aafc-cd79c126670a.jpg?v=1729209447"")",Engagement,Yellow Gold,The Azariah Ring - Oval Solitaire with Double Curved Band,1444.00,yellow.jpg,images/the-azariah-ring-elongated-cushion-solitaire-with-double-curved-band/yellow.jpg,"=HYPERLINK(""https://cdn.shopify.com/s/files/1/0544/6408/6189/files/Yellow1080_Top_Oval_00000_ca72bdea-0041-43a1-aafc-cd79c126670a.jpg?v=1729209447"",""View ring"")",the-azariah-ring-elongated-cushion-solitaire-with-double-curved-band
,,,,"=IMAGE(""https://cdn.shopify.com/s/files/1/0544/6408/6189/files/White1080_Top_Oval_00000_729dff6b-00ab-432f-86eb-cc95c88bc012.jpg?v=1766450190"")",Engagement,White Gold,The Azariah Ring - Oval Solitaire with Double Curved Band,1444.00,white.jpg,images/the-azariah-ring-elongated-cushion-solitaire-with-double-curved-band/white.jpg,"=HYPERLINK(""https://cdn.shopify.com/s/files/1/0544/6408/6189/files/White1080_Top_Oval_00000_729dff6b-00ab-432f-86eb-cc95c88bc012.jpg?v=1766450190"",""View ring"")",the-azariah-ring-elongated-cushion-solitaire-with-double-curved-band
,,,,"=IMAGE(""https://cdn.shopify.com/s/files/1/0544/6408/6189/files/Rose1080_Top_Oval_00000_ef285701-2182-45a2-9292-59a00b72a452.jpg?v=1766450190"")",Engagement,Rose Gold,The Azariah Ring - Oval Solitaire with Double Curved Band,1444.00,rose.jpg,images/the-azariah-ring-elongated-cushion-solitaire-with-double-curved-band/rose.jpg,"=HYPERLINK(""https://cdn.shopify.com/s/files/1/0544/6408/6189/files/Rose1080_Top_Oval_00000_ef285701-2182-45a2-9292-59a00b72a452.jpg?v=1766450190"",""View ring"")",the-azariah-ring-elongated-cushion-solitaire-with-double-curved-band
,,,,"=IMAGE(""https://cdn.shopify.com/s/files/1/0544/6408/6189/files/Yellow1080_Top_Ovaltwistbezelandprong_00000.jpg?v=1729209070"")",Engagement,Yellow Gold,The Thérèse Ring - Floating Oval Solitaire with Twisted Band,1148.00,yellow.jpg,images/the-therese-ring-floating-oval-solitaire-with-twisted-band/yellow.jpg,"=HYPERLINK(""https://cdn.shopify.com/s/files/1/0544/6408/6189/files/Yellow1080_Top_Ovaltwistbezelandprong_00000.jpg?v=1729209070"",""View ring"")",the-therese-ring-floating-oval-solitaire-with-twisted-band
,,,,"=IMAGE(""https://cdn.shopify.com/s/files/1/0544/6408/6189/files/White1080_Top_Ovaltwistbezelandprong_00000.jpg?v=1729209070"")",Engagement,White Gold,The Thérèse Ring - Floating Oval Solitaire with Twisted Band,1148.00,white.jpg,images/the-therese-ring-floating-oval-solitaire-with-twisted-band/white.jpg,"=HYPERLINK(""https://cdn.shopify.com/s/files/1/0544/6408/6189/files/White1080_Top_Ovaltwistbezelandprong_00000.jpg?v=1729209070"",""View ring"")",the-therese-ring-floating-oval-solitaire-with-twisted-band
,,,,"=IMAGE(""https://cdn.shopify.com/s/files/1/0544/6408/6189/files/Rose1080_Top_Ovaltwistbezelandprong_00000.jpg?v=1729209070"")",Engagement,Rose Gold,The Thérèse Ring - Floating Oval Solitaire with Twisted Band,1148.00,rose.jpg,images/the-therese-ring-floating-oval-solitaire-with-twisted-band/rose.jpg,"=HYPERLINK(""https://cdn.shopify.com/s/files/1/0544/6408/6189/files/Rose1080_Top_Ovaltwistbezelandprong_00000.jpg?v=1729209070"",""View ring"")",the-therese-ring-floating-oval-solitaire-with-twisted-band
,,,,"=IMAGE(""https://cdn.shopify.com/s/files/1/0544/6408/6189/files/Yellow1080_Top_DoubleBandRoundSolitaire_00000.jpg?v=1729208285"")",Engagement,Yellow Gold,The Adella Ring - Round Brilliant Solitaire with Wrapped Band,1169.00,yellow.jpg,images/the-adella-ring-round-brilliant-solitaire-with-wrapped-band/yellow.jpg,"=HYPERLINK(""https://cdn.shopify.com/s/files/1/0544/6408/6189/files/Yellow1080_Top_DoubleBandRoundSolitaire_00000.jpg?v=1729208285"",""View ring"")",the-adella-ring-round-brilliant-solitaire-with-wrapped-band
,,,,"=IMAGE(""https://cdn.shopify.com/s/files/1/0544/6408/6189/files/White1080_Top_DoubleBandRoundSolitaire_00000.jpg?v=1729208285"")",Engagement,White Gold,The Adella Ring - Round Brilliant Solitaire with Wrapped Band,1169.00,white.jpg,images/the-adella-ring-round-brilliant-solitaire-with-wrapped-band/white.jpg,"=HYPERLINK(""https://cdn.shopify.com/s/files/1/0544/6408/6189/files/White1080_Top_DoubleBandRoundSolitaire_00000.jpg?v=1729208285"",""View ring"")",the-adella-ring-round-brilliant-solitaire-with-wrapped-band
,,,,"=IMAGE(""https://cdn.shopify.com/s/files/1/0544/6408/6189/files/Rose1080_Top_DoubleBandRoundSolitaire_00000.jpg?v=1729208285"")",Engagement,Rose Gold,The Adella Ring - Round Brilliant Solitaire with Wrapped Band,1169.00,rose.jpg,images/the-adella-ring-round-brilliant-solitaire-with-wrapped-band/rose.jpg,"=HYPERLINK(""https://cdn.shopify.com/s/files/1/0544/6408/6189/files/Rose1080_Top_DoubleBandRoundSolitaire_00000.jpg?v=1729208285"",""View ring"")",the-adella-ring-round-brilliant-solitaire-with-wrapped-band
,,,,,Engagement,Yellow Gold,The Audrey Ring - 1.52ct Lab Diamond Emerald Cathedral Solitaire With Hidden Halo,2581.00,,,,the-audrey-ring-1-52ct-lab-grown-emerald-cathedral-solitaire-with-hidden-halo
,,,,"=IMAGE(""https://cdn.shopify.com/s/files/1/0544/6408/6189/files/Top_6228_White_00000_b12874e1-dff2-4e74-bed2-f3313bac0f1d.jpg?v=1759467247"")",Engagement,White Gold,The Audrey Ring - 1.52ct Lab Diamond Emerald Cathedral Solitaire With Hidden Halo,2581.00,white.jpg,images/the-audrey-ring-1-52ct-lab-grown-emerald-cathedral-solitaire-with-hidden-halo/white.jpg,"=HYPERLINK(""https://cdn.shopify.com/s/files/1/0544/6408/6189/files/Top_6228_White_00000_b12874e1-dff2-4e74-bed2-f3313bac0f1d.jpg?v=1759467247"",""View ring"")",the-audrey-ring-1-52ct-lab-grown-emerald-cathedral-solitaire-with-hidden-halo
,,,,,Engagement,Rose Gold,The Audrey Ring - 1.52ct Lab Diamond Emerald Cathedral Solitaire With Hidden Halo,2581.00,,,,the-audrey-ring-1-52ct-lab-grown-emerald-cathedral-solitaire-with-hidden-halo
,,,,,Engagement,Yellow Gold,The Vienna Ring - 1.77ct Lab Diamond Radiant Solitaire,2645.00,,,,the-vienna-ring-1-77ct-lab-grown-diamond-radiant-solitaire
,,,,"=IMAGE(""https://cdn.shopify.com/s/files/1/0544/6408/6189/files/Top_5845_White_00000_09138b38-0e9f-43f3-874b-ab9cd4c8dd9b.jpg?v=1759467252"")",Engagement,White Gold,The Vienna Ring - 1.77ct Lab Diamond Radiant Solitaire,2645.00,white.jpg,images/the-vienna-ring-1-77ct-lab-grown-diamond-radiant-solitaire/white.jpg,"=HYPERLINK(""https://cdn.shopify.com/s/files/1/0544/6408/6189/files/Top_5845_White_00000_09138b38-0e9f-43f3-874b-ab9cd4c8dd9b.jpg?v=1759467252"",""View ring"")",the-vienna-ring-1-77ct-lab-grown-diamond-radiant-solitaire
,,,,,Engagement,Rose Gold,The Vienna Ring - 1.77ct Lab Diamond Radiant Solitaire,2645.00,,,,the-vienna-ring-1-77ct-lab-grown-diamond-radiant-solitaire
,,,,"=IMAGE(""https://cdn.shopify.com/s/files/1/0544/6408/6189/files/Yellow1080_Top_Marquisesplitband_00000.jpg?v=1728512360"")",Engagement,Yellow Gold,The Jean Ring - Marquise Bezel Split Band Solitaire,979.00,yellow.jpg,images/the-jean-ring-marquise-bezel-split-band-solitaire/yellow.jpg,"=HYPERLINK(""https://cdn.shopify.com/s/files/1/0544/6408/6189/files/Yellow1080_Top_Marquisesplitband_00000.jpg?v=1728512360"",""View ring"")",the-jean-ring-marquise-bezel-split-band-solitaire
,,,,"=IMAGE(""https://cdn.shopify.com/s/files/1/0544/6408/6189/files/White1080_Top_Marquisesplitband_00000.jpg?v=1737508028"")",Engagement,White Gold,The Jean Ring - Marquise Bezel Split Band Solitaire,979.00,white.jpg,images/the-jean-ring-marquise-bezel-split-band-solitaire/white.jpg,"=HYPERLINK(""https://cdn.shopify.com/s/files/1/0544/6408/6189/files/White1080_Top_Marquisesplitband_00000.jpg?v=1737508028"",""View ring"")",the-jean-ring-marquise-bezel-split-band-solitaire
,,,,"=IMAGE(""https://cdn.shopify.com/s/files/1/0544/6408/6189/files/Rose1080_Top_Marquisesplitband_00000.jpg?v=1737508028"")",Engagement,Rose Gold,The Jean Ring - Marquise Bezel Split Band Solitaire,979.00,rose.jpg,images/the-jean-ring-marquise-bezel-split-band-solitaire/rose.jpg,"=HYPERLINK(""https://cdn.shopify.com/s/files/1/0544/6408/6189/files/Rose1080_Top_Marquisesplitband_00000.jpg?v=1737508028"",""View ring"")",the-jean-ring-marquise-bezel-split-band-solitaire
,,,,"=IMAGE(""https://cdn.shopify.com/s/files/1/0544/6408/6189/files/Yellow1080_Top_Movalandhalfmoon_00000.jpg?v=1728512349"")",Engagement,Yellow Gold,The Margot Ring - Moval and Half Moon Bezel Trilogy,1360.00,yellow.jpg,images/the-margot-ring-oval-and-half-moon-bezel-trilogy/yellow.jpg,"=HYPERLINK(""https://cdn.shopify.com/s/files/1/0544/6408/6189/files/Yellow1080_Top_Movalandhalfmoon_00000.jpg?v=1728512349"",""View ring"")",the-margot-ring-oval-and-half-moon-bezel-trilogy
,,,,"=IMAGE(""https://cdn.shopify.com/s/files/1/0544/6408/6189/files/White1080_Top_Movalandhalfmoon_00000.jpg?v=1728512349"")",Engagement,White Gold,The Margot Ring - Moval and Half Moon Bezel Trilogy,1360.00,white.jpg,images/the-margot-ring-oval-and-half-moon-bezel-trilogy/white.jpg,"=HYPERLINK(""https://cdn.shopify.com/s/files/1/0544/6408/6189/files/White1080_Top_Movalandhalfmoon_00000.jpg?v=1728512349"",""View ring"")",the-margot-ring-oval-and-half-moon-bezel-trilogy
,,,,"=IMAGE(""https://cdn.shopify.com/s/files/1/0544/6408/6189/files/Rose1080_Top_Movalandhalfmoon_00000.jpg?v=1728512350"")",Engagement,Rose Gold,The Margot Ring - Moval and Half Moon Bezel Trilogy,1360.00,rose.jpg,images/the-margot-ring-oval-and-half-moon-bezel-trilogy/rose.jpg,"=HYPERLINK(""https://cdn.shopify.com/s/files/1/0544/6408/6189/files/Rose1080_Top_Movalandhalfmoon_00000.jpg?v=1728512350"",""View ring"")",the-margot-ring-oval-and-half-moon-bezel-trilogy
,,,,"=IMAGE(""https://cdn.shopify.com/s/files/1/0544/6408/6189/files/Yellow1080_Top_BezelEmeraldandtaperedbaguettetrilogy_00000.jpg?v=1728435217"")",Engagement,Yellow Gold,The René Ring - Emerald and Tapered Baguette Trilogy,1323.00,yellow.jpg,images/the-rene-ring-emerald-and-tapered-baguette-trilogy/yellow.jpg,"=HYPERLINK(""https://cdn.shopify.com/s/files/1/0544/6408/6189/files/Yellow1080_Top_BezelEmeraldandtaperedbaguettetrilogy_00000.jpg?v=1728435217"",""View ring"")",the-rene-ring-emerald-and-tapered-baguette-trilogy
,,,,"=IMAGE(""https://cdn.shopify.com/s/files/1/0544/6408/6189/files/White1080_Top_BezelEmeraldandtaperedbaguettetrilogy_00000.jpg?v=1728435217"")",Engagement,White Gold,The René Ring - Emerald and Tapered Baguette Trilogy,1323.00,white.jpg,images/the-rene-ring-emerald-and-tapered-baguette-trilogy/white.jpg,"=HYPERLINK(""https://cdn.shopify.com/s/files/1/0544/6408/6189/files/White1080_Top_BezelEmeraldandtaperedbaguettetrilogy_00000.jpg?v=1728435217"",""View ring"")",the-rene-ring-emerald-and-tapered-baguette-trilogy
,,,,"=IMAGE(""https://cdn.shopify.com/s/files/1/0544/6408/6189/files/Rose1080_Top_BezelEmeraldandtaperedbaguettetrilogy_00000.jpg?v=1728435217"")",Engagement,Rose Gold,The René Ring - Emerald and Tapered Baguette Trilogy,1323.00,rose.jpg,images/the-rene-ring-emerald-and-tapered-baguette-trilogy/rose.jpg,"=HYPERLINK(""https://cdn.shopify.com/s/files/1/0544/6408/6189/files/Rose1080_Top_BezelEmeraldandtaperedbaguettetrilogy_00000.jpg?v=1728435217"",""View ring"")",the-rene-ring-emerald-and-tapered-baguette-trilogy
,,,,"=IMAGE(""https://cdn.shopify.com/s/files/1/0544/6408/6189/files/Yellow1080_Top_AS_00000.jpg?v=1726193286"")",Engagement,Yellow Gold,The Elmira Ring - Asscher Bezel Solitaire,868.00,yellow.jpg,images/the-elmira-ring-asscher-bezel-solitaire/yellow.jpg,"=HYPERLINK(""https://cdn.shopify.com/s/files/1/0544/6408/6189/files/Yellow1080_Top_AS_00000.jpg?v=1726193286"",""View ring"")",the-elmira-ring-asscher-bezel-solitaire
,,,,"=IMAGE(""https://cdn.shopify.com/s/files/1/0544/6408/6189/files/White1080_Top_AS_00000.jpg?v=1744772685"")",Engagement,White Gold,The Elmira Ring - Asscher Bezel Solitaire,868.00,white.jpg,images/the-elmira-ring-asscher-bezel-solitaire/white.jpg,"=HYPERLINK(""https://cdn.shopify.com/s/files/1/0544/6408/6189/files/White1080_Top_AS_00000.jpg?v=1744772685"",""View ring"")",the-elmira-ring-asscher-bezel-solitaire
,,,,"=IMAGE(""https://cdn.shopify.com/s/files/1/0544/6408/6189/files/Rose1080_Top_AS_00000.jpg?v=1744772685"")",Engagement,Rose Gold,The Elmira Ring - Asscher Bezel Solitaire,868.00,rose.jpg,images/the-elmira-ring-asscher-bezel-solitaire/rose.jpg,"=HYPERLINK(""https://cdn.shopify.com/s/files/1/0544/6408/6189/files/Rose1080_Top_AS_00000.jpg?v=1744772685"",""View ring"")",the-elmira-ring-asscher-bezel-solitaire
,,,,"=IMAGE(""https://cdn.shopify.com/s/files/1/0544/6408/6189/files/Yellow1080_Top_Aurora_Ring_PE_00000.jpg?v=1726342469"")",Engagement,Yellow Gold,The Aurora Ring - Pear with Round Brilliant Accents,1280.00,yellow.jpg,images/the-aurora-ring-pear-with-round-brilliant-accents/yellow.jpg,"=HYPERLINK(""https://cdn.shopify.com/s/files/1/0544/6408/6189/files/Yellow1080_Top_Aurora_Ring_PE_00000.jpg?v=1726342469"",""View ring"")",the-aurora-ring-pear-with-round-brilliant-accents
,,,,,Engagement,White Gold,The Aurora Ring - Pear with Round Brilliant Accents,1280.00,,,,the-aurora-ring-pear-with-round-brilliant-accents
,,,,"=IMAGE(""https://cdn.shopify.com/s/files/1/0544/6408/6189/files/Rose1080_Top_Aurora_Ring_PE_00000.jpg?v=1726342468"")",Engagement,Rose Gold,The Aurora Ring - Pear with Round Brilliant Accents,1280.00,rose.jpg,images/the-aurora-ring-pear-with-round-brilliant-accents/rose.jpg,"=HYPERLINK(""https://cdn.shopify.com/s/files/1/0544/6408/6189/files/Rose1080_Top_Aurora_Ring_PE_00000.jpg?v=1726342468"",""View ring"")",the-aurora-ring-pear-with-round-brilliant-accents
,,,,"=IMAGE(""https://cdn.shopify.com/s/files/1/0544/6408/6189/files/Yellow1080_Top_Aurora_Ring_MQ_00000.jpg?v=1737505348"")",Engagement,Yellow Gold,The Aurora Ring - Marquise with Round Brilliant Accents,1280.00,yellow.jpg,images/the-aurora-ring-marquise-with-round-brilliant-accents-1/yellow.jpg,"=HYPERLINK(""https://cdn.shopify.com/s/files/1/0544/6408/6189/files/Yellow1080_Top_Aurora_Ring_MQ_00000.jpg?v=1737505348"",""View ring"")",the-aurora-ring-marquise-with-round-brilliant-accents-1
,,,,,Engagement,White Gold,The Aurora Ring - Marquise with Round Brilliant Accents,1280.00,,,,the-aurora-ring-marquise-with-round-brilliant-accents-1
,,,,"=IMAGE(""https://cdn.shopify.com/s/files/1/0544/6408/6189/files/Rose1080_Top_Aurora_Ring_MQ_00000.jpg?v=1737505348"")",Engagement,Rose Gold,The Aurora Ring - Marquise with Round Brilliant Accents,1280.00,rose.jpg,images/the-aurora-ring-marquise-with-round-brilliant-accents-1/rose.jpg,"=HYPERLINK(""https://cdn.shopify.com/s/files/1/0544/6408/6189/files/Rose1080_Top_Aurora_Ring_MQ_00000.jpg?v=1737505348"",""View ring"")",the-aurora-ring-marquise-with-round-brilliant-accents-1
,,,,"=IMAGE(""https://cdn.shopify.com/s/files/1/0544/6408/6189/files/Yellow1080_Top_Neave_Ring_00000.jpg?v=1737508876"")",Engagement,Yellow Gold,The Neave Ring - Asscher and Baguette Trilogy,1270.00,yellow.jpg,images/the-neave-ring-asscher-and-baguette-trilogy/yellow.jpg,"=HYPERLINK(""https://cdn.shopify.com/s/files/1/0544/6408/6189/files/Yellow1080_Top_Neave_Ring_00000.jpg?v=1737508876"",""View ring"")",the-neave-ring-asscher-and-baguette-trilogy
,,,,"=IMAGE(""https://cdn.shopify.com/s/files/1/0544/6408/6189/files/White1080_Top_DESIGNSTYLE03Asscher_00000.jpg?v=1737508876"")",Engagement,White Gold,The Neave Ring - Asscher and Baguette Trilogy,1270.00,white.jpg,images/the-neave-ring-asscher-and-baguette-trilogy/white.jpg,"=HYPERLINK(""https://cdn.shopify.com/s/files/1/0544/6408/6189/files/White1080_Top_DESIGNSTYLE03Asscher_00000.jpg?v=1737508876"",""View ring"")",the-neave-ring-asscher-and-baguette-trilogy
,,,,"=IMAGE(""https://cdn.shopify.com/s/files/1/0544/6408/6189/files/Rose1080_Top_Neave_Ring_00000.jpg?v=1737508876"")",Engagement,Rose Gold,The Neave Ring - Asscher and Baguette Trilogy,1270.00,rose.jpg,images/the-neave-ring-asscher-and-baguette-trilogy/rose.jpg,"=HYPERLINK(""https://cdn.shopify.com/s/files/1/0544/6408/6189/files/Rose1080_Top_Neave_Ring_00000.jpg?v=1737508876"",""View ring"")",the-neave-ring-asscher-and-baguette-trilogy
,,,,"=IMAGE(""https://cdn.shopify.com/s/files/1/0544/6408/6189/files/Yellow1080_Top_232_00000.jpg?v=1762985157"")",Engagement,Yellow Gold,The Ines Ring - Emerald and Trapezoid Trilogy,1227.00,yellow.jpg,images/the-ines-ring-emerald-and-trapezoid-trilogy/yellow.jpg,"=HYPERLINK(""https://cdn.shopify.com/s/files/1/0544/6408/6189/files/Yellow1080_Top_232_00000.jpg?v=1762985157"",""View ring"")",the-ines-ring-emerald-and-trapezoid-trilogy
,,,,"=IMAGE(""https://cdn.shopify.com/s/files/1/0544/6408/6189/files/White1080_Top_232_00000.jpg?v=1762985157"")",Engagement,White Gold,The Ines Ring - Emerald and Trapezoid Trilogy,1227.00,white.jpg,images/the-ines-ring-emerald-and-trapezoid-trilogy/white.jpg,"=HYPERLINK(""https://cdn.shopify.com/s/files/1/0544/6408/6189/files/White1080_Top_232_00000.jpg?v=1762985157"",""View ring"")",the-ines-ring-emerald-and-trapezoid-trilogy
,,,,"=IMAGE(""https://cdn.shopify.com/s/files/1/0544/6408/6189/files/Rose1080_Top_232_00000.jpg?v=1762985157"")",Engagement,Rose Gold,The Ines Ring - Emerald and Trapezoid Trilogy,1227.00,rose.jpg,images/the-ines-ring-emerald-and-trapezoid-trilogy/rose.jpg,"=HYPERLINK(""https://cdn.shopify.com/s/files/1/0544/6408/6189/files/Rose1080_Top_232_00000.jpg?v=1762985157"",""View ring"")",the-ines-ring-emerald-and-trapezoid-trilogy
,,,,"=IMAGE(""https://cdn.shopify.com/s/files/1/0544/6408/6189/files/Yellow1080_Top_bezelcigarToietmoi_00000.jpg?v=1722220496"")",Engagement,Yellow Gold,The Ludae Ring - Toi Et Moi Cigar Ring,1201.00,yellow.jpg,images/the-ludae-ring-toi-et-moi-cigar-ring/yellow.jpg,"=HYPERLINK(""https://cdn.shopify.com/s/files/1/0544/6408/6189/files/Yellow1080_Top_bezelcigarToietmoi_00000.jpg?v=1722220496"",""View ring"")",the-ludae-ring-toi-et-moi-cigar-ring
,,,,"=IMAGE(""https://cdn.shopify.com/s/files/1/0544/6408/6189/files/White1080_Top_bezelcigarToietmoi_00000.jpg?v=1766448646"")",Engagement,White Gold,The Ludae Ring - Toi Et Moi Cigar Ring,1201.00,white.jpg,images/the-ludae-ring-toi-et-moi-cigar-ring/white.jpg,"=HYPERLINK(""https://cdn.shopify.com/s/files/1/0544/6408/6189/files/White1080_Top_bezelcigarToietmoi_00000.jpg?v=1766448646"",""View ring"")",the-ludae-ring-toi-et-moi-cigar-ring
,,,,"=IMAGE(""https://cdn.shopify.com/s/files/1/0544/6408/6189/files/Rose1080_Top_bezelcigarToietmoi_00000.jpg?v=1766448646"")",Engagement,Rose Gold,The Ludae Ring - Toi Et Moi Cigar Ring,1201.00,rose.jpg,images/the-ludae-ring-toi-et-moi-cigar-ring/rose.jpg,"=HYPERLINK(""https://cdn.shopify.com/s/files/1/0544/6408/6189/files/Rose1080_Top_bezelcigarToietmoi_00000.jpg?v=1766448646"",""View ring"")",the-ludae-ring-toi-et-moi-cigar-ring
,,,,"=IMAGE(""https://cdn.shopify.com/s/files/1/0544/6408/6189/files/Yellow1080_Top_Cigarbandpear_00000.jpg?v=1722220505"")",Engagement,Yellow Gold,The Ludae Ring - Pear Cigar Solitaire,1211.00,yellow.jpg,images/the-ludae-ring-pear-cigar-solitaire/yellow.jpg,"=HYPERLINK(""https://cdn.shopify.com/s/files/1/0544/6408/6189/files/Yellow1080_Top_Cigarbandpear_00000.jpg?v=1722220505"",""View ring"")",the-ludae-ring-pear-cigar-solitaire
,,,,"=IMAGE(""https://cdn.shopify.com/s/files/1/0544/6408/6189/files/White1080_Top_Cigarbandpear_00000.jpg?v=1722220505"")",Engagement,White Gold,The Ludae Ring - Pear Cigar Solitaire,1211.00,white.jpg,images/the-ludae-ring-pear-cigar-solitaire/white.jpg,"=HYPERLINK(""https://cdn.shopify.com/s/files/1/0544/6408/6189/files/White1080_Top_Cigarbandpear_00000.jpg?v=1722220505"",""View ring"")",the-ludae-ring-pear-cigar-solitaire
,,,,"=IMAGE(""https://cdn.shopify.com/s/files/1/0544/6408/6189/files/Rose1080_Top_Cigarbandpear_00000.jpg?v=1722220506"")",Engagement,Rose Gold,The Ludae Ring - Pear Cigar Solitaire,1211.00,rose.jpg,images/the-ludae-ring-pear-cigar-solitaire/rose.jpg,"=HYPERLINK(""https://cdn.shopify.com/s/files/1/0544/6408/6189/files/Rose1080_Top_Cigarbandpear_00000.jpg?v=1722220506"",""View ring"")",the-ludae-ring-pear-cigar-solitaire
,,,,"=IMAGE(""https://cdn.shopify.com/s/files/1/0544/6408/6189/files/Yellow1080_Top_Ludae_ring_CU_00000.jpg?v=1775004869"")",Engagement,Yellow Gold,The Ludae Ring - Elongated Cushion Cigar Solitaire,1211.00,yellow.jpg,images/the-ludae-ring-elongated-cushion-cigar-solitaire/yellow.jpg,"=HYPERLINK(""https://cdn.shopify.com/s/files/1/0544/6408/6189/files/Yellow1080_Top_Ludae_ring_CU_00000.jpg?v=1775004869"",""View ring"")",the-ludae-ring-elongated-cushion-cigar-solitaire
,,,,"=IMAGE(""https://cdn.shopify.com/s/files/1/0544/6408/6189/files/White1080_Top_LudearingCushion_00000.jpg?v=1775004869"")",Engagement,White Gold,The Ludae Ring - Elongated Cushion Cigar Solitaire,1211.00,white.jpg,images/the-ludae-ring-elongated-cushion-cigar-solitaire/white.jpg,"=HYPERLINK(""https://cdn.shopify.com/s/files/1/0544/6408/6189/files/White1080_Top_LudearingCushion_00000.jpg?v=1775004869"",""View ring"")",the-ludae-ring-elongated-cushion-cigar-solitaire
,,,,"=IMAGE(""https://cdn.shopify.com/s/files/1/0544/6408/6189/files/Rose1080_Top_Ludae_ring_CU_00000.jpg?v=1775004869"")",Engagement,Rose Gold,The Ludae Ring - Elongated Cushion Cigar Solitaire,1211.00,rose.jpg,images/the-ludae-ring-elongated-cushion-cigar-solitaire/rose.jpg,"=HYPERLINK(""https://cdn.shopify.com/s/files/1/0544/6408/6189/files/Rose1080_Top_Ludae_ring_CU_00000.jpg?v=1775004869"",""View ring"")",the-ludae-ring-elongated-cushion-cigar-solitaire
,,,,"=IMAGE(""https://cdn.shopify.com/s/files/1/0544/6408/6189/files/Yellow1080_Top_Ludae_ring_EM_00000.jpg?v=1726342469"")",Engagement,Yellow Gold,The Ludae Ring - Emerald Cigar Solitaire,1196.00,yellow.jpg,images/the-ludae-ring-emerald-cigar-solitaire/yellow.jpg,"=HYPERLINK(""https://cdn.shopify.com/s/files/1/0544/6408/6189/files/Yellow1080_Top_Ludae_ring_EM_00000.jpg?v=1726342469"",""View ring"")",the-ludae-ring-emerald-cigar-solitaire
,,,,"=IMAGE(""https://cdn.shopify.com/s/files/1/0544/6408/6189/files/White1080_Top_Cigarbandemerald_00000.jpg?v=1722220539"")",Engagement,White Gold,The Ludae Ring - Emerald Cigar Solitaire,1196.00,white.jpg,images/the-ludae-ring-emerald-cigar-solitaire/white.jpg,"=HYPERLINK(""https://cdn.shopify.com/s/files/1/0544/6408/6189/files/White1080_Top_Cigarbandemerald_00000.jpg?v=1722220539"",""View ring"")",the-ludae-ring-emerald-cigar-solitaire
,,,,"=IMAGE(""https://cdn.shopify.com/s/files/1/0544/6408/6189/files/Rose1080_Top_Ludae_ring_EM_00000.jpg?v=1726342468"")",Engagement,Rose Gold,The Ludae Ring - Emerald Cigar Solitaire,1196.00,rose.jpg,images/the-ludae-ring-emerald-cigar-solitaire/rose.jpg,"=HYPERLINK(""https://cdn.shopify.com/s/files/1/0544/6408/6189/files/Rose1080_Top_Ludae_ring_EM_00000.jpg?v=1726342468"",""View ring"")",the-ludae-ring-emerald-cigar-solitaire
,,,,,Engagement,Yellow Gold,The Isla Ring - 1.29ct Lab Grown Diamond Round Brilliant Solitaire,2867.00,,,,the-isla-ring-1-29ct-lab-grown-diamond-round-brilliant-solitaire
,,,,"=IMAGE(""https://cdn.shopify.com/s/files/1/0544/6408/6189/files/Top_5750Round4prong_White_00000_3af9b0d8-a141-4de4-bd04-fd3d6ffaccec.jpg?v=1759467272"")",Engagement,White Gold,The Isla Ring - 1.29ct Lab Grown Diamond Round Brilliant Solitaire,2867.00,white.jpg,images/the-isla-ring-1-29ct-lab-grown-diamond-round-brilliant-solitaire/white.jpg,"=HYPERLINK(""https://cdn.shopify.com/s/files/1/0544/6408/6189/files/Top_5750Round4prong_White_00000_3af9b0d8-a141-4de4-bd04-fd3d6ffaccec.jpg?v=1759467272"",""View ring"")",the-isla-ring-1-29ct-lab-grown-diamond-round-brilliant-solitaire
,,,,,Engagement,Rose Gold,The Isla Ring - 1.29ct Lab Grown Diamond Round Brilliant Solitaire,2867.00,,,,the-isla-ring-1-29ct-lab-grown-diamond-round-brilliant-solitaire
,,,,"=IMAGE(""https://cdn.shopify.com/s/files/1/0544/6408/6189/files/Yellow1080_Top_Marquisse_00000.jpg?v=1716857906"")",Engagement,Yellow Gold,The Eloise Ring - Marquise Antique Halo,1280.00,yellow.jpg,images/the-eloise-ring-marquise-antique-halo/yellow.jpg,"=HYPERLINK(""https://cdn.shopify.com/s/files/1/0544/6408/6189/files/Yellow1080_Top_Marquisse_00000.jpg?v=1716857906"",""View ring"")",the-eloise-ring-marquise-antique-halo
,,,,"=IMAGE(""https://cdn.shopify.com/s/files/1/0544/6408/6189/files/White1080_Top_Marquisse_00000.jpg?v=1717027086"")",Engagement,White Gold,The Eloise Ring - Marquise Antique Halo,1280.00,white.jpg,images/the-eloise-ring-marquise-antique-halo/white.jpg,"=HYPERLINK(""https://cdn.shopify.com/s/files/1/0544/6408/6189/files/White1080_Top_Marquisse_00000.jpg?v=1717027086"",""View ring"")",the-eloise-ring-marquise-antique-halo
,,,,"=IMAGE(""https://cdn.shopify.com/s/files/1/0544/6408/6189/files/Rose1080_Top_Marquisse_00000.jpg?v=1717027086"")",Engagement,Rose Gold,The Eloise Ring - Marquise Antique Halo,1280.00,rose.jpg,images/the-eloise-ring-marquise-antique-halo/rose.jpg,"=HYPERLINK(""https://cdn.shopify.com/s/files/1/0544/6408/6189/files/Rose1080_Top_Marquisse_00000.jpg?v=1717027086"",""View ring"")",the-eloise-ring-marquise-antique-halo
,,,,"=IMAGE(""https://cdn.shopify.com/s/files/1/0544/6408/6189/files/Yellow1080_Top_Emerald_00000.jpg?v=1716857720"")",Engagement,Yellow Gold,The Eloise Ring - Emerald Antique Halo,1280.00,yellow.jpg,images/the-eloise-ring-emerald-antique-halo/yellow.jpg,"=HYPERLINK(""https://cdn.shopify.com/s/files/1/0544/6408/6189/files/Yellow1080_Top_Emerald_00000.jpg?v=1716857720"",""View ring"")",the-eloise-ring-emerald-antique-halo
,,,,"=IMAGE(""https://cdn.shopify.com/s/files/1/0544/6408/6189/files/White1080_Top_Emerald_00000.jpg?v=1737507326"")",Engagement,White Gold,The Eloise Ring - Emerald Antique Halo,1280.00,white.jpg,images/the-eloise-ring-emerald-antique-halo/white.jpg,"=HYPERLINK(""https://cdn.shopify.com/s/files/1/0544/6408/6189/files/White1080_Top_Emerald_00000.jpg?v=1737507326"",""View ring"")",the-eloise-ring-emerald-antique-halo
,,,,"=IMAGE(""https://cdn.shopify.com/s/files/1/0544/6408/6189/files/Rose1080_Top_Emerald_00000.jpg?v=1737507326"")",Engagement,Rose Gold,The Eloise Ring - Emerald Antique Halo,1280.00,rose.jpg,images/the-eloise-ring-emerald-antique-halo/rose.jpg,"=HYPERLINK(""https://cdn.shopify.com/s/files/1/0544/6408/6189/files/Rose1080_Top_Emerald_00000.jpg?v=1737507326"",""View ring"")",the-eloise-ring-emerald-antique-halo
,,,,"=IMAGE(""https://cdn.shopify.com/s/files/1/0544/6408/6189/files/Yellow1080_Top_Pear_00000.jpg?v=1716856995"")",Engagement,Yellow Gold,The Eloise Ring - Pear Antique Halo,1280.00,yellow.jpg,images/the-eloise-ring-pear-antique-halo/yellow.jpg,"=HYPERLINK(""https://cdn.shopify.com/s/files/1/0544/6408/6189/files/Yellow1080_Top_Pear_00000.jpg?v=1716856995"",""View ring"")",the-eloise-ring-pear-antique-halo
,,,,"=IMAGE(""https://cdn.shopify.com/s/files/1/0544/6408/6189/files/White1080_Top_Pear_00000.jpg?v=1740032007"")",Engagement,White Gold,The Eloise Ring - Pear Antique Halo,1280.00,white.jpg,images/the-eloise-ring-pear-antique-halo/white.jpg,"=HYPERLINK(""https://cdn.shopify.com/s/files/1/0544/6408/6189/files/White1080_Top_Pear_00000.jpg?v=1740032007"",""View ring"")",the-eloise-ring-pear-antique-halo
,,,,"=IMAGE(""https://cdn.shopify.com/s/files/1/0544/6408/6189/files/Rose1080_Top_Pear_00000.jpg?v=1740032007"")",Engagement,Rose Gold,The Eloise Ring - Pear Antique Halo,1280.00,rose.jpg,images/the-eloise-ring-pear-antique-halo/rose.jpg,"=HYPERLINK(""https://cdn.shopify.com/s/files/1/0544/6408/6189/files/Rose1080_Top_Pear_00000.jpg?v=1740032007"",""View ring"")",the-eloise-ring-pear-antique-halo
,,,,"=IMAGE(""https://cdn.shopify.com/s/files/1/0544/6408/6189/files/Yellow1080_Top_Cushion_00000.jpg?v=1716856758"")",Engagement,Yellow Gold,The Eloise Ring - Elongated Cushion Antique Halo,1280.00,yellow.jpg,images/the-eloise-ring-elongated-cushion-antique-halo/yellow.jpg,"=HYPERLINK(""https://cdn.shopify.com/s/files/1/0544/6408/6189/files/Yellow1080_Top_Cushion_00000.jpg?v=1716856758"",""View ring"")",the-eloise-ring-elongated-cushion-antique-halo
,,,,"=IMAGE(""https://cdn.shopify.com/s/files/1/0544/6408/6189/files/White1080_Top_Cushion_00000.jpg?v=1716953311"")",Engagement,White Gold,The Eloise Ring - Elongated Cushion Antique Halo,1280.00,white.jpg,images/the-eloise-ring-elongated-cushion-antique-halo/white.jpg,"=HYPERLINK(""https://cdn.shopify.com/s/files/1/0544/6408/6189/files/White1080_Top_Cushion_00000.jpg?v=1716953311"",""View ring"")",the-eloise-ring-elongated-cushion-antique-halo
,,,,"=IMAGE(""https://cdn.shopify.com/s/files/1/0544/6408/6189/files/Rose1080_Top_Cushion_00000.jpg?v=1716953311"")",Engagement,Rose Gold,The Eloise Ring - Elongated Cushion Antique Halo,1280.00,rose.jpg,images/the-eloise-ring-elongated-cushion-antique-halo/rose.jpg,"=HYPERLINK(""https://cdn.shopify.com/s/files/1/0544/6408/6189/files/Rose1080_Top_Cushion_00000.jpg?v=1716953311"",""View ring"")",the-eloise-ring-elongated-cushion-antique-halo
,,,,"=IMAGE(""https://cdn.shopify.com/s/files/1/0544/6408/6189/files/Yellow1080_Top_Round_00000.jpg?v=1716856412"")",Engagement,Yellow Gold,The Eloise Ring - Round Antique Halo,1280.00,yellow.jpg,images/the-eloise-ring-round-antique-halo/yellow.jpg,"=HYPERLINK(""https://cdn.shopify.com/s/files/1/0544/6408/6189/files/Yellow1080_Top_Round_00000.jpg?v=1716856412"",""View ring"")",the-eloise-ring-round-antique-halo
,,,,"=IMAGE(""https://cdn.shopify.com/s/files/1/0544/6408/6189/files/White1080_Top_Round_00000.jpg?v=1740032024"")",Engagement,White Gold,The Eloise Ring - Round Antique Halo,1280.00,white.jpg,images/the-eloise-ring-round-antique-halo/white.jpg,"=HYPERLINK(""https://cdn.shopify.com/s/files/1/0544/6408/6189/files/White1080_Top_Round_00000.jpg?v=1740032024"",""View ring"")",the-eloise-ring-round-antique-halo
,,,,"=IMAGE(""https://cdn.shopify.com/s/files/1/0544/6408/6189/files/Rose1080_Top_Round_00000.jpg?v=1740032024"")",Engagement,Rose Gold,The Eloise Ring - Round Antique Halo,1280.00,rose.jpg,images/the-eloise-ring-round-antique-halo/rose.jpg,"=HYPERLINK(""https://cdn.shopify.com/s/files/1/0544/6408/6189/files/Rose1080_Top_Round_00000.jpg?v=1740032024"",""View ring"")",the-eloise-ring-round-antique-halo
,,,,,Engagement,Yellow Gold,The Audrey Ring - 1.9ct Moissanite Emerald Solitaire,1894.00,,,,the-audrey-ring-8x6mm-1-9ct-moissanite-emerald-solitaire-with-hidden-halo
,,,,"=IMAGE(""https://cdn.shopify.com/s/files/1/0544/6408/6189/files/Top_6153_White_00000_bd1597b7-0c90-4b83-8f79-e26ae33c6276.jpg?v=1712740757"")",Engagement,White Gold,The Audrey Ring - 1.9ct Moissanite Emerald Solitaire,1894.00,white.jpg,images/the-audrey-ring-8x6mm-1-9ct-moissanite-emerald-solitaire-with-hidden-halo/white.jpg,"=HYPERLINK(""https://cdn.shopify.com/s/files/1/0544/6408/6189/files/Top_6153_White_00000_bd1597b7-0c90-4b83-8f79-e26ae33c6276.jpg?v=1712740757"",""View ring"")",the-audrey-ring-8x6mm-1-9ct-moissanite-emerald-solitaire-with-hidden-halo
,,,,,Engagement,Rose Gold,The Audrey Ring - 1.9ct Moissanite Emerald Solitaire,1894.00,,,,the-audrey-ring-8x6mm-1-9ct-moissanite-emerald-solitaire-with-hidden-halo
,,,,"=IMAGE(""https://cdn.shopify.com/s/files/1/0544/6408/6189/files/Top_ElongatedCushion_Yellow_00000.jpg?v=1696808611"")",Engagement,Yellow Gold,The Emerie Ring - Elongated Cushion Double Band Solitaire,1465.00,yellow.jpg,images/the-emerie-ring-elongated-cushion-solitaire/yellow.jpg,"=HYPERLINK(""https://cdn.shopify.com/s/files/1/0544/6408/6189/files/Top_ElongatedCushion_Yellow_00000.jpg?v=1696808611"",""View ring"")",the-emerie-ring-elongated-cushion-solitaire
,,,,"=IMAGE(""https://cdn.shopify.com/s/files/1/0544/6408/6189/files/Top_ElongatedCushion_White_00000.jpg?v=1698200044"")",Engagement,White Gold,The Emerie Ring - Elongated Cushion Double Band Solitaire,1465.00,white.jpg,images/the-emerie-ring-elongated-cushion-solitaire/white.jpg,"=HYPERLINK(""https://cdn.shopify.com/s/files/1/0544/6408/6189/files/Top_ElongatedCushion_White_00000.jpg?v=1698200044"",""View ring"")",the-emerie-ring-elongated-cushion-solitaire
,,,,"=IMAGE(""https://cdn.shopify.com/s/files/1/0544/6408/6189/files/Top_ElongatedCushion_Rose_00000.jpg?v=1698200044"")",Engagement,Rose Gold,The Emerie Ring - Elongated Cushion Double Band Solitaire,1465.00,rose.jpg,images/the-emerie-ring-elongated-cushion-solitaire/rose.jpg,"=HYPERLINK(""https://cdn.shopify.com/s/files/1/0544/6408/6189/files/Top_ElongatedCushion_Rose_00000.jpg?v=1698200044"",""View ring"")",the-emerie-ring-elongated-cushion-solitaire
,,,,"=IMAGE(""https://cdn.shopify.com/s/files/1/0544/6408/6189/files/Top_Radiant_Yellow_00000.jpg?v=1696808168"")",Engagement,Yellow Gold,The Emerie Ring - Radiant Double Band Solitaire,1465.00,yellow.jpg,images/the-emerie-radiant-solitaire/yellow.jpg,"=HYPERLINK(""https://cdn.shopify.com/s/files/1/0544/6408/6189/files/Top_Radiant_Yellow_00000.jpg?v=1696808168"",""View ring"")",the-emerie-radiant-solitaire
,,,,"=IMAGE(""https://cdn.shopify.com/s/files/1/0544/6408/6189/files/Top_Radiant_White_00000.jpg?v=1697594119"")",Engagement,White Gold,The Emerie Ring - Radiant Double Band Solitaire,1465.00,white.jpg,images/the-emerie-radiant-solitaire/white.jpg,"=HYPERLINK(""https://cdn.shopify.com/s/files/1/0544/6408/6189/files/Top_Radiant_White_00000.jpg?v=1697594119"",""View ring"")",the-emerie-radiant-solitaire
,,,,"=IMAGE(""https://cdn.shopify.com/s/files/1/0544/6408/6189/files/Top_Radiant_Rose_00000.jpg?v=1697594119"")",Engagement,Rose Gold,The Emerie Ring - Radiant Double Band Solitaire,1465.00,rose.jpg,images/the-emerie-radiant-solitaire/rose.jpg,"=HYPERLINK(""https://cdn.shopify.com/s/files/1/0544/6408/6189/files/Top_Radiant_Rose_00000.jpg?v=1697594119"",""View ring"")",the-emerie-radiant-solitaire
,,,,"=IMAGE(""https://cdn.shopify.com/s/files/1/0544/6408/6189/files/Top_Marquise_Yellow_00000.jpg?v=1697594206"")",Engagement,Yellow Gold,The Emerie Ring - Marquise Double Band Solitaire,1465.00,yellow.jpg,images/the-emerie-marquise-solitaire/yellow.jpg,"=HYPERLINK(""https://cdn.shopify.com/s/files/1/0544/6408/6189/files/Top_Marquise_Yellow_00000.jpg?v=1697594206"",""View ring"")",the-emerie-marquise-solitaire
,,,,"=IMAGE(""https://cdn.shopify.com/s/files/1/0544/6408/6189/files/Top_Marquise_White_00000.jpg?v=1697594206"")",Engagement,White Gold,The Emerie Ring - Marquise Double Band Solitaire,1465.00,white.jpg,images/the-emerie-marquise-solitaire/white.jpg,"=HYPERLINK(""https://cdn.shopify.com/s/files/1/0544/6408/6189/files/Top_Marquise_White_00000.jpg?v=1697594206"",""View ring"")",the-emerie-marquise-solitaire
,,,,"=IMAGE(""https://cdn.shopify.com/s/files/1/0544/6408/6189/files/Top_Marquise_Rose_00000.jpg?v=1697594206"")",Engagement,Rose Gold,The Emerie Ring - Marquise Double Band Solitaire,1465.00,rose.jpg,images/the-emerie-marquise-solitaire/rose.jpg,"=HYPERLINK(""https://cdn.shopify.com/s/files/1/0544/6408/6189/files/Top_Marquise_Rose_00000.jpg?v=1697594206"",""View ring"")",the-emerie-marquise-solitaire
,,,,"=IMAGE(""https://cdn.shopify.com/s/files/1/0544/6408/6189/files/Top_Pear_4_Yellow_00000.jpg?v=1697590534"")",Engagement,Yellow Gold,The Emerie Ring - Pear Double Band Solitaire,1465.00,yellow.jpg,images/the-emerie-ring-pear-solitaire/yellow.jpg,"=HYPERLINK(""https://cdn.shopify.com/s/files/1/0544/6408/6189/files/Top_Pear_4_Yellow_00000.jpg?v=1697590534"",""View ring"")",the-emerie-ring-pear-solitaire
,,,,"=IMAGE(""https://cdn.shopify.com/s/files/1/0544/6408/6189/files/Top_Pear_4_White_00000.jpg?v=1697594359"")",Engagement,White Gold,The Emerie Ring - Pear Double Band Solitaire,1465.00,white.jpg,images/the-emerie-ring-pear-solitaire/white.jpg,"=HYPERLINK(""https://cdn.shopify.com/s/files/1/0544/6408/6189/files/Top_Pear_4_White_00000.jpg?v=1697594359"",""View ring"")",the-emerie-ring-pear-solitaire
,,,,"=IMAGE(""https://cdn.shopify.com/s/files/1/0544/6408/6189/files/Top_Pear_4_Rose_00000.jpg?v=1697594359"")",Engagement,Rose Gold,The Emerie Ring - Pear Double Band Solitaire,1465.00,rose.jpg,images/the-emerie-ring-pear-solitaire/rose.jpg,"=HYPERLINK(""https://cdn.shopify.com/s/files/1/0544/6408/6189/files/Top_Pear_4_Rose_00000.jpg?v=1697594359"",""View ring"")",the-emerie-ring-pear-solitaire
,,,,"=IMAGE(""https://cdn.shopify.com/s/files/1/0544/6408/6189/files/Top_Emerald_Yellow_00000.jpg?v=1696807172"")",Engagement,Yellow Gold,The Emerie Ring - Emerald Double Band Solitaire,1465.00,yellow.jpg,images/the-emerie-ring-emerald-solitaire/yellow.jpg,"=HYPERLINK(""https://cdn.shopify.com/s/files/1/0544/6408/6189/files/Top_Emerald_Yellow_00000.jpg?v=1696807172"",""View ring"")",the-emerie-ring-emerald-solitaire
,,,,"=IMAGE(""https://cdn.shopify.com/s/files/1/0544/6408/6189/files/Top_Emerald_White_00000.jpg?v=1698199543"")",Engagement,White Gold,The Emerie Ring - Emerald Double Band Solitaire,1465.00,white.jpg,images/the-emerie-ring-emerald-solitaire/white.jpg,"=HYPERLINK(""https://cdn.shopify.com/s/files/1/0544/6408/6189/files/Top_Emerald_White_00000.jpg?v=1698199543"",""View ring"")",the-emerie-ring-emerald-solitaire
,,,,"=IMAGE(""https://cdn.shopify.com/s/files/1/0544/6408/6189/files/Top_Emerald_Rose_00000.jpg?v=1698199543"")",Engagement,Rose Gold,The Emerie Ring - Emerald Double Band Solitaire,1465.00,rose.jpg,images/the-emerie-ring-emerald-solitaire/rose.jpg,"=HYPERLINK(""https://cdn.shopify.com/s/files/1/0544/6408/6189/files/Top_Emerald_Rose_00000.jpg?v=1698199543"",""View ring"")",the-emerie-ring-emerald-solitaire
,,,,"=IMAGE(""https://cdn.shopify.com/s/files/1/0544/6408/6189/files/Yellow1080_Top_AsscherCutSolitaire_00000.jpg?v=1727221725"")",Engagement,Yellow Gold,The Elmira Ring - Asscher Solitaire,825.00,yellow.jpg,images/the-elmira-ring-asscher-solitaire-1/yellow.jpg,"=HYPERLINK(""https://cdn.shopify.com/s/files/1/0544/6408/6189/files/Yellow1080_Top_AsscherCutSolitaire_00000.jpg?v=1727221725"",""View ring"")",the-elmira-ring-asscher-solitaire-1
,,,,"=IMAGE(""https://cdn.shopify.com/s/files/1/0544/6408/6189/files/White1080_Top_Asscher_Cut_Solitaire_00000_da1b96a2-ad21-44dd-bf7e-3948f2ad4ee2.jpg?v=1742776672"")",Engagement,White Gold,The Elmira Ring - Asscher Solitaire,825.00,white.jpg,images/the-elmira-ring-asscher-solitaire-1/white.jpg,"=HYPERLINK(""https://cdn.shopify.com/s/files/1/0544/6408/6189/files/White1080_Top_Asscher_Cut_Solitaire_00000_da1b96a2-ad21-44dd-bf7e-3948f2ad4ee2.jpg?v=1742776672"",""View ring"")",the-elmira-ring-asscher-solitaire-1
,,,,"=IMAGE(""https://cdn.shopify.com/s/files/1/0544/6408/6189/files/Rose1080_Top_AsscherCutSolitaire_00000_2a453671-f64c-47b5-944b-0a4a85297849.jpg?v=1742777330"")",Engagement,Rose Gold,The Elmira Ring - Asscher Solitaire,825.00,rose.jpg,images/the-elmira-ring-asscher-solitaire-1/rose.jpg,"=HYPERLINK(""https://cdn.shopify.com/s/files/1/0544/6408/6189/files/Rose1080_Top_AsscherCutSolitaire_00000_2a453671-f64c-47b5-944b-0a4a85297849.jpg?v=1742777330"",""View ring"")",the-elmira-ring-asscher-solitaire-1
,,,,"=IMAGE(""https://cdn.shopify.com/s/files/1/0544/6408/6189/files/Yellow1080_Top_Ovalwithpear_marquiseaccents_00000.jpg?v=1770094171"")",Engagement,Yellow Gold,The Laurel Ring - Oval with Pear and Marquise Accents,1317.00,yellow.jpg,images/the-laurel-ring-oval-trilogy-with-pear-and-marquise-accents/yellow.jpg,"=HYPERLINK(""https://cdn.shopify.com/s/files/1/0544/6408/6189/files/Yellow1080_Top_Ovalwithpear_marquiseaccents_00000.jpg?v=1770094171"",""View ring"")",the-laurel-ring-oval-trilogy-with-pear-and-marquise-accents
,,,,,Engagement,White Gold,The Laurel Ring - Oval with Pear and Marquise Accents,1317.00,,,,the-laurel-ring-oval-trilogy-with-pear-and-marquise-accents
,,,,"=IMAGE(""https://cdn.shopify.com/s/files/1/0544/6408/6189/files/Rose1080_Top_Ovalwithpear_marquiseaccents_00000.jpg?v=1770094171"")",Engagement,Rose Gold,The Laurel Ring - Oval with Pear and Marquise Accents,1317.00,rose.jpg,images/the-laurel-ring-oval-trilogy-with-pear-and-marquise-accents/rose.jpg,"=HYPERLINK(""https://cdn.shopify.com/s/files/1/0544/6408/6189/files/Rose1080_Top_Ovalwithpear_marquiseaccents_00000.jpg?v=1770094171"",""View ring"")",the-laurel-ring-oval-trilogy-with-pear-and-marquise-accents
,,,,"=IMAGE(""https://cdn.shopify.com/s/files/1/0544/6408/6189/files/Top_6689001_Yellow_00000.jpg?v=1700611231"")",Engagement,Yellow Gold,The Paloma Ring - Cushion Halo,1249.00,yellow.jpg,images/the-paloma-ring-cushion-halo/yellow.jpg,"=HYPERLINK(""https://cdn.shopify.com/s/files/1/0544/6408/6189/files/Top_6689001_Yellow_00000.jpg?v=1700611231"",""View ring"")",the-paloma-ring-cushion-halo
,,,,"=IMAGE(""https://cdn.shopify.com/s/files/1/0544/6408/6189/files/Top_6689001_White_00000.jpg?v=1700611231"")",Engagement,White Gold,The Paloma Ring - Cushion Halo,1249.00,white.jpg,images/the-paloma-ring-cushion-halo/white.jpg,"=HYPERLINK(""https://cdn.shopify.com/s/files/1/0544/6408/6189/files/Top_6689001_White_00000.jpg?v=1700611231"",""View ring"")",the-paloma-ring-cushion-halo
,,,,"=IMAGE(""https://cdn.shopify.com/s/files/1/0544/6408/6189/files/Top_6689001_Rose_00000.jpg?v=1700611231"")",Engagement,Rose Gold,The Paloma Ring - Cushion Halo,1249.00,rose.jpg,images/the-paloma-ring-cushion-halo/rose.jpg,"=HYPERLINK(""https://cdn.shopify.com/s/files/1/0544/6408/6189/files/Top_6689001_Rose_00000.jpg?v=1700611231"",""View ring"")",the-paloma-ring-cushion-halo
,,,,"=IMAGE(""https://cdn.shopify.com/s/files/1/0544/6408/6189/files/Top_5966_2_Yellow_00000.jpg?v=1696483547"")",Engagement,Yellow Gold,The Luise Ring® - Oval Solitaire With Knife Edge Band,910.00,yellow.jpg,images/the-luise-ring-oval-solitaire-with-knife-edge-band/yellow.jpg,"=HYPERLINK(""https://cdn.shopify.com/s/files/1/0544/6408/6189/files/Top_5966_2_Yellow_00000.jpg?v=1696483547"",""View ring"")",the-luise-ring-oval-solitaire-with-knife-edge-band
,,,,"=IMAGE(""https://cdn.shopify.com/s/files/1/0544/6408/6189/files/Top_5966_2_White_00000.jpg?v=1696483547"")",Engagement,White Gold,The Luise Ring® - Oval Solitaire With Knife Edge Band,910.00,white.jpg,images/the-luise-ring-oval-solitaire-with-knife-edge-band/white.jpg,"=HYPERLINK(""https://cdn.shopify.com/s/files/1/0544/6408/6189/files/Top_5966_2_White_00000.jpg?v=1696483547"",""View ring"")",the-luise-ring-oval-solitaire-with-knife-edge-band
,,,,"=IMAGE(""https://cdn.shopify.com/s/files/1/0544/6408/6189/files/Top_5966_2_Rose_00000.jpg?v=1696483547"")",Engagement,Rose Gold,The Luise Ring® - Oval Solitaire With Knife Edge Band,910.00,rose.jpg,images/the-luise-ring-oval-solitaire-with-knife-edge-band/rose.jpg,"=HYPERLINK(""https://cdn.shopify.com/s/files/1/0544/6408/6189/files/Top_5966_2_Rose_00000.jpg?v=1696483547"",""View ring"")",the-luise-ring-oval-solitaire-with-knife-edge-band
,,,,"=IMAGE(""https://cdn.shopify.com/s/files/1/0544/6408/6189/files/Top_5898_Yellow_00000.jpg?v=1696482941"")",Engagement,Yellow Gold,The Fleur Ring - Oval With Round Brilliant Accent Stones,1180.00,yellow.jpg,images/the-fleur-ring-oval-with-round-brilliant-accent-stones/yellow.jpg,"=HYPERLINK(""https://cdn.shopify.com/s/files/1/0544/6408/6189/files/Top_5898_Yellow_00000.jpg?v=1696482941"",""View ring"")",the-fleur-ring-oval-with-round-brilliant-accent-stones
,,,,"=IMAGE(""https://cdn.shopify.com/s/files/1/0544/6408/6189/files/Top_5898_White_00000.jpg?v=1696482941"")",Engagement,White Gold,The Fleur Ring - Oval With Round Brilliant Accent Stones,1180.00,white.jpg,images/the-fleur-ring-oval-with-round-brilliant-accent-stones/white.jpg,"=HYPERLINK(""https://cdn.shopify.com/s/files/1/0544/6408/6189/files/Top_5898_White_00000.jpg?v=1696482941"",""View ring"")",the-fleur-ring-oval-with-round-brilliant-accent-stones
,,,,"=IMAGE(""https://cdn.shopify.com/s/files/1/0544/6408/6189/files/Top_5898_Rose_00000.jpg?v=1696482941"")",Engagement,Rose Gold,The Fleur Ring - Oval With Round Brilliant Accent Stones,1180.00,rose.jpg,images/the-fleur-ring-oval-with-round-brilliant-accent-stones/rose.jpg,"=HYPERLINK(""https://cdn.shopify.com/s/files/1/0544/6408/6189/files/Top_5898_Rose_00000.jpg?v=1696482941"",""View ring"")",the-fleur-ring-oval-with-round-brilliant-accent-stones
,,,,"=IMAGE(""https://cdn.shopify.com/s/files/1/0544/6408/6189/files/Top_6360_2_Yellow_00000.jpg?v=1698040182"")",Engagement,Yellow Gold,The Arie Ring - Marquise Halo,1264.00,yellow.jpg,images/the-arie-ring-marquise-halo/yellow.jpg,"=HYPERLINK(""https://cdn.shopify.com/s/files/1/0544/6408/6189/files/Top_6360_2_Yellow_00000.jpg?v=1698040182"",""View ring"")",the-arie-ring-marquise-halo
,,,,"=IMAGE(""https://cdn.shopify.com/s/files/1/0544/6408/6189/files/Top_6360_2_White_00000.jpg?v=1698040182"")",Engagement,White Gold,The Arie Ring - Marquise Halo,1264.00,white.jpg,images/the-arie-ring-marquise-halo/white.jpg,"=HYPERLINK(""https://cdn.shopify.com/s/files/1/0544/6408/6189/files/Top_6360_2_White_00000.jpg?v=1698040182"",""View ring"")",the-arie-ring-marquise-halo
,,,,"=IMAGE(""https://cdn.shopify.com/s/files/1/0544/6408/6189/files/Top_6360_2_Rose_00000.jpg?v=1698040182"")",Engagement,Rose Gold,The Arie Ring - Marquise Halo,1264.00,rose.jpg,images/the-arie-ring-marquise-halo/rose.jpg,"=HYPERLINK(""https://cdn.shopify.com/s/files/1/0544/6408/6189/files/Top_6360_2_Rose_00000.jpg?v=1698040182"",""View ring"")",the-arie-ring-marquise-halo
,,,,"=IMAGE(""https://cdn.shopify.com/s/files/1/0544/6408/6189/files/Top_6604V2_Yellow_00000.jpg?v=1701132987"")",Engagement,Yellow Gold,The Ophelia Ring - Elongated Cushion Halo,1211.00,yellow.jpg,images/the-ophelia-ring-elongated-cushion-halo/yellow.jpg,"=HYPERLINK(""https://cdn.shopify.com/s/files/1/0544/6408/6189/files/Top_6604V2_Yellow_00000.jpg?v=1701132987"",""View ring"")",the-ophelia-ring-elongated-cushion-halo
,,,,"=IMAGE(""https://cdn.shopify.com/s/files/1/0544/6408/6189/files/Top_6604V2_White_00000.jpg?v=1701132987"")",Engagement,White Gold,The Ophelia Ring - Elongated Cushion Halo,1211.00,white.jpg,images/the-ophelia-ring-elongated-cushion-halo/white.jpg,"=HYPERLINK(""https://cdn.shopify.com/s/files/1/0544/6408/6189/files/Top_6604V2_White_00000.jpg?v=1701132987"",""View ring"")",the-ophelia-ring-elongated-cushion-halo
,,,,"=IMAGE(""https://cdn.shopify.com/s/files/1/0544/6408/6189/files/Top_6604V2_Rose_00000.jpg?v=1701132987"")",Engagement,Rose Gold,The Ophelia Ring - Elongated Cushion Halo,1211.00,rose.jpg,images/the-ophelia-ring-elongated-cushion-halo/rose.jpg,"=HYPERLINK(""https://cdn.shopify.com/s/files/1/0544/6408/6189/files/Top_6604V2_Rose_00000.jpg?v=1701132987"",""View ring"")",the-ophelia-ring-elongated-cushion-halo
,,,,"=IMAGE(""https://cdn.shopify.com/s/files/1/0544/6408/6189/files/Top_5713_Yellow_00000.jpg?v=1701132375"")",Engagement,Yellow Gold,The Vienna Ring - Radiant Halo,1264.00,yellow.jpg,images/the-vienna-ring-radiant-halo/yellow.jpg,"=HYPERLINK(""https://cdn.shopify.com/s/files/1/0544/6408/6189/files/Top_5713_Yellow_00000.jpg?v=1701132375"",""View ring"")",the-vienna-ring-radiant-halo
,,,,"=IMAGE(""https://cdn.shopify.com/s/files/1/0544/6408/6189/files/Top_5713_White_00000.jpg?v=1701132375"")",Engagement,White Gold,The Vienna Ring - Radiant Halo,1264.00,white.jpg,images/the-vienna-ring-radiant-halo/white.jpg,"=HYPERLINK(""https://cdn.shopify.com/s/files/1/0544/6408/6189/files/Top_5713_White_00000.jpg?v=1701132375"",""View ring"")",the-vienna-ring-radiant-halo
,,,,"=IMAGE(""https://cdn.shopify.com/s/files/1/0544/6408/6189/files/Top_5713_Rose_00000.jpg?v=1701132375"")",Engagement,Rose Gold,The Vienna Ring - Radiant Halo,1264.00,rose.jpg,images/the-vienna-ring-radiant-halo/rose.jpg,"=HYPERLINK(""https://cdn.shopify.com/s/files/1/0544/6408/6189/files/Top_5713_Rose_00000.jpg?v=1701132375"",""View ring"")",the-vienna-ring-radiant-halo
,,,,"=IMAGE(""https://cdn.shopify.com/s/files/1/0544/6408/6189/files/Yellow1080_Top_113_00000.jpg?v=1754889604"")",Engagement & Wedding,Yellow Gold,The Winslow Ring -  Oval Half Bezel Signet,1037.00,yellow.jpg,images/the-winslow-ring-oval-half-bezel-signet/yellow.jpg,"=HYPERLINK(""https://cdn.shopify.com/s/files/1/0544/6408/6189/files/Yellow1080_Top_113_00000.jpg?v=1754889604"",""View ring"")",the-winslow-ring-oval-half-bezel-signet
,,,,"=IMAGE(""https://cdn.shopify.com/s/files/1/0544/6408/6189/files/White1080_Top_113_00000.jpg?v=1754890367"")",Engagement & Wedding,White Gold,The Winslow Ring -  Oval Half Bezel Signet,1037.00,white.jpg,images/the-winslow-ring-oval-half-bezel-signet/white.jpg,"=HYPERLINK(""https://cdn.shopify.com/s/files/1/0544/6408/6189/files/White1080_Top_113_00000.jpg?v=1754890367"",""View ring"")",the-winslow-ring-oval-half-bezel-signet
,,,,"=IMAGE(""https://cdn.shopify.com/s/files/1/0544/6408/6189/files/Rose1080_Top_113_00000.jpg?v=1754890367"")",Engagement & Wedding,Rose Gold,The Winslow Ring -  Oval Half Bezel Signet,1037.00,rose.jpg,images/the-winslow-ring-oval-half-bezel-signet/rose.jpg,"=HYPERLINK(""https://cdn.shopify.com/s/files/1/0544/6408/6189/files/Rose1080_Top_113_00000.jpg?v=1754890367"",""View ring"")",the-winslow-ring-oval-half-bezel-signet
,,,,"=IMAGE(""https://cdn.shopify.com/s/files/1/0544/6408/6189/files/Yellow1080_Top_114_00000.jpg?v=1754891241"")",Engagement & Wedding,Yellow Gold,The Winslow Ring - Emerald Half Bezel Signet,1037.00,yellow.jpg,images/the-winslow-ring-emerald-half-bezel-signet/yellow.jpg,"=HYPERLINK(""https://cdn.shopify.com/s/files/1/0544/6408/6189/files/Yellow1080_Top_114_00000.jpg?v=1754891241"",""View ring"")",the-winslow-ring-emerald-half-bezel-signet
,,,,"=IMAGE(""https://cdn.shopify.com/s/files/1/0544/6408/6189/files/White1080_Top_114_00000.jpg?v=1766454119"")",Engagement & Wedding,White Gold,The Winslow Ring - Emerald Half Bezel Signet,1037.00,white.jpg,images/the-winslow-ring-emerald-half-bezel-signet/white.jpg,"=HYPERLINK(""https://cdn.shopify.com/s/files/1/0544/6408/6189/files/White1080_Top_114_00000.jpg?v=1766454119"",""View ring"")",the-winslow-ring-emerald-half-bezel-signet
,,,,"=IMAGE(""https://cdn.shopify.com/s/files/1/0544/6408/6189/files/Rose1080_Top_114_00000.jpg?v=1766454119"")",Engagement & Wedding,Rose Gold,The Winslow Ring - Emerald Half Bezel Signet,1037.00,rose.jpg,images/the-winslow-ring-emerald-half-bezel-signet/rose.jpg,"=HYPERLINK(""https://cdn.shopify.com/s/files/1/0544/6408/6189/files/Rose1080_Top_114_00000.jpg?v=1766454119"",""View ring"")",the-winslow-ring-emerald-half-bezel-signet
,,,,"=IMAGE(""https://cdn.shopify.com/s/files/1/0544/6408/6189/files/Yellow1080_Top_115_00000.jpg?v=1754891597"")",Engagement & Wedding,Yellow Gold,The Winslow Ring - Radiant Half Bezel Signet,1037.00,yellow.jpg,images/the-winslow-ring-radiant-half-bezel-signet/yellow.jpg,"=HYPERLINK(""https://cdn.shopify.com/s/files/1/0544/6408/6189/files/Yellow1080_Top_115_00000.jpg?v=1754891597"",""View ring"")",the-winslow-ring-radiant-half-bezel-signet
,,,,"=IMAGE(""https://cdn.shopify.com/s/files/1/0544/6408/6189/files/White1080_Top_115_00000.jpg?v=1766454109"")",Engagement & Wedding,White Gold,The Winslow Ring - Radiant Half Bezel Signet,1037.00,white.jpg,images/the-winslow-ring-radiant-half-bezel-signet/white.jpg,"=HYPERLINK(""https://cdn.shopify.com/s/files/1/0544/6408/6189/files/White1080_Top_115_00000.jpg?v=1766454109"",""View ring"")",the-winslow-ring-radiant-half-bezel-signet
,,,,"=IMAGE(""https://cdn.shopify.com/s/files/1/0544/6408/6189/files/Rose1080_Top_115_00000.jpg?v=1766454109"")",Engagement & Wedding,Rose Gold,The Winslow Ring - Radiant Half Bezel Signet,1037.00,rose.jpg,images/the-winslow-ring-radiant-half-bezel-signet/rose.jpg,"=HYPERLINK(""https://cdn.shopify.com/s/files/1/0544/6408/6189/files/Rose1080_Top_115_00000.jpg?v=1766454109"",""View ring"")",the-winslow-ring-radiant-half-bezel-signet
,,,,"=IMAGE(""https://cdn.shopify.com/s/files/1/0544/6408/6189/files/Yellow1080_Top_112_00000.jpg?v=1754892158"")",Engagement & Wedding,Yellow Gold,The Winslow Ring - Elongated Cushion Half Bezel Signet,1037.00,yellow.jpg,images/the-winslow-ring-elongated-cushion-half-bezel-signet/yellow.jpg,"=HYPERLINK(""https://cdn.shopify.com/s/files/1/0544/6408/6189/files/Yellow1080_Top_112_00000.jpg?v=1754892158"",""View ring"")",the-winslow-ring-elongated-cushion-half-bezel-signet
,,,,"=IMAGE(""https://cdn.shopify.com/s/files/1/0544/6408/6189/files/White1080_Top_112_00000.jpg?v=1754892290"")",Engagement & Wedding,White Gold,The Winslow Ring - Elongated Cushion Half Bezel Signet,1037.00,white.jpg,images/the-winslow-ring-elongated-cushion-half-bezel-signet/white.jpg,"=HYPERLINK(""https://cdn.shopify.com/s/files/1/0544/6408/6189/files/White1080_Top_112_00000.jpg?v=1754892290"",""View ring"")",the-winslow-ring-elongated-cushion-half-bezel-signet
,,,,"=IMAGE(""https://cdn.shopify.com/s/files/1/0544/6408/6189/files/Rose1080_Top_112_00000.jpg?v=1754892290"")",Engagement & Wedding,Rose Gold,The Winslow Ring - Elongated Cushion Half Bezel Signet,1037.00,rose.jpg,images/the-winslow-ring-elongated-cushion-half-bezel-signet/rose.jpg,"=HYPERLINK(""https://cdn.shopify.com/s/files/1/0544/6408/6189/files/Rose1080_Top_112_00000.jpg?v=1754892290"",""View ring"")",the-winslow-ring-elongated-cushion-half-bezel-signet
,,,,"=IMAGE(""https://cdn.shopify.com/s/files/1/0544/6408/6189/files/Yellow1080_Top_111_00000.jpg?v=1754892565"")",Engagement & Wedding,Yellow Gold,The Winslow Ring - Round Half Bezel Signet,1037.00,yellow.jpg,images/the-winslow-ring-round-half-bezel-signet/yellow.jpg,"=HYPERLINK(""https://cdn.shopify.com/s/files/1/0544/6408/6189/files/Yellow1080_Top_111_00000.jpg?v=1754892565"",""View ring"")",the-winslow-ring-round-half-bezel-signet
,,,,"=IMAGE(""https://cdn.shopify.com/s/files/1/0544/6408/6189/files/White1080_Top_111_00000.jpg?v=1754892565"")",Engagement & Wedding,White Gold,The Winslow Ring - Round Half Bezel Signet,1037.00,white.jpg,images/the-winslow-ring-round-half-bezel-signet/white.jpg,"=HYPERLINK(""https://cdn.shopify.com/s/files/1/0544/6408/6189/files/White1080_Top_111_00000.jpg?v=1754892565"",""View ring"")",the-winslow-ring-round-half-bezel-signet
,,,,"=IMAGE(""https://cdn.shopify.com/s/files/1/0544/6408/6189/files/Rose1080_Top_111_00000.jpg?v=1754892565"")",Engagement & Wedding,Rose Gold,The Winslow Ring - Round Half Bezel Signet,1037.00,rose.jpg,images/the-winslow-ring-round-half-bezel-signet/rose.jpg,"=HYPERLINK(""https://cdn.shopify.com/s/files/1/0544/6408/6189/files/Rose1080_Top_111_00000.jpg?v=1754892565"",""View ring"")",the-winslow-ring-round-half-bezel-signet
,,,,"=IMAGE(""https://cdn.shopify.com/s/files/1/0544/6408/6189/files/Yellow1080_Top_116_00000.jpg?v=1754890673"")",Engagement & Wedding,Yellow Gold,The Winslow Ring -  Pear Half Bezel Signet,1011.00,yellow.jpg,images/the-winslow-ring-pear-half-bezel-signet/yellow.jpg,"=HYPERLINK(""https://cdn.shopify.com/s/files/1/0544/6408/6189/files/Yellow1080_Top_116_00000.jpg?v=1754890673"",""View ring"")",the-winslow-ring-pear-half-bezel-signet
,,,,"=IMAGE(""https://cdn.shopify.com/s/files/1/0544/6408/6189/files/White1080_Top_116_00000.jpg?v=1754891000"")",Engagement & Wedding,White Gold,The Winslow Ring -  Pear Half Bezel Signet,1011.00,white.jpg,images/the-winslow-ring-pear-half-bezel-signet/white.jpg,"=HYPERLINK(""https://cdn.shopify.com/s/files/1/0544/6408/6189/files/White1080_Top_116_00000.jpg?v=1754891000"",""View ring"")",the-winslow-ring-pear-half-bezel-signet
,,,,"=IMAGE(""https://cdn.shopify.com/s/files/1/0544/6408/6189/files/Rose1080_Top_116_00000.jpg?v=1754891000"")",Engagement & Wedding,Rose Gold,The Winslow Ring -  Pear Half Bezel Signet,1011.00,rose.jpg,images/the-winslow-ring-pear-half-bezel-signet/rose.jpg,"=HYPERLINK(""https://cdn.shopify.com/s/files/1/0544/6408/6189/files/Rose1080_Top_116_00000.jpg?v=1754891000"",""View ring"")",the-winslow-ring-pear-half-bezel-signet
,,,,,Engagement,Yellow Gold,The Luise Ring® - 1.03ct Coloured Lab Diamond Oval Solitaire,1904.00,,,,the-luise-ring-1-03ct-fancy-vivid-blue-lab-grown-diamond-oval-solitaire
,,,,,Engagement,White Gold,The Luise Ring® - 1.03ct Coloured Lab Diamond Oval Solitaire,1904.00,,,,the-luise-ring-1-03ct-fancy-vivid-blue-lab-grown-diamond-oval-solitaire
,,,,,Engagement,Rose Gold,The Luise Ring® - 1.03ct Coloured Lab Diamond Oval Solitaire,1904.00,,,,the-luise-ring-1-03ct-fancy-vivid-blue-lab-grown-diamond-oval-solitaire
,,,,"=IMAGE(""https://cdn.shopify.com/s/files/1/0544/6408/6189/files/Yellow1080_Top_Asscher_00000_8f9298b1-e4ba-4486-8990-d8854ce6d2a5.jpg?v=1759466951"")",Engagement,Yellow Gold,The Elise Ring - 1.53ct Lab Diamond Split Shank Asscher Solitaire,2465.00,yellow.jpg,images/the-elise-ring-1-53ct-lab-diamond-split-shank-asscher-solitaire/yellow.jpg,"=HYPERLINK(""https://cdn.shopify.com/s/files/1/0544/6408/6189/files/Yellow1080_Top_Asscher_00000_8f9298b1-e4ba-4486-8990-d8854ce6d2a5.jpg?v=1759466951"",""View ring"")",the-elise-ring-1-53ct-lab-diamond-split-shank-asscher-solitaire
,,,,,Engagement,White Gold,The Elise Ring - 1.53ct Lab Diamond Split Shank Asscher Solitaire,2465.00,,,,the-elise-ring-1-53ct-lab-diamond-split-shank-asscher-solitaire
,,,,,Engagement,Rose Gold,The Elise Ring - 1.53ct Lab Diamond Split Shank Asscher Solitaire,2465.00,,,,the-elise-ring-1-53ct-lab-diamond-split-shank-asscher-solitaire
,,,,,Engagement,Yellow Gold,The Aleasa Ring - 1.83ct Lab Diamond Split Shank East-West Marquise Solitaire,2798.00,,,,the-aleasa-ring-1-83ct-lab-diamond-split-shank-east-west-marquise-solitaire
,,,,"=IMAGE(""https://cdn.shopify.com/s/files/1/0544/6408/6189/files/White1080_Top_Marquise_eastwest__00000_62c2136d-2b4f-4195-8a71-19749055ae02.jpg?v=1759466945"")",Engagement,White Gold,The Aleasa Ring - 1.83ct Lab Diamond Split Shank East-West Marquise Solitaire,2798.00,white.jpg,images/the-aleasa-ring-1-83ct-lab-diamond-split-shank-east-west-marquise-solitaire/white.jpg,"=HYPERLINK(""https://cdn.shopify.com/s/files/1/0544/6408/6189/files/White1080_Top_Marquise_eastwest__00000_62c2136d-2b4f-4195-8a71-19749055ae02.jpg?v=1759466945"",""View ring"")",the-aleasa-ring-1-83ct-lab-diamond-split-shank-east-west-marquise-solitaire
,,,,,Engagement,Rose Gold,The Aleasa Ring - 1.83ct Lab Diamond Split Shank East-West Marquise Solitaire,2798.00,,,,the-aleasa-ring-1-83ct-lab-diamond-split-shank-east-west-marquise-solitaire
,,,,"=IMAGE(""https://cdn.shopify.com/s/files/1/0544/6408/6189/files/Yellow1080_Top_Radiant_eastwest__00000_267e9145-14c1-45cf-b812-e6d21f95e9ed.jpg?v=1759466939"")",Engagement,Yellow Gold,The Aleasa Ring - 1.30ct Lab Diamond Split Shank East-West Radiant Solitaire,2095.00,yellow.jpg,images/the-aleasa-ring-1-30ct-lab-diamond-split-shank-east-west-radiant-solitaire/yellow.jpg,"=HYPERLINK(""https://cdn.shopify.com/s/files/1/0544/6408/6189/files/Yellow1080_Top_Radiant_eastwest__00000_267e9145-14c1-45cf-b812-e6d21f95e9ed.jpg?v=1759466939"",""View ring"")",the-aleasa-ring-1-30ct-lab-diamond-split-shank-east-west-radiant-solitaire
,,,,,Engagement,White Gold,The Aleasa Ring - 1.30ct Lab Diamond Split Shank East-West Radiant Solitaire,2095.00,,,,the-aleasa-ring-1-30ct-lab-diamond-split-shank-east-west-radiant-solitaire
,,,,,Engagement,Rose Gold,The Aleasa Ring - 1.30ct Lab Diamond Split Shank East-West Radiant Solitaire,2095.00,,,,the-aleasa-ring-1-30ct-lab-diamond-split-shank-east-west-radiant-solitaire
,,,,,Engagement,Yellow Gold,The Elise Ring - 2.8ct Moissanite Split Shank Emerald Solitaire,2317.00,,,,the-aleasa-ring-3-5ct-moissanite-split-shank-east-west-emerald-solitaire
,,,,"=IMAGE(""https://cdn.shopify.com/s/files/1/0544/6408/6189/files/White1080_Top_Emerald_00000_2eef4a8b-3c7a-44ef-8055-463a3a5288c8.jpg?v=1759455545"")",Engagement,White Gold,The Elise Ring - 2.8ct Moissanite Split Shank Emerald Solitaire,2317.00,white.jpg,images/the-aleasa-ring-3-5ct-moissanite-split-shank-east-west-emerald-solitaire/white.jpg,"=HYPERLINK(""https://cdn.shopify.com/s/files/1/0544/6408/6189/files/White1080_Top_Emerald_00000_2eef4a8b-3c7a-44ef-8055-463a3a5288c8.jpg?v=1759455545"",""View ring"")",the-aleasa-ring-3-5ct-moissanite-split-shank-east-west-emerald-solitaire
,,,,,Engagement,Rose Gold,The Elise Ring - 2.8ct Moissanite Split Shank Emerald Solitaire,2317.00,,,,the-aleasa-ring-3-5ct-moissanite-split-shank-east-west-emerald-solitaire
,,,,,Engagement,Yellow Gold,The Maya Ring - 1.5ct Moissanite Oval Curved Solitaire,1481.00,,,,the-maya-ring-1-5ct-moissanite-oval-curved-solitaire
,,,,"=IMAGE(""https://cdn.shopify.com/s/files/1/0544/6408/6189/files/Top_9_White_00000_83538936-b78d-4f8d-b577-7825d40e1e2e.jpg?v=1759466925"")",Engagement,White Gold,The Maya Ring - 1.5ct Moissanite Oval Curved Solitaire,1481.00,white.jpg,images/the-maya-ring-1-5ct-moissanite-oval-curved-solitaire/white.jpg,"=HYPERLINK(""https://cdn.shopify.com/s/files/1/0544/6408/6189/files/Top_9_White_00000_83538936-b78d-4f8d-b577-7825d40e1e2e.jpg?v=1759466925"",""View ring"")",the-maya-ring-1-5ct-moissanite-oval-curved-solitaire
,,,,,Engagement,Rose Gold,The Maya Ring - 1.5ct Moissanite Oval Curved Solitaire,1481.00,,,,the-maya-ring-1-5ct-moissanite-oval-curved-solitaire
,,,,"=IMAGE(""https://cdn.shopify.com/s/files/1/0544/6408/6189/files/Yellow1080_Top_240_00000.jpg?v=1762732196"")",Engagement,Yellow Gold,The Luise Ring® - Oval Georgian Solitaire,937.00,yellow.jpg,images/the-luise-ring-oval-georgian-solitaire/yellow.jpg,"=HYPERLINK(""https://cdn.shopify.com/s/files/1/0544/6408/6189/files/Yellow1080_Top_240_00000.jpg?v=1762732196"",""View ring"")",the-luise-ring-oval-georgian-solitaire
,,,,"=IMAGE(""https://cdn.shopify.com/s/files/1/0544/6408/6189/files/White1080_Top_240_00000.jpg?v=1762732196"")",Engagement,White Gold,The Luise Ring® - Oval Georgian Solitaire,937.00,white.jpg,images/the-luise-ring-oval-georgian-solitaire/white.jpg,"=HYPERLINK(""https://cdn.shopify.com/s/files/1/0544/6408/6189/files/White1080_Top_240_00000.jpg?v=1762732196"",""View ring"")",the-luise-ring-oval-georgian-solitaire
,,,,"=IMAGE(""https://cdn.shopify.com/s/files/1/0544/6408/6189/files/Rose1080_Top_240_00000.jpg?v=1762732196"")",Engagement,Rose Gold,The Luise Ring® - Oval Georgian Solitaire,937.00,rose.jpg,images/the-luise-ring-oval-georgian-solitaire/rose.jpg,"=HYPERLINK(""https://cdn.shopify.com/s/files/1/0544/6408/6189/files/Rose1080_Top_240_00000.jpg?v=1762732196"",""View ring"")",the-luise-ring-oval-georgian-solitaire
,,,,"=IMAGE(""https://cdn.shopify.com/s/files/1/0544/6408/6189/files/Yellow1080_Top_236_00000.jpg?v=1762730962"")",Engagement,Yellow Gold,The Luise Ring® - Oval Cathedral Georgian Solitaire,963.00,yellow.jpg,images/the-luise-ring-oval-cathedral-georgian-solitaire/yellow.jpg,"=HYPERLINK(""https://cdn.shopify.com/s/files/1/0544/6408/6189/files/Yellow1080_Top_236_00000.jpg?v=1762730962"",""View ring"")",the-luise-ring-oval-cathedral-georgian-solitaire
,,,,"=IMAGE(""https://cdn.shopify.com/s/files/1/0544/6408/6189/files/White1080_Top_236_00000.jpg?v=1762730962"")",Engagement,White Gold,The Luise Ring® - Oval Cathedral Georgian Solitaire,963.00,white.jpg,images/the-luise-ring-oval-cathedral-georgian-solitaire/white.jpg,"=HYPERLINK(""https://cdn.shopify.com/s/files/1/0544/6408/6189/files/White1080_Top_236_00000.jpg?v=1762730962"",""View ring"")",the-luise-ring-oval-cathedral-georgian-solitaire
,,,,"=IMAGE(""https://cdn.shopify.com/s/files/1/0544/6408/6189/files/Rose1080_Top_236_00000.jpg?v=1762730962"")",Engagement,Rose Gold,The Luise Ring® - Oval Cathedral Georgian Solitaire,963.00,rose.jpg,images/the-luise-ring-oval-cathedral-georgian-solitaire/rose.jpg,"=HYPERLINK(""https://cdn.shopify.com/s/files/1/0544/6408/6189/files/Rose1080_Top_236_00000.jpg?v=1762730962"",""View ring"")",the-luise-ring-oval-cathedral-georgian-solitaire
,,,,"=IMAGE(""https://cdn.shopify.com/s/files/1/0544/6408/6189/files/Yellow1080_Top_239_00000.jpg?v=1762732068"")",Engagement,Yellow Gold,The Sophia Ring - Pear Georgian Solitaire,841.00,yellow.jpg,images/the-sophia-ring-pear-georgian-solitaire/yellow.jpg,"=HYPERLINK(""https://cdn.shopify.com/s/files/1/0544/6408/6189/files/Yellow1080_Top_239_00000.jpg?v=1762732068"",""View ring"")",the-sophia-ring-pear-georgian-solitaire
,,,,"=IMAGE(""https://cdn.shopify.com/s/files/1/0544/6408/6189/files/White1080_Top_239_00000.jpg?v=1762732068"")",Engagement,White Gold,The Sophia Ring - Pear Georgian Solitaire,841.00,white.jpg,images/the-sophia-ring-pear-georgian-solitaire/white.jpg,"=HYPERLINK(""https://cdn.shopify.com/s/files/1/0544/6408/6189/files/White1080_Top_239_00000.jpg?v=1762732068"",""View ring"")",the-sophia-ring-pear-georgian-solitaire
,,,,"=IMAGE(""https://cdn.shopify.com/s/files/1/0544/6408/6189/files/Rose1080_Top_239_00000.jpg?v=1762732068"")",Engagement,Rose Gold,The Sophia Ring - Pear Georgian Solitaire,841.00,rose.jpg,images/the-sophia-ring-pear-georgian-solitaire/rose.jpg,"=HYPERLINK(""https://cdn.shopify.com/s/files/1/0544/6408/6189/files/Rose1080_Top_239_00000.jpg?v=1762732068"",""View ring"")",the-sophia-ring-pear-georgian-solitaire
,,,,"=IMAGE(""https://cdn.shopify.com/s/files/1/0544/6408/6189/files/Yellow1080_Top_235_00000.jpg?v=1762731660"")",Engagement,Yellow Gold,The Sophia Ring - Pear Cathedral Georgian Solitaire,974.00,yellow.jpg,images/the-sophia-ring-pear-cathedral-georgian-solitaire/yellow.jpg,"=HYPERLINK(""https://cdn.shopify.com/s/files/1/0544/6408/6189/files/Yellow1080_Top_235_00000.jpg?v=1762731660"",""View ring"")",the-sophia-ring-pear-cathedral-georgian-solitaire
,,,,"=IMAGE(""https://cdn.shopify.com/s/files/1/0544/6408/6189/files/White1080_Top_235_00000.jpg?v=1762731660"")",Engagement,White Gold,The Sophia Ring - Pear Cathedral Georgian Solitaire,974.00,white.jpg,images/the-sophia-ring-pear-cathedral-georgian-solitaire/white.jpg,"=HYPERLINK(""https://cdn.shopify.com/s/files/1/0544/6408/6189/files/White1080_Top_235_00000.jpg?v=1762731660"",""View ring"")",the-sophia-ring-pear-cathedral-georgian-solitaire
,,,,"=IMAGE(""https://cdn.shopify.com/s/files/1/0544/6408/6189/files/Rose1080_Top_235_00000.jpg?v=1762731660"")",Engagement,Rose Gold,The Sophia Ring - Pear Cathedral Georgian Solitaire,974.00,rose.jpg,images/the-sophia-ring-pear-cathedral-georgian-solitaire/rose.jpg,"=HYPERLINK(""https://cdn.shopify.com/s/files/1/0544/6408/6189/files/Rose1080_Top_235_00000.jpg?v=1762731660"",""View ring"")",the-sophia-ring-pear-cathedral-georgian-solitaire
,,,,"=IMAGE(""https://cdn.shopify.com/s/files/1/0544/6408/6189/files/Yellow1080_Top_238_00000.jpg?v=1762731935"")",Engagement,Yellow Gold,The Audrey Ring - Emerald Georgian Solitaire,931.00,yellow.jpg,images/the-audrey-ring-emerald-georgian-solitaire/yellow.jpg,"=HYPERLINK(""https://cdn.shopify.com/s/files/1/0544/6408/6189/files/Yellow1080_Top_238_00000.jpg?v=1762731935"",""View ring"")",the-audrey-ring-emerald-georgian-solitaire
,,,,"=IMAGE(""https://cdn.shopify.com/s/files/1/0544/6408/6189/files/White1080_Top_238_00000.jpg?v=1762731935"")",Engagement,White Gold,The Audrey Ring - Emerald Georgian Solitaire,931.00,white.jpg,images/the-audrey-ring-emerald-georgian-solitaire/white.jpg,"=HYPERLINK(""https://cdn.shopify.com/s/files/1/0544/6408/6189/files/White1080_Top_238_00000.jpg?v=1762731935"",""View ring"")",the-audrey-ring-emerald-georgian-solitaire
,,,,"=IMAGE(""https://cdn.shopify.com/s/files/1/0544/6408/6189/files/Rose1080_Top_238_00000.jpg?v=1762731935"")",Engagement,Rose Gold,The Audrey Ring - Emerald Georgian Solitaire,931.00,rose.jpg,images/the-audrey-ring-emerald-georgian-solitaire/rose.jpg,"=HYPERLINK(""https://cdn.shopify.com/s/files/1/0544/6408/6189/files/Rose1080_Top_238_00000.jpg?v=1762731935"",""View ring"")",the-audrey-ring-emerald-georgian-solitaire
,,,,"=IMAGE(""https://cdn.shopify.com/s/files/1/0544/6408/6189/files/Yellow1080_Top_234_00000.jpg?v=1764116534"")",Engagement,Yellow Gold,The Audrey Ring - Emerald Cathedral Georgian Solitaire,931.00,yellow.jpg,images/the-audrey-ring-emerald-cathedral-georgian-solitaire/yellow.jpg,"=HYPERLINK(""https://cdn.shopify.com/s/files/1/0544/6408/6189/files/Yellow1080_Top_234_00000.jpg?v=1764116534"",""View ring"")",the-audrey-ring-emerald-cathedral-georgian-solitaire
,,,,"=IMAGE(""https://cdn.shopify.com/s/files/1/0544/6408/6189/files/White1080_Top_234_00000.jpg?v=1764116534"")",Engagement,White Gold,The Audrey Ring - Emerald Cathedral Georgian Solitaire,931.00,white.jpg,images/the-audrey-ring-emerald-cathedral-georgian-solitaire/white.jpg,"=HYPERLINK(""https://cdn.shopify.com/s/files/1/0544/6408/6189/files/White1080_Top_234_00000.jpg?v=1764116534"",""View ring"")",the-audrey-ring-emerald-cathedral-georgian-solitaire
,,,,"=IMAGE(""https://cdn.shopify.com/s/files/1/0544/6408/6189/files/Rose1080_Top_234_00000.jpg?v=1764116534"")",Engagement,Rose Gold,The Audrey Ring - Emerald Cathedral Georgian Solitaire,931.00,rose.jpg,images/the-audrey-ring-emerald-cathedral-georgian-solitaire/rose.jpg,"=HYPERLINK(""https://cdn.shopify.com/s/files/1/0544/6408/6189/files/Rose1080_Top_234_00000.jpg?v=1764116534"",""View ring"")",the-audrey-ring-emerald-cathedral-georgian-solitaire
,,,,"=IMAGE(""https://cdn.shopify.com/s/files/1/0544/6408/6189/files/Yellow1080_Top_237_00000.jpg?v=1766450336"")",Engagement,Yellow Gold,The Ophelia Ring - Elongated Cushion Georgian Solitaire,947.00,yellow.jpg,images/the-ophelia-ring-elongated-cushion-georgian-solitaire/yellow.jpg,"=HYPERLINK(""https://cdn.shopify.com/s/files/1/0544/6408/6189/files/Yellow1080_Top_237_00000.jpg?v=1766450336"",""View ring"")",the-ophelia-ring-elongated-cushion-georgian-solitaire
,,,,"=IMAGE(""https://cdn.shopify.com/s/files/1/0544/6408/6189/files/White1080_Top_237_00000.jpg?v=1766450336"")",Engagement,White Gold,The Ophelia Ring - Elongated Cushion Georgian Solitaire,947.00,white.jpg,images/the-ophelia-ring-elongated-cushion-georgian-solitaire/white.jpg,"=HYPERLINK(""https://cdn.shopify.com/s/files/1/0544/6408/6189/files/White1080_Top_237_00000.jpg?v=1766450336"",""View ring"")",the-ophelia-ring-elongated-cushion-georgian-solitaire
,,,,"=IMAGE(""https://cdn.shopify.com/s/files/1/0544/6408/6189/files/Rose1080_Top_237_00000.jpg?v=1766450336"")",Engagement,Rose Gold,The Ophelia Ring - Elongated Cushion Georgian Solitaire,947.00,rose.jpg,images/the-ophelia-ring-elongated-cushion-georgian-solitaire/rose.jpg,"=HYPERLINK(""https://cdn.shopify.com/s/files/1/0544/6408/6189/files/Rose1080_Top_237_00000.jpg?v=1766450336"",""View ring"")",the-ophelia-ring-elongated-cushion-georgian-solitaire
,,,,"=IMAGE(""https://cdn.shopify.com/s/files/1/0544/6408/6189/files/Yellow1080_Top_233_00000.jpg?v=1764114945"")",Engagement,Yellow Gold,The Ophelia Ring - Elongated Cushion Cathedral Georgian Solitaire,1000.00,yellow.jpg,images/the-ophelia-ring-elongated-cushion-cathedral-georgian-solitaire/yellow.jpg,"=HYPERLINK(""https://cdn.shopify.com/s/files/1/0544/6408/6189/files/Yellow1080_Top_233_00000.jpg?v=1764114945"",""View ring"")",the-ophelia-ring-elongated-cushion-cathedral-georgian-solitaire
,,,,"=IMAGE(""https://cdn.shopify.com/s/files/1/0544/6408/6189/files/White1080_Top_233_00000.jpg?v=1764114945"")",Engagement,White Gold,The Ophelia Ring - Elongated Cushion Cathedral Georgian Solitaire,1000.00,white.jpg,images/the-ophelia-ring-elongated-cushion-cathedral-georgian-solitaire/white.jpg,"=HYPERLINK(""https://cdn.shopify.com/s/files/1/0544/6408/6189/files/White1080_Top_233_00000.jpg?v=1764114945"",""View ring"")",the-ophelia-ring-elongated-cushion-cathedral-georgian-solitaire
,,,,"=IMAGE(""https://cdn.shopify.com/s/files/1/0544/6408/6189/files/Rose1080_Top_233_00000.jpg?v=1764114945"")",Engagement,Rose Gold,The Ophelia Ring - Elongated Cushion Cathedral Georgian Solitaire,1000.00,rose.jpg,images/the-ophelia-ring-elongated-cushion-cathedral-georgian-solitaire/rose.jpg,"=HYPERLINK(""https://cdn.shopify.com/s/files/1/0544/6408/6189/files/Rose1080_Top_233_00000.jpg?v=1764114945"",""View ring"")",the-ophelia-ring-elongated-cushion-cathedral-georgian-solitaire
,,,,"=IMAGE(""https://cdn.shopify.com/s/files/1/0544/6408/6189/files/Yellow1080_Top_175_00000.jpg?v=1758441523"")",Engagement,Yellow Gold,The Maëlys Ring - Oval and Pear Contoured Toi et Moi,1211.00,yellow.jpg,images/the-maelys-ring-oval-and-pear-contoured-toi-et-moi/yellow.jpg,"=HYPERLINK(""https://cdn.shopify.com/s/files/1/0544/6408/6189/files/Yellow1080_Top_175_00000.jpg?v=1758441523"",""View ring"")",the-maelys-ring-oval-and-pear-contoured-toi-et-moi
,,,,"=IMAGE(""https://cdn.shopify.com/s/files/1/0544/6408/6189/files/White1080_Top_175_00000.jpg?v=1764114000"")",Engagement,White Gold,The Maëlys Ring - Oval and Pear Contoured Toi et Moi,1211.00,white.jpg,images/the-maelys-ring-oval-and-pear-contoured-toi-et-moi/white.jpg,"=HYPERLINK(""https://cdn.shopify.com/s/files/1/0544/6408/6189/files/White1080_Top_175_00000.jpg?v=1764114000"",""View ring"")",the-maelys-ring-oval-and-pear-contoured-toi-et-moi
,,,,"=IMAGE(""https://cdn.shopify.com/s/files/1/0544/6408/6189/files/Rose1080_Top_175_00000.jpg?v=1764114000"")",Engagement,Rose Gold,The Maëlys Ring - Oval and Pear Contoured Toi et Moi,1211.00,rose.jpg,images/the-maelys-ring-oval-and-pear-contoured-toi-et-moi/rose.jpg,"=HYPERLINK(""https://cdn.shopify.com/s/files/1/0544/6408/6189/files/Rose1080_Top_175_00000.jpg?v=1764114000"",""View ring"")",the-maelys-ring-oval-and-pear-contoured-toi-et-moi
,,,,"=IMAGE(""https://cdn.shopify.com/s/files/1/0544/6408/6189/files/Yellow1080_Top_178_00000.jpg?v=1758445855"")",Engagement,Yellow Gold,The Vivienne Ring - Oval and Pear Curved Toi et Moi,937.00,yellow.jpg,images/the-vivienne-ring-oval-and-pear-curved-toi-et-moi/yellow.jpg,"=HYPERLINK(""https://cdn.shopify.com/s/files/1/0544/6408/6189/files/Yellow1080_Top_178_00000.jpg?v=1758445855"",""View ring"")",the-vivienne-ring-oval-and-pear-curved-toi-et-moi
,,,,"=IMAGE(""https://cdn.shopify.com/s/files/1/0544/6408/6189/files/White1080_Top_178_00000.jpg?v=1758446707"")",Engagement,White Gold,The Vivienne Ring - Oval and Pear Curved Toi et Moi,937.00,white.jpg,images/the-vivienne-ring-oval-and-pear-curved-toi-et-moi/white.jpg,"=HYPERLINK(""https://cdn.shopify.com/s/files/1/0544/6408/6189/files/White1080_Top_178_00000.jpg?v=1758446707"",""View ring"")",the-vivienne-ring-oval-and-pear-curved-toi-et-moi
,,,,"=IMAGE(""https://cdn.shopify.com/s/files/1/0544/6408/6189/files/Rose1080_Top_178_00000.jpg?v=1758446707"")",Engagement,Rose Gold,The Vivienne Ring - Oval and Pear Curved Toi et Moi,937.00,rose.jpg,images/the-vivienne-ring-oval-and-pear-curved-toi-et-moi/rose.jpg,"=HYPERLINK(""https://cdn.shopify.com/s/files/1/0544/6408/6189/files/Rose1080_Top_178_00000.jpg?v=1758446707"",""View ring"")",the-vivienne-ring-oval-and-pear-curved-toi-et-moi
,,,,"=IMAGE(""https://cdn.shopify.com/s/files/1/0544/6408/6189/files/Yellow1080_Top_185_00000.jpg?v=1758447224"")",Engagement,Yellow Gold,The Nadine Ring - Pear and Oval Organic Curved Toi et Moi,937.00,yellow.jpg,images/the-nadine-ring-pear-and-oval-organic-curved-toi-et-moi/yellow.jpg,"=HYPERLINK(""https://cdn.shopify.com/s/files/1/0544/6408/6189/files/Yellow1080_Top_185_00000.jpg?v=1758447224"",""View ring"")",the-nadine-ring-pear-and-oval-organic-curved-toi-et-moi
,,,,"=IMAGE(""https://cdn.shopify.com/s/files/1/0544/6408/6189/files/White1080_Top_185_00000.jpg?v=1758447929"")",Engagement,White Gold,The Nadine Ring - Pear and Oval Organic Curved Toi et Moi,937.00,white.jpg,images/the-nadine-ring-pear-and-oval-organic-curved-toi-et-moi/white.jpg,"=HYPERLINK(""https://cdn.shopify.com/s/files/1/0544/6408/6189/files/White1080_Top_185_00000.jpg?v=1758447929"",""View ring"")",the-nadine-ring-pear-and-oval-organic-curved-toi-et-moi
,,,,"=IMAGE(""https://cdn.shopify.com/s/files/1/0544/6408/6189/files/Rose1080_Top_185_00000.jpg?v=1758447929"")",Engagement,Rose Gold,The Nadine Ring - Pear and Oval Organic Curved Toi et Moi,937.00,rose.jpg,images/the-nadine-ring-pear-and-oval-organic-curved-toi-et-moi/rose.jpg,"=HYPERLINK(""https://cdn.shopify.com/s/files/1/0544/6408/6189/files/Rose1080_Top_185_00000.jpg?v=1758447929"",""View ring"")",the-nadine-ring-pear-and-oval-organic-curved-toi-et-moi
,,,,"=IMAGE(""https://cdn.shopify.com/s/files/1/0544/6408/6189/files/Yellow1080_Top_177_00000.jpg?v=1758448634"")",Engagement,Yellow Gold,The Anaïs Ring - Elongated Cushion and Pear Bezel Toi et Moi,963.00,yellow.jpg,images/the-anais-ring-elongated-cushion-and-pear-bezel-toi-et-moi/yellow.jpg,"=HYPERLINK(""https://cdn.shopify.com/s/files/1/0544/6408/6189/files/Yellow1080_Top_177_00000.jpg?v=1758448634"",""View ring"")",the-anais-ring-elongated-cushion-and-pear-bezel-toi-et-moi
,,,,"=IMAGE(""https://cdn.shopify.com/s/files/1/0544/6408/6189/files/White1080_Top_177_00000.jpg?v=1758449052"")",Engagement,White Gold,The Anaïs Ring - Elongated Cushion and Pear Bezel Toi et Moi,963.00,white.jpg,images/the-anais-ring-elongated-cushion-and-pear-bezel-toi-et-moi/white.jpg,"=HYPERLINK(""https://cdn.shopify.com/s/files/1/0544/6408/6189/files/White1080_Top_177_00000.jpg?v=1758449052"",""View ring"")",the-anais-ring-elongated-cushion-and-pear-bezel-toi-et-moi
,,,,"=IMAGE(""https://cdn.shopify.com/s/files/1/0544/6408/6189/files/Rose1080_Top_177_00000.jpg?v=1758449052"")",Engagement,Rose Gold,The Anaïs Ring - Elongated Cushion and Pear Bezel Toi et Moi,963.00,rose.jpg,images/the-anais-ring-elongated-cushion-and-pear-bezel-toi-et-moi/rose.jpg,"=HYPERLINK(""https://cdn.shopify.com/s/files/1/0544/6408/6189/files/Rose1080_Top_177_00000.jpg?v=1758449052"",""View ring"")",the-anais-ring-elongated-cushion-and-pear-bezel-toi-et-moi
,,,,"=IMAGE(""https://cdn.shopify.com/s/files/1/0544/6408/6189/files/Yellow1080_Top_176_00000.jpg?v=1758449186"")",Engagement,Yellow Gold,The Zélie Ring - Oval and Pear Bezel Toi et Moi,963.00,yellow.jpg,images/the-zelie-ring-oval-and-pear-bezel-toi-et-moi/yellow.jpg,"=HYPERLINK(""https://cdn.shopify.com/s/files/1/0544/6408/6189/files/Yellow1080_Top_176_00000.jpg?v=1758449186"",""View ring"")",the-zelie-ring-oval-and-pear-bezel-toi-et-moi
,,,,"=IMAGE(""https://cdn.shopify.com/s/files/1/0544/6408/6189/files/White1080_Top_176_00000.jpg?v=1764113882"")",Engagement,White Gold,The Zélie Ring - Oval and Pear Bezel Toi et Moi,963.00,white.jpg,images/the-zelie-ring-oval-and-pear-bezel-toi-et-moi/white.jpg,"=HYPERLINK(""https://cdn.shopify.com/s/files/1/0544/6408/6189/files/White1080_Top_176_00000.jpg?v=1764113882"",""View ring"")",the-zelie-ring-oval-and-pear-bezel-toi-et-moi
,,,,"=IMAGE(""https://cdn.shopify.com/s/files/1/0544/6408/6189/files/Rose1080_Top_176_00000.jpg?v=1764113882"")",Engagement,Rose Gold,The Zélie Ring - Oval and Pear Bezel Toi et Moi,963.00,rose.jpg,images/the-zelie-ring-oval-and-pear-bezel-toi-et-moi/rose.jpg,"=HYPERLINK(""https://cdn.shopify.com/s/files/1/0544/6408/6189/files/Rose1080_Top_176_00000.jpg?v=1764113882"",""View ring"")",the-zelie-ring-oval-and-pear-bezel-toi-et-moi
,,,,"=IMAGE(""https://cdn.shopify.com/s/files/1/0544/6408/6189/files/Yellow1080_Top_PE_00000.jpg?v=1726187143"")",Engagement,Yellow Gold,The Sophia Ring - Pear Bezel Solitaire,868.00,yellow.jpg,images/the-sophia-ring-pear-bezel-solitaire/yellow.jpg,"=HYPERLINK(""https://cdn.shopify.com/s/files/1/0544/6408/6189/files/Yellow1080_Top_PE_00000.jpg?v=1726187143"",""View ring"")",the-sophia-ring-pear-bezel-solitaire
,,,,"=IMAGE(""https://cdn.shopify.com/s/files/1/0544/6408/6189/files/White1080_Top_PE_00000.jpg?v=1740031649"")",Engagement,White Gold,The Sophia Ring - Pear Bezel Solitaire,868.00,white.jpg,images/the-sophia-ring-pear-bezel-solitaire/white.jpg,"=HYPERLINK(""https://cdn.shopify.com/s/files/1/0544/6408/6189/files/White1080_Top_PE_00000.jpg?v=1740031649"",""View ring"")",the-sophia-ring-pear-bezel-solitaire
,,,,"=IMAGE(""https://cdn.shopify.com/s/files/1/0544/6408/6189/files/Rose1080_Top_PE_00000.jpg?v=1740031649"")",Engagement,Rose Gold,The Sophia Ring - Pear Bezel Solitaire,868.00,rose.jpg,images/the-sophia-ring-pear-bezel-solitaire/rose.jpg,"=HYPERLINK(""https://cdn.shopify.com/s/files/1/0544/6408/6189/files/Rose1080_Top_PE_00000.jpg?v=1740031649"",""View ring"")",the-sophia-ring-pear-bezel-solitaire
,,,,"=IMAGE(""https://cdn.shopify.com/s/files/1/0544/6408/6189/files/Yellow1080_Top_klor_00000.jpg?v=1775609850"")",Engagement,Yellow Gold,The Isla Ring - Round Bezel Solitaire,857.00,yellow.jpg,images/the-isla-ring-round-bezel-solitaire/yellow.jpg,"=HYPERLINK(""https://cdn.shopify.com/s/files/1/0544/6408/6189/files/Yellow1080_Top_klor_00000.jpg?v=1775609850"",""View ring"")",the-isla-ring-round-bezel-solitaire
,,,,"=IMAGE(""https://cdn.shopify.com/s/files/1/0544/6408/6189/files/White1080_Top_klor_00000.jpg?v=1775609850"")",Engagement,White Gold,The Isla Ring - Round Bezel Solitaire,857.00,white.jpg,images/the-isla-ring-round-bezel-solitaire/white.jpg,"=HYPERLINK(""https://cdn.shopify.com/s/files/1/0544/6408/6189/files/White1080_Top_klor_00000.jpg?v=1775609850"",""View ring"")",the-isla-ring-round-bezel-solitaire
,,,,"=IMAGE(""https://cdn.shopify.com/s/files/1/0544/6408/6189/files/Rose1080_Top_klor_00000.jpg?v=1775609850"")",Engagement,Rose Gold,The Isla Ring - Round Bezel Solitaire,857.00,rose.jpg,images/the-isla-ring-round-bezel-solitaire/rose.jpg,"=HYPERLINK(""https://cdn.shopify.com/s/files/1/0544/6408/6189/files/Rose1080_Top_klor_00000.jpg?v=1775609850"",""View ring"")",the-isla-ring-round-bezel-solitaire
,,,,"=IMAGE(""https://cdn.shopify.com/s/files/1/0544/6408/6189/files/Yellow1080_Top_CushionBezel_00000.jpg?v=1742944577"")",Engagement,Yellow Gold,The Paloma Ring - Cushion Bezel Solitaire,868.00,yellow.jpg,images/the-paloma-ring-cushion-bezel-solitaire/yellow.jpg,"=HYPERLINK(""https://cdn.shopify.com/s/files/1/0544/6408/6189/files/Yellow1080_Top_CushionBezel_00000.jpg?v=1742944577"",""View ring"")",the-paloma-ring-cushion-bezel-solitaire
,,,,"=IMAGE(""https://cdn.shopify.com/s/files/1/0544/6408/6189/files/White1080_Top_CushionBezel_00000.jpg?v=1742944577"")",Engagement,White Gold,The Paloma Ring - Cushion Bezel Solitaire,868.00,white.jpg,images/the-paloma-ring-cushion-bezel-solitaire/white.jpg,"=HYPERLINK(""https://cdn.shopify.com/s/files/1/0544/6408/6189/files/White1080_Top_CushionBezel_00000.jpg?v=1742944577"",""View ring"")",the-paloma-ring-cushion-bezel-solitaire
,,,,"=IMAGE(""https://cdn.shopify.com/s/files/1/0544/6408/6189/files/Rose1080_Top_CushionBezel_00000.jpg?v=1742944577"")",Engagement,Rose Gold,The Paloma Ring - Cushion Bezel Solitaire,868.00,rose.jpg,images/the-paloma-ring-cushion-bezel-solitaire/rose.jpg,"=HYPERLINK(""https://cdn.shopify.com/s/files/1/0544/6408/6189/files/Rose1080_Top_CushionBezel_00000.jpg?v=1742944577"",""View ring"")",the-paloma-ring-cushion-bezel-solitaire
,,,,"=IMAGE(""https://cdn.shopify.com/s/files/1/0544/6408/6189/files/Yellow1080_Top_184_00000.jpg?v=1758450263"")",Engagement,Yellow Gold,The Isabeau Ring - Twisted Pear Toi et Moi,947.00,yellow.jpg,images/the-isabeau-ring-twisted-pear-toi-et-moi/yellow.jpg,"=HYPERLINK(""https://cdn.shopify.com/s/files/1/0544/6408/6189/files/Yellow1080_Top_184_00000.jpg?v=1758450263"",""View ring"")",the-isabeau-ring-twisted-pear-toi-et-moi
,,,,"=IMAGE(""https://cdn.shopify.com/s/files/1/0544/6408/6189/files/White1080_Top_184_00000.jpg?v=1758450263"")",Engagement,White Gold,The Isabeau Ring - Twisted Pear Toi et Moi,947.00,white.jpg,images/the-isabeau-ring-twisted-pear-toi-et-moi/white.jpg,"=HYPERLINK(""https://cdn.shopify.com/s/files/1/0544/6408/6189/files/White1080_Top_184_00000.jpg?v=1758450263"",""View ring"")",the-isabeau-ring-twisted-pear-toi-et-moi
,,,,"=IMAGE(""https://cdn.shopify.com/s/files/1/0544/6408/6189/files/Rose1080_Top_184_00000.jpg?v=1758450263"")",Engagement,Rose Gold,The Isabeau Ring - Twisted Pear Toi et Moi,947.00,rose.jpg,images/the-isabeau-ring-twisted-pear-toi-et-moi/rose.jpg,"=HYPERLINK(""https://cdn.shopify.com/s/files/1/0544/6408/6189/files/Rose1080_Top_184_00000.jpg?v=1758450263"",""View ring"")",the-isabeau-ring-twisted-pear-toi-et-moi
,,,,"=IMAGE(""https://cdn.shopify.com/s/files/1/0544/6408/6189/files/Yellow1080_Top_183_00000.jpg?v=1758450729"")",Engagement,Yellow Gold,The Isabeau Ring - Twisted Knife Edge Pear Toi et Moi,974.00,yellow.jpg,images/the-isabeau-ring-twisted-knife-edge-pear-toi-et-moi/yellow.jpg,"=HYPERLINK(""https://cdn.shopify.com/s/files/1/0544/6408/6189/files/Yellow1080_Top_183_00000.jpg?v=1758450729"",""View ring"")",the-isabeau-ring-twisted-knife-edge-pear-toi-et-moi
,,,,"=IMAGE(""https://cdn.shopify.com/s/files/1/0544/6408/6189/files/White1080_Top_183_00000.jpg?v=1761696383"")",Engagement,White Gold,The Isabeau Ring - Twisted Knife Edge Pear Toi et Moi,974.00,white.jpg,images/the-isabeau-ring-twisted-knife-edge-pear-toi-et-moi/white.jpg,"=HYPERLINK(""https://cdn.shopify.com/s/files/1/0544/6408/6189/files/White1080_Top_183_00000.jpg?v=1761696383"",""View ring"")",the-isabeau-ring-twisted-knife-edge-pear-toi-et-moi
,,,,"=IMAGE(""https://cdn.shopify.com/s/files/1/0544/6408/6189/files/Rose1080_Top_183_00000.jpg?v=1761696383"")",Engagement,Rose Gold,The Isabeau Ring - Twisted Knife Edge Pear Toi et Moi,974.00,rose.jpg,images/the-isabeau-ring-twisted-knife-edge-pear-toi-et-moi/rose.jpg,"=HYPERLINK(""https://cdn.shopify.com/s/files/1/0544/6408/6189/files/Rose1080_Top_183_00000.jpg?v=1761696383"",""View ring"")",the-isabeau-ring-twisted-knife-edge-pear-toi-et-moi
,,,,"=IMAGE(""https://cdn.shopify.com/s/files/1/0544/6408/6189/files/Yellow1080_Top_180_00000.jpg?v=1758451577"")",Engagement,Yellow Gold,The Luise Ring® - Oval Toi et Moi,937.00,yellow.jpg,images/the-luise-ring-oval-toi-et-moi/yellow.jpg,"=HYPERLINK(""https://cdn.shopify.com/s/files/1/0544/6408/6189/files/Yellow1080_Top_180_00000.jpg?v=1758451577"",""View ring"")",the-luise-ring-oval-toi-et-moi
,,,,"=IMAGE(""https://cdn.shopify.com/s/files/1/0544/6408/6189/files/White1080_Top_180_00000.jpg?v=1758451918"")",Engagement,White Gold,The Luise Ring® - Oval Toi et Moi,937.00,white.jpg,images/the-luise-ring-oval-toi-et-moi/white.jpg,"=HYPERLINK(""https://cdn.shopify.com/s/files/1/0544/6408/6189/files/White1080_Top_180_00000.jpg?v=1758451918"",""View ring"")",the-luise-ring-oval-toi-et-moi
,,,,"=IMAGE(""https://cdn.shopify.com/s/files/1/0544/6408/6189/files/Rose1080_Top_180_00000.jpg?v=1758451915"")",Engagement,Rose Gold,The Luise Ring® - Oval Toi et Moi,937.00,rose.jpg,images/the-luise-ring-oval-toi-et-moi/rose.jpg,"=HYPERLINK(""https://cdn.shopify.com/s/files/1/0544/6408/6189/files/Rose1080_Top_180_00000.jpg?v=1758451915"",""View ring"")",the-luise-ring-oval-toi-et-moi
,,,,"=IMAGE(""https://cdn.shopify.com/s/files/1/0544/6408/6189/files/Yellow1080_Top_182_00000.jpg?v=1758452090"")",Engagement,Yellow Gold,The Sophia Ring - Pear Toi et Moi,937.00,yellow.jpg,images/the-sophia-ring-pear-toi-et-moi/yellow.jpg,"=HYPERLINK(""https://cdn.shopify.com/s/files/1/0544/6408/6189/files/Yellow1080_Top_182_00000.jpg?v=1758452090"",""View ring"")",the-sophia-ring-pear-toi-et-moi
,,,,"=IMAGE(""https://cdn.shopify.com/s/files/1/0544/6408/6189/files/White1080_Top_182_00000.jpg?v=1758452241"")",Engagement,White Gold,The Sophia Ring - Pear Toi et Moi,937.00,white.jpg,images/the-sophia-ring-pear-toi-et-moi/white.jpg,"=HYPERLINK(""https://cdn.shopify.com/s/files/1/0544/6408/6189/files/White1080_Top_182_00000.jpg?v=1758452241"",""View ring"")",the-sophia-ring-pear-toi-et-moi
,,,,"=IMAGE(""https://cdn.shopify.com/s/files/1/0544/6408/6189/files/Rose1080_Top_182_00000.jpg?v=1758452235"")",Engagement,Rose Gold,The Sophia Ring - Pear Toi et Moi,937.00,rose.jpg,images/the-sophia-ring-pear-toi-et-moi/rose.jpg,"=HYPERLINK(""https://cdn.shopify.com/s/files/1/0544/6408/6189/files/Rose1080_Top_182_00000.jpg?v=1758452235"",""View ring"")",the-sophia-ring-pear-toi-et-moi
,,,,"=IMAGE(""https://cdn.shopify.com/s/files/1/0544/6408/6189/files/Yellow1080_Top_181_00000.jpg?v=1758452423"")",Engagement,Yellow Gold,The Audrey Ring - Emerald Toi et Moi,937.00,yellow.jpg,images/the-audrey-ring-emerald-toi-et-moi/yellow.jpg,"=HYPERLINK(""https://cdn.shopify.com/s/files/1/0544/6408/6189/files/Yellow1080_Top_181_00000.jpg?v=1758452423"",""View ring"")",the-audrey-ring-emerald-toi-et-moi
,,,,"=IMAGE(""https://cdn.shopify.com/s/files/1/0544/6408/6189/files/White1080_Top_181_00000.jpg?v=1758452607"")",Engagement,White Gold,The Audrey Ring - Emerald Toi et Moi,937.00,white.jpg,images/the-audrey-ring-emerald-toi-et-moi/white.jpg,"=HYPERLINK(""https://cdn.shopify.com/s/files/1/0544/6408/6189/files/White1080_Top_181_00000.jpg?v=1758452607"",""View ring"")",the-audrey-ring-emerald-toi-et-moi
,,,,"=IMAGE(""https://cdn.shopify.com/s/files/1/0544/6408/6189/files/Rose1080_Top_181_00000.jpg?v=1758452607"")",Engagement,Rose Gold,The Audrey Ring - Emerald Toi et Moi,937.00,rose.jpg,images/the-audrey-ring-emerald-toi-et-moi/rose.jpg,"=HYPERLINK(""https://cdn.shopify.com/s/files/1/0544/6408/6189/files/Rose1080_Top_181_00000.jpg?v=1758452607"",""View ring"")",the-audrey-ring-emerald-toi-et-moi
,,,,"=IMAGE(""https://cdn.shopify.com/s/files/1/0544/6408/6189/files/Yellow1080_Top_179_00000.jpg?v=1758452772"")",Engagement,Yellow Gold,The Arie Ring - Marquise Toi et Moi,937.00,yellow.jpg,images/the-arie-ring-marquise-toi-et-moi/yellow.jpg,"=HYPERLINK(""https://cdn.shopify.com/s/files/1/0544/6408/6189/files/Yellow1080_Top_179_00000.jpg?v=1758452772"",""View ring"")",the-arie-ring-marquise-toi-et-moi
,,,,"=IMAGE(""https://cdn.shopify.com/s/files/1/0544/6408/6189/files/White1080_Top_179_00000.jpg?v=1758452772"")",Engagement,White Gold,The Arie Ring - Marquise Toi et Moi,937.00,white.jpg,images/the-arie-ring-marquise-toi-et-moi/white.jpg,"=HYPERLINK(""https://cdn.shopify.com/s/files/1/0544/6408/6189/files/White1080_Top_179_00000.jpg?v=1758452772"",""View ring"")",the-arie-ring-marquise-toi-et-moi
,,,,"=IMAGE(""https://cdn.shopify.com/s/files/1/0544/6408/6189/files/Rose1080_Top_179_00000.jpg?v=1758452772"")",Engagement,Rose Gold,The Arie Ring - Marquise Toi et Moi,937.00,rose.jpg,images/the-arie-ring-marquise-toi-et-moi/rose.jpg,"=HYPERLINK(""https://cdn.shopify.com/s/files/1/0544/6408/6189/files/Rose1080_Top_179_00000.jpg?v=1758452772"",""View ring"")",the-arie-ring-marquise-toi-et-moi
,,,,"=IMAGE(""https://cdn.shopify.com/s/files/1/0544/6408/6189/files/Yellow1080_Top_203_00000.jpg?v=1759374049"")",Engagement,Yellow Gold,The Aleasa Ring - Split Shank East-West Asscher Solitaire,1116.00,yellow.jpg,images/the-aleasa-ring-split-shank-east-west-asscher-solitaire/yellow.jpg,"=HYPERLINK(""https://cdn.shopify.com/s/files/1/0544/6408/6189/files/Yellow1080_Top_203_00000.jpg?v=1759374049"",""View ring"")",the-aleasa-ring-split-shank-east-west-asscher-solitaire
,,,,"=IMAGE(""https://cdn.shopify.com/s/files/1/0544/6408/6189/files/White1080_Top_203_00000.jpg?v=1759374049"")",Engagement,White Gold,The Aleasa Ring - Split Shank East-West Asscher Solitaire,1116.00,white.jpg,images/the-aleasa-ring-split-shank-east-west-asscher-solitaire/white.jpg,"=HYPERLINK(""https://cdn.shopify.com/s/files/1/0544/6408/6189/files/White1080_Top_203_00000.jpg?v=1759374049"",""View ring"")",the-aleasa-ring-split-shank-east-west-asscher-solitaire
,,,,"=IMAGE(""https://cdn.shopify.com/s/files/1/0544/6408/6189/files/Rose1080_Top_203_00000.jpg?v=1759374049"")",Engagement,Rose Gold,The Aleasa Ring - Split Shank East-West Asscher Solitaire,1116.00,rose.jpg,images/the-aleasa-ring-split-shank-east-west-asscher-solitaire/rose.jpg,"=HYPERLINK(""https://cdn.shopify.com/s/files/1/0544/6408/6189/files/Rose1080_Top_203_00000.jpg?v=1759374049"",""View ring"")",the-aleasa-ring-split-shank-east-west-asscher-solitaire
,,,,"=IMAGE(""https://cdn.shopify.com/s/files/1/0544/6408/6189/files/Top_6228_Yellow_00000_f4c80267-db8e-4a76-95bb-2b533e9de36e.jpg?v=1759467110"")",Engagement,Yellow Gold,The Audrey Ring - 1.9ct Moissanite Emerald Cathedral Solitaire,1761.00,yellow.jpg,images/the-audrey-ring-1-9ct-moissanite-emerald-cathedral-solitaire-with-hidden-halo-1/yellow.jpg,"=HYPERLINK(""https://cdn.shopify.com/s/files/1/0544/6408/6189/files/Top_6228_Yellow_00000_f4c80267-db8e-4a76-95bb-2b533e9de36e.jpg?v=1759467110"",""View ring"")",the-audrey-ring-1-9ct-moissanite-emerald-cathedral-solitaire-with-hidden-halo-1
,,,,,Engagement,White Gold,The Audrey Ring - 1.9ct Moissanite Emerald Cathedral Solitaire,1761.00,,,,the-audrey-ring-1-9ct-moissanite-emerald-cathedral-solitaire-with-hidden-halo-1
,,,,,Engagement,Rose Gold,The Audrey Ring - 1.9ct Moissanite Emerald Cathedral Solitaire,1761.00,,,,the-audrey-ring-1-9ct-moissanite-emerald-cathedral-solitaire-with-hidden-halo-1
,,,,,Engagement,Yellow Gold,The Vienna Ring - 1.0ct Moissanite Radiant Solitaire,1180.00,,,,the-vienna-ring-1ct-moissanite-radiant-solitaire
,,,,,Engagement,White Gold,The Vienna Ring - 1.0ct Moissanite Radiant Solitaire,1180.00,,,,the-vienna-ring-1ct-moissanite-radiant-solitaire
,,,,"=IMAGE(""https://cdn.shopify.com/s/files/1/0544/6408/6189/files/Top_5845_Rose_00000_bc88ca8b-7717-4f5c-b1c1-250189f1a314.jpg?v=1759453631"")",Engagement,Rose Gold,The Vienna Ring - 1.0ct Moissanite Radiant Solitaire,1180.00,rose.jpg,images/the-vienna-ring-1ct-moissanite-radiant-solitaire/rose.jpg,"=HYPERLINK(""https://cdn.shopify.com/s/files/1/0544/6408/6189/files/Top_5845_Rose_00000_bc88ca8b-7717-4f5c-b1c1-250189f1a314.jpg?v=1759453631"",""View ring"")",the-vienna-ring-1ct-moissanite-radiant-solitaire
,,,,"=IMAGE(""https://cdn.shopify.com/s/files/1/0544/6408/6189/files/Yellow1080_Top_Pear_00000_71c4302d-9752-4204-83cc-e28b918e1953.jpg?v=1759466890"")",Engagement,Yellow Gold,The Eloise Ring - 0.72ct Lab Diamond Pear Antique Halo,1867.00,yellow.jpg,images/the-eloise-ring-0-72ct-lab-grown-diamond-pear-antique-halo/yellow.jpg,"=HYPERLINK(""https://cdn.shopify.com/s/files/1/0544/6408/6189/files/Yellow1080_Top_Pear_00000_71c4302d-9752-4204-83cc-e28b918e1953.jpg?v=1759466890"",""View ring"")",the-eloise-ring-0-72ct-lab-grown-diamond-pear-antique-halo
,,,,,Engagement,White Gold,The Eloise Ring - 0.72ct Lab Diamond Pear Antique Halo,1867.00,,,,the-eloise-ring-0-72ct-lab-grown-diamond-pear-antique-halo
,,,,,Engagement,Rose Gold,The Eloise Ring - 0.72ct Lab Diamond Pear Antique Halo,1867.00,,,,the-eloise-ring-0-72ct-lab-grown-diamond-pear-antique-halo
,,,,,Engagement,Yellow Gold,The Luise Ring® - 2.53ct Lab Diamond Oval Solitaire,3739.00,,,,the-luise-ring®-2-53ct-lab-grown-diamond-oval-solitaire
,,,,"=IMAGE(""https://cdn.shopify.com/s/files/1/0544/6408/6189/files/Top_5723_White_00000_f049c8c8-a19a-4a3a-91f6-75e195370500.jpg?v=1762831520"")",Engagement,White Gold,The Luise Ring® - 2.53ct Lab Diamond Oval Solitaire,3739.00,white.jpg,images/the-luise-ring®-2-53ct-lab-grown-diamond-oval-solitaire/white.jpg,"=HYPERLINK(""https://cdn.shopify.com/s/files/1/0544/6408/6189/files/Top_5723_White_00000_f049c8c8-a19a-4a3a-91f6-75e195370500.jpg?v=1762831520"",""View ring"")",the-luise-ring®-2-53ct-lab-grown-diamond-oval-solitaire
,,,,,Engagement,Rose Gold,The Luise Ring® - 2.53ct Lab Diamond Oval Solitaire,3739.00,,,,the-luise-ring®-2-53ct-lab-grown-diamond-oval-solitaire
,,,,"=IMAGE(""https://cdn.shopify.com/s/files/1/0544/6408/6189/files/Top_5723_Yellow_00000_647df467-bc0c-48a2-ab28-449340597bc1.jpg?v=1759467023"")",Engagement,Yellow Gold,The Luise Ring® - 1.25ct Lab Diamond Oval Solitaire,1735.00,yellow.jpg,images/the-luise-ring®-1-25ct-lab-grown-diamond-oval-solitaire/yellow.jpg,"=HYPERLINK(""https://cdn.shopify.com/s/files/1/0544/6408/6189/files/Top_5723_Yellow_00000_647df467-bc0c-48a2-ab28-449340597bc1.jpg?v=1759467023"",""View ring"")",the-luise-ring®-1-25ct-lab-grown-diamond-oval-solitaire
,,,,,Engagement,White Gold,The Luise Ring® - 1.25ct Lab Diamond Oval Solitaire,1735.00,,,,the-luise-ring®-1-25ct-lab-grown-diamond-oval-solitaire
,,,,,Engagement,Rose Gold,The Luise Ring® - 1.25ct Lab Diamond Oval Solitaire,1735.00,,,,the-luise-ring®-1-25ct-lab-grown-diamond-oval-solitaire
,,,,"=IMAGE(""https://cdn.shopify.com/s/files/1/0544/6408/6189/files/Top_5723_Yellow_00000_647df467-bc0c-48a2-ab28-449340597bc1.jpg?v=1759467023"")",Engagement,Yellow Gold,The Luise Ring® - 1.50ct Lab Diamond Oval Solitaire,2518.00,yellow.jpg,images/the-luise-ring®-1-50ct-lab-grown-diamond-oval-solitaire-1/yellow.jpg,"=HYPERLINK(""https://cdn.shopify.com/s/files/1/0544/6408/6189/files/Top_5723_Yellow_00000_647df467-bc0c-48a2-ab28-449340597bc1.jpg?v=1759467023"",""View ring"")",the-luise-ring®-1-50ct-lab-grown-diamond-oval-solitaire-1
,,,,,Engagement,White Gold,The Luise Ring® - 1.50ct Lab Diamond Oval Solitaire,2518.00,,,,the-luise-ring®-1-50ct-lab-grown-diamond-oval-solitaire-1
,,,,,Engagement,Rose Gold,The Luise Ring® - 1.50ct Lab Diamond Oval Solitaire,2518.00,,,,the-luise-ring®-1-50ct-lab-grown-diamond-oval-solitaire-1
,,,,"=IMAGE(""https://cdn.shopify.com/s/files/1/0544/6408/6189/files/Top_5723_Yellow_00000_647df467-bc0c-48a2-ab28-449340597bc1.jpg?v=1759467023"")",Engagement,Yellow Gold,The Luise Ring® - 1.52ct Lab Diamond Oval Solitaire,2322.00,yellow.jpg,images/the-luise-ring®-1-52ct-lab-grown-diamond-oval-solitaire/yellow.jpg,"=HYPERLINK(""https://cdn.shopify.com/s/files/1/0544/6408/6189/files/Top_5723_Yellow_00000_647df467-bc0c-48a2-ab28-449340597bc1.jpg?v=1759467023"",""View ring"")",the-luise-ring®-1-52ct-lab-grown-diamond-oval-solitaire
,,,,,Engagement,White Gold,The Luise Ring® - 1.52ct Lab Diamond Oval Solitaire,2322.00,,,,the-luise-ring®-1-52ct-lab-grown-diamond-oval-solitaire
,,,,,Engagement,Rose Gold,The Luise Ring® - 1.52ct Lab Diamond Oval Solitaire,2322.00,,,,the-luise-ring®-1-52ct-lab-grown-diamond-oval-solitaire
,,,,"=IMAGE(""https://cdn.shopify.com/s/files/1/0544/6408/6189/files/Top_6003_Yellow_00000_d701e26a-2a3e-4f70-b57f-73383b0a4729.jpg?v=1762925749"")",Engagement,Yellow Gold,The Luise Ring® - 1.52ct Lab Diamond Low Set Oval Solitaire,2243.00,yellow.jpg,images/the-luise-ring®-1-52ct-lab-grown-diamond-oval-solitaire-1/yellow.jpg,"=HYPERLINK(""https://cdn.shopify.com/s/files/1/0544/6408/6189/files/Top_6003_Yellow_00000_d701e26a-2a3e-4f70-b57f-73383b0a4729.jpg?v=1762925749"",""View ring"")",the-luise-ring®-1-52ct-lab-grown-diamond-oval-solitaire-1
,,,,,Engagement,White Gold,The Luise Ring® - 1.52ct Lab Diamond Low Set Oval Solitaire,2243.00,,,,the-luise-ring®-1-52ct-lab-grown-diamond-oval-solitaire-1
,,,,,Engagement,Rose Gold,The Luise Ring® - 1.52ct Lab Diamond Low Set Oval Solitaire,2243.00,,,,the-luise-ring®-1-52ct-lab-grown-diamond-oval-solitaire-1
,,,,"=IMAGE(""https://cdn.shopify.com/s/files/1/0544/6408/6189/files/Top_5723_Yellow_00000_647df467-bc0c-48a2-ab28-449340597bc1.jpg?v=1759467023"")",Engagement,Yellow Gold,The Luise Ring® - 0.98ct Lab Diamond Oval Solitaire,1656.00,yellow.jpg,images/the-luise-ring®-0-98ct-lab-grown-diamond-oval-solitaire/yellow.jpg,"=HYPERLINK(""https://cdn.shopify.com/s/files/1/0544/6408/6189/files/Top_5723_Yellow_00000_647df467-bc0c-48a2-ab28-449340597bc1.jpg?v=1759467023"",""View ring"")",the-luise-ring®-0-98ct-lab-grown-diamond-oval-solitaire
,,,,,Engagement,White Gold,The Luise Ring® - 0.98ct Lab Diamond Oval Solitaire,1656.00,,,,the-luise-ring®-0-98ct-lab-grown-diamond-oval-solitaire
,,,,,Engagement,Rose Gold,The Luise Ring® - 0.98ct Lab Diamond Oval Solitaire,1656.00,,,,the-luise-ring®-0-98ct-lab-grown-diamond-oval-solitaire
,,,,"=IMAGE(""https://cdn.shopify.com/s/files/1/0544/6408/6189/files/Top_5723_Yellow_00000_647df467-bc0c-48a2-ab28-449340597bc1.jpg?v=1759467023"")",Engagement,Yellow Gold,The Luise Ring® - 1.19ct Lab Diamond Oval Solitaire,1746.00,yellow.jpg,images/the-luise-ring®-1-19ct-lab-grown-diamond-oval-solitaire/yellow.jpg,"=HYPERLINK(""https://cdn.shopify.com/s/files/1/0544/6408/6189/files/Top_5723_Yellow_00000_647df467-bc0c-48a2-ab28-449340597bc1.jpg?v=1759467023"",""View ring"")",the-luise-ring®-1-19ct-lab-grown-diamond-oval-solitaire
,,,,,Engagement,White Gold,The Luise Ring® - 1.19ct Lab Diamond Oval Solitaire,1746.00,,,,the-luise-ring®-1-19ct-lab-grown-diamond-oval-solitaire
,,,,,Engagement,Rose Gold,The Luise Ring® - 1.19ct Lab Diamond Oval Solitaire,1746.00,,,,the-luise-ring®-1-19ct-lab-grown-diamond-oval-solitaire
,,,,"=IMAGE(""https://cdn.shopify.com/s/files/1/0544/6408/6189/files/Top_5723_Yellow_00000_647df467-bc0c-48a2-ab28-449340597bc1.jpg?v=1759467023"")",Engagement,Yellow Gold,The Luise Ring® - 1.22ct Lab Diamond Oval Solitaire,1904.00,yellow.jpg,images/the-luise-ring®-1-22ct-lab-grown-diamond-oval-solitaire/yellow.jpg,"=HYPERLINK(""https://cdn.shopify.com/s/files/1/0544/6408/6189/files/Top_5723_Yellow_00000_647df467-bc0c-48a2-ab28-449340597bc1.jpg?v=1759467023"",""View ring"")",the-luise-ring®-1-22ct-lab-grown-diamond-oval-solitaire
,,,,,Engagement,White Gold,The Luise Ring® - 1.22ct Lab Diamond Oval Solitaire,1904.00,,,,the-luise-ring®-1-22ct-lab-grown-diamond-oval-solitaire
,,,,,Engagement,Rose Gold,The Luise Ring® - 1.22ct Lab Diamond Oval Solitaire,1904.00,,,,the-luise-ring®-1-22ct-lab-grown-diamond-oval-solitaire
,,,,"=IMAGE(""https://cdn.shopify.com/s/files/1/0544/6408/6189/files/Top_6003_Yellow_00000_7a11aedd-970e-47fb-a309-95196a2d9d5e.jpg?v=1762917916"")",Engagement,Yellow Gold,The Luise Ring® - 1.59ct Lab Diamond Low Set Oval Solitaire,2163.00,yellow.jpg,images/the-luise-ring®-1-59ct-lab-grown-diamond-oval-solitaire/yellow.jpg,"=HYPERLINK(""https://cdn.shopify.com/s/files/1/0544/6408/6189/files/Top_6003_Yellow_00000_7a11aedd-970e-47fb-a309-95196a2d9d5e.jpg?v=1762917916"",""View ring"")",the-luise-ring®-1-59ct-lab-grown-diamond-oval-solitaire
,,,,,Engagement,White Gold,The Luise Ring® - 1.59ct Lab Diamond Low Set Oval Solitaire,2163.00,,,,the-luise-ring®-1-59ct-lab-grown-diamond-oval-solitaire
,,,,,Engagement,Rose Gold,The Luise Ring® - 1.59ct Lab Diamond Low Set Oval Solitaire,2163.00,,,,the-luise-ring®-1-59ct-lab-grown-diamond-oval-solitaire
,,,,"=IMAGE(""https://cdn.shopify.com/s/files/1/0544/6408/6189/files/Top_6003_Yellow_00000_f35d2065-8207-430d-aac1-7c75325bec33.jpg?v=1762917873"")",Engagement,Yellow Gold,The Luise Ring® - 1.59ct Lab Diamond Low Set Oval Solitaire,2613.00,yellow.jpg,images/the-luise-ring®-1-59ct-lab-grown-diamond-oval-solitaire-1/yellow.jpg,"=HYPERLINK(""https://cdn.shopify.com/s/files/1/0544/6408/6189/files/Top_6003_Yellow_00000_f35d2065-8207-430d-aac1-7c75325bec33.jpg?v=1762917873"",""View ring"")",the-luise-ring®-1-59ct-lab-grown-diamond-oval-solitaire-1
,,,,,Engagement,White Gold,The Luise Ring® - 1.59ct Lab Diamond Low Set Oval Solitaire,2613.00,,,,the-luise-ring®-1-59ct-lab-grown-diamond-oval-solitaire-1
,,,,,Engagement,Rose Gold,The Luise Ring® - 1.59ct Lab Diamond Low Set Oval Solitaire,2613.00,,,,the-luise-ring®-1-59ct-lab-grown-diamond-oval-solitaire-1
,,,,"=IMAGE(""https://cdn.shopify.com/s/files/1/0544/6408/6189/files/Top_6003_Yellow_00000_f35d2065-8207-430d-aac1-7c75325bec33.jpg?v=1762917873"")",Engagement,Yellow Gold,The Luise Ring® - 1.59ct Lab Diamond Low Set Oval Solitaire,2280.00,yellow.jpg,images/the-luise-ring®-1-59ct-lab-grown-diamond-low-set-oval-solitaire/yellow.jpg,"=HYPERLINK(""https://cdn.shopify.com/s/files/1/0544/6408/6189/files/Top_6003_Yellow_00000_f35d2065-8207-430d-aac1-7c75325bec33.jpg?v=1762917873"",""View ring"")",the-luise-ring®-1-59ct-lab-grown-diamond-low-set-oval-solitaire
,,,,,Engagement,White Gold,The Luise Ring® - 1.59ct Lab Diamond Low Set Oval Solitaire,2280.00,,,,the-luise-ring®-1-59ct-lab-grown-diamond-low-set-oval-solitaire
,,,,,Engagement,Rose Gold,The Luise Ring® - 1.59ct Lab Diamond Low Set Oval Solitaire,2280.00,,,,the-luise-ring®-1-59ct-lab-grown-diamond-low-set-oval-solitaire
,,,,"=IMAGE(""https://cdn.shopify.com/s/files/1/0544/6408/6189/files/Top_5723_Yellow_00000_647df467-bc0c-48a2-ab28-449340597bc1.jpg?v=1759467023"")",Engagement,Yellow Gold,The Luise Ring® - 1.02ct Lab Diamond Oval Solitaire,1682.00,yellow.jpg,images/the-luise-ring®-1-02ct-lab-grown-diamond-oval-solitaire/yellow.jpg,"=HYPERLINK(""https://cdn.shopify.com/s/files/1/0544/6408/6189/files/Top_5723_Yellow_00000_647df467-bc0c-48a2-ab28-449340597bc1.jpg?v=1759467023"",""View ring"")",the-luise-ring®-1-02ct-lab-grown-diamond-oval-solitaire
,,,,,Engagement,White Gold,The Luise Ring® - 1.02ct Lab Diamond Oval Solitaire,1682.00,,,,the-luise-ring®-1-02ct-lab-grown-diamond-oval-solitaire
,,,,,Engagement,Rose Gold,The Luise Ring® - 1.02ct Lab Diamond Oval Solitaire,1682.00,,,,the-luise-ring®-1-02ct-lab-grown-diamond-oval-solitaire
,,,,"=IMAGE(""https://cdn.shopify.com/s/files/1/0544/6408/6189/files/Top_5723_Yellow_00000_647df467-bc0c-48a2-ab28-449340597bc1.jpg?v=1759467023"")",Engagement,Yellow Gold,The Luise Ring® - 1.06ct Lab Diamond Oval Solitaire,1714.00,yellow.jpg,images/the-luise-ring®-1-06ct-lab-grown-diamond-oval-solitaire/yellow.jpg,"=HYPERLINK(""https://cdn.shopify.com/s/files/1/0544/6408/6189/files/Top_5723_Yellow_00000_647df467-bc0c-48a2-ab28-449340597bc1.jpg?v=1759467023"",""View ring"")",the-luise-ring®-1-06ct-lab-grown-diamond-oval-solitaire
,,,,,Engagement,White Gold,The Luise Ring® - 1.06ct Lab Diamond Oval Solitaire,1714.00,,,,the-luise-ring®-1-06ct-lab-grown-diamond-oval-solitaire
,,,,,Engagement,Rose Gold,The Luise Ring® - 1.06ct Lab Diamond Oval Solitaire,1714.00,,,,the-luise-ring®-1-06ct-lab-grown-diamond-oval-solitaire
,,,,"=IMAGE(""https://cdn.shopify.com/s/files/1/0544/6408/6189/files/Top_5723_Yellow_00000_647df467-bc0c-48a2-ab28-449340597bc1.jpg?v=1759467023"")",Engagement,Yellow Gold,The Luise Ring® - 1.00ct Lab Diamond Oval Solitaire,1672.00,yellow.jpg,images/the-luise-ring®-1-00ct-lab-grown-diamond-oval-solitaire-3/yellow.jpg,"=HYPERLINK(""https://cdn.shopify.com/s/files/1/0544/6408/6189/files/Top_5723_Yellow_00000_647df467-bc0c-48a2-ab28-449340597bc1.jpg?v=1759467023"",""View ring"")",the-luise-ring®-1-00ct-lab-grown-diamond-oval-solitaire-3
,,,,,Engagement,White Gold,The Luise Ring® - 1.00ct Lab Diamond Oval Solitaire,1672.00,,,,the-luise-ring®-1-00ct-lab-grown-diamond-oval-solitaire-3
,,,,,Engagement,Rose Gold,The Luise Ring® - 1.00ct Lab Diamond Oval Solitaire,1672.00,,,,the-luise-ring®-1-00ct-lab-grown-diamond-oval-solitaire-3
,,,,"=IMAGE(""https://cdn.shopify.com/s/files/1/0544/6408/6189/files/Top_6003_Yellow_00000_9c5d0932-ac85-4435-879a-e1a57189bdbd.jpg?v=1762922382"")",Engagement,Yellow Gold,The Luise Ring® - 1.59ct Lab Diamond Low Set Oval Solitaire,2412.00,yellow.jpg,images/the-luise-ring®-1-59ct-lab-grown-diamond-oval-solitaire-2/yellow.jpg,"=HYPERLINK(""https://cdn.shopify.com/s/files/1/0544/6408/6189/files/Top_6003_Yellow_00000_9c5d0932-ac85-4435-879a-e1a57189bdbd.jpg?v=1762922382"",""View ring"")",the-luise-ring®-1-59ct-lab-grown-diamond-oval-solitaire-2
,,,,,Engagement,White Gold,The Luise Ring® - 1.59ct Lab Diamond Low Set Oval Solitaire,2412.00,,,,the-luise-ring®-1-59ct-lab-grown-diamond-oval-solitaire-2
,,,,,Engagement,Rose Gold,The Luise Ring® - 1.59ct Lab Diamond Low Set Oval Solitaire,2412.00,,,,the-luise-ring®-1-59ct-lab-grown-diamond-oval-solitaire-2
,,,,"=IMAGE(""https://cdn.shopify.com/s/files/1/0544/6408/6189/files/Top_6003_Yellow_00000_a290f25c-6c1a-45aa-b51e-414490eed2a9.jpg?v=1762925641"")",Engagement,Yellow Gold,The Luise Ring® - 1.51ct Lab Diamond Low Set Oval Solitaire,2163.00,yellow.jpg,images/the-luise-ring®-1-51ct-lab-grown-diamond-low-set-oval-solitaire/yellow.jpg,"=HYPERLINK(""https://cdn.shopify.com/s/files/1/0544/6408/6189/files/Top_6003_Yellow_00000_a290f25c-6c1a-45aa-b51e-414490eed2a9.jpg?v=1762925641"",""View ring"")",the-luise-ring®-1-51ct-lab-grown-diamond-low-set-oval-solitaire
,,,,,Engagement,White Gold,The Luise Ring® - 1.51ct Lab Diamond Low Set Oval Solitaire,2163.00,,,,the-luise-ring®-1-51ct-lab-grown-diamond-low-set-oval-solitaire
,,,,,Engagement,Rose Gold,The Luise Ring® - 1.51ct Lab Diamond Low Set Oval Solitaire,2163.00,,,,the-luise-ring®-1-51ct-lab-grown-diamond-low-set-oval-solitaire
,,,,"=IMAGE(""https://cdn.shopify.com/s/files/1/0544/6408/6189/files/Yellow1080_Top_140_00000_6806cd9a-e5e7-4793-ba14-989f07f459a8.jpg?v=1762926719"")",Engagement,Yellow Gold,The Luise Ring® - 1.50ct Lab Grown Diamond Oval Solitaire,2348.00,yellow.jpg,images/the-luise-ring®-1-50ct-lab-grown-diamond-oval-solitaire-4/yellow.jpg,"=HYPERLINK(""https://cdn.shopify.com/s/files/1/0544/6408/6189/files/Yellow1080_Top_140_00000_6806cd9a-e5e7-4793-ba14-989f07f459a8.jpg?v=1762926719"",""View ring"")",the-luise-ring®-1-50ct-lab-grown-diamond-oval-solitaire-4
,,,,,Engagement,White Gold,The Luise Ring® - 1.50ct Lab Grown Diamond Oval Solitaire,2348.00,,,,the-luise-ring®-1-50ct-lab-grown-diamond-oval-solitaire-4
,,,,,Engagement,Rose Gold,The Luise Ring® - 1.50ct Lab Grown Diamond Oval Solitaire,2348.00,,,,the-luise-ring®-1-50ct-lab-grown-diamond-oval-solitaire-4
,,,,"=IMAGE(""https://cdn.shopify.com/s/files/1/0544/6408/6189/files/Top_6367marquise6prong13x6_Yellow_00000_f940e165-b101-4dde-ae3b-61a1c8e997fe.jpg?v=1763004694"")",Engagement,Yellow Gold,The Arie Ring - 1.55ct Marquise Lab Diamond Solitaire,2512.00,yellow.jpg,images/the-arie-ring-1-55ct-marquise-lab-diamond-solitaire/yellow.jpg,"=HYPERLINK(""https://cdn.shopify.com/s/files/1/0544/6408/6189/files/Top_6367marquise6prong13x6_Yellow_00000_f940e165-b101-4dde-ae3b-61a1c8e997fe.jpg?v=1763004694"",""View ring"")",the-arie-ring-1-55ct-marquise-lab-diamond-solitaire
,,,,,Engagement,White Gold,The Arie Ring - 1.55ct Marquise Lab Diamond Solitaire,2512.00,,,,the-arie-ring-1-55ct-marquise-lab-diamond-solitaire
,,,,,Engagement,Rose Gold,The Arie Ring - 1.55ct Marquise Lab Diamond Solitaire,2512.00,,,,the-arie-ring-1-55ct-marquise-lab-diamond-solitaire
,,,,"=IMAGE(""https://cdn.shopify.com/s/files/1/0544/6408/6189/files/Top_6367marquise4prong13x6_Yellow_00000_c6f9c4d2-0d27-45b8-850e-30486bf71548.jpg?v=1763005310"")",Engagement,Yellow Gold,The Arie Ring - 1.58ct Lab Diamond Marquise Solitaire,2142.00,yellow.jpg,images/the-arie-ring-1-58ct-marquise-lab-diamond-solitaire/yellow.jpg,"=HYPERLINK(""https://cdn.shopify.com/s/files/1/0544/6408/6189/files/Top_6367marquise4prong13x6_Yellow_00000_c6f9c4d2-0d27-45b8-850e-30486bf71548.jpg?v=1763005310"",""View ring"")",the-arie-ring-1-58ct-marquise-lab-diamond-solitaire
,,,,,Engagement,White Gold,The Arie Ring - 1.58ct Lab Diamond Marquise Solitaire,2142.00,,,,the-arie-ring-1-58ct-marquise-lab-diamond-solitaire
,,,,,Engagement,Rose Gold,The Arie Ring - 1.58ct Lab Diamond Marquise Solitaire,2142.00,,,,the-arie-ring-1-58ct-marquise-lab-diamond-solitaire
,,,,"=IMAGE(""https://cdn.shopify.com/s/files/1/0544/6408/6189/files/Top_6367marquise4prong13x6_Yellow_00000_c6f9c4d2-0d27-45b8-850e-30486bf71548.jpg?v=1763005310"")",Engagement,Yellow Gold,The Arie Ring - 1.58ct Lab Diamond Marquise Solitaire,2211.00,yellow.jpg,images/the-arie-ring-1-58ct-marquise-lab-diamond-solitaire-1/yellow.jpg,"=HYPERLINK(""https://cdn.shopify.com/s/files/1/0544/6408/6189/files/Top_6367marquise4prong13x6_Yellow_00000_c6f9c4d2-0d27-45b8-850e-30486bf71548.jpg?v=1763005310"",""View ring"")",the-arie-ring-1-58ct-marquise-lab-diamond-solitaire-1
,,,,,Engagement,White Gold,The Arie Ring - 1.58ct Lab Diamond Marquise Solitaire,2211.00,,,,the-arie-ring-1-58ct-marquise-lab-diamond-solitaire-1
,,,,,Engagement,Rose Gold,The Arie Ring - 1.58ct Lab Diamond Marquise Solitaire,2211.00,,,,the-arie-ring-1-58ct-marquise-lab-diamond-solitaire-1
,,,,"=IMAGE(""https://cdn.shopify.com/s/files/1/0544/6408/6189/files/Yellow1080_Top_270_00000.jpg?v=1766355863"")",Engagement,Yellow Gold,The Cara Ring - Moval Solitaire,831.00,yellow.jpg,images/the-cara-ring-moval-solitaire/yellow.jpg,"=HYPERLINK(""https://cdn.shopify.com/s/files/1/0544/6408/6189/files/Yellow1080_Top_270_00000.jpg?v=1766355863"",""View ring"")",the-cara-ring-moval-solitaire
,,,,"=IMAGE(""https://cdn.shopify.com/s/files/1/0544/6408/6189/files/White1080_Top_270_00000.jpg?v=1766355863"")",Engagement,White Gold,The Cara Ring - Moval Solitaire,831.00,white.jpg,images/the-cara-ring-moval-solitaire/white.jpg,"=HYPERLINK(""https://cdn.shopify.com/s/files/1/0544/6408/6189/files/White1080_Top_270_00000.jpg?v=1766355863"",""View ring"")",the-cara-ring-moval-solitaire
,,,,"=IMAGE(""https://cdn.shopify.com/s/files/1/0544/6408/6189/files/Rose1080_Top_270_00000.jpg?v=1766355863"")",Engagement,Rose Gold,The Cara Ring - Moval Solitaire,831.00,rose.jpg,images/the-cara-ring-moval-solitaire/rose.jpg,"=HYPERLINK(""https://cdn.shopify.com/s/files/1/0544/6408/6189/files/Rose1080_Top_270_00000.jpg?v=1766355863"",""View ring"")",the-cara-ring-moval-solitaire
,,,,"=IMAGE(""https://cdn.shopify.com/s/files/1/0544/6408/6189/files/Yellow1080_Top_272_00000.jpg?v=1766355319"")",Engagement,Yellow Gold,The Cara Ring - Moval Cathedral Solitaire,937.00,yellow.jpg,images/the-cara-ring-moval-cathedral-solitaire/yellow.jpg,"=HYPERLINK(""https://cdn.shopify.com/s/files/1/0544/6408/6189/files/Yellow1080_Top_272_00000.jpg?v=1766355319"",""View ring"")",the-cara-ring-moval-cathedral-solitaire
,,,,"=IMAGE(""https://cdn.shopify.com/s/files/1/0544/6408/6189/files/White1080_Top_272_00000.jpg?v=1766355319"")",Engagement,White Gold,The Cara Ring - Moval Cathedral Solitaire,937.00,white.jpg,images/the-cara-ring-moval-cathedral-solitaire/white.jpg,"=HYPERLINK(""https://cdn.shopify.com/s/files/1/0544/6408/6189/files/White1080_Top_272_00000.jpg?v=1766355319"",""View ring"")",the-cara-ring-moval-cathedral-solitaire
,,,,"=IMAGE(""https://cdn.shopify.com/s/files/1/0544/6408/6189/files/Rose1080_Top_272_00000.jpg?v=1766355319"")",Engagement,Rose Gold,The Cara Ring - Moval Cathedral Solitaire,937.00,rose.jpg,images/the-cara-ring-moval-cathedral-solitaire/rose.jpg,"=HYPERLINK(""https://cdn.shopify.com/s/files/1/0544/6408/6189/files/Rose1080_Top_272_00000.jpg?v=1766355319"",""View ring"")",the-cara-ring-moval-cathedral-solitaire
,,,,"=IMAGE(""https://cdn.shopify.com/s/files/1/0544/6408/6189/files/Yellow1080_Top_273_00000_fc8b9938-3bf3-4e98-80db-f43d324f5d42.jpg?v=1767651422"")",Engagement,Yellow Gold,The Cara Ring - Moval Bezel Solitaire,857.00,yellow.jpg,images/the-cara-ring-moval-bezel-solitaire/yellow.jpg,"=HYPERLINK(""https://cdn.shopify.com/s/files/1/0544/6408/6189/files/Yellow1080_Top_273_00000_fc8b9938-3bf3-4e98-80db-f43d324f5d42.jpg?v=1767651422"",""View ring"")",the-cara-ring-moval-bezel-solitaire
,,,,"=IMAGE(""https://cdn.shopify.com/s/files/1/0544/6408/6189/files/White1080_Top_273_00000_efd74a3a-acd0-4887-a78c-6702fe518230.jpg?v=1767651422"")",Engagement,White Gold,The Cara Ring - Moval Bezel Solitaire,857.00,white.jpg,images/the-cara-ring-moval-bezel-solitaire/white.jpg,"=HYPERLINK(""https://cdn.shopify.com/s/files/1/0544/6408/6189/files/White1080_Top_273_00000_efd74a3a-acd0-4887-a78c-6702fe518230.jpg?v=1767651422"",""View ring"")",the-cara-ring-moval-bezel-solitaire
,,,,"=IMAGE(""https://cdn.shopify.com/s/files/1/0544/6408/6189/files/Rose1080_Top_273_00000_023b1fbd-f3a6-472b-826a-182a96dcd564.jpg?v=1767651422"")",Engagement,Rose Gold,The Cara Ring - Moval Bezel Solitaire,857.00,rose.jpg,images/the-cara-ring-moval-bezel-solitaire/rose.jpg,"=HYPERLINK(""https://cdn.shopify.com/s/files/1/0544/6408/6189/files/Rose1080_Top_273_00000_023b1fbd-f3a6-472b-826a-182a96dcd564.jpg?v=1767651422"",""View ring"")",the-cara-ring-moval-bezel-solitaire
,,,,"=IMAGE(""https://cdn.shopify.com/s/files/1/0544/6408/6189/files/Yellow1080_Top_274_00000.jpg?v=1767656415"")",Engagement,Yellow Gold,The Arie Ring - 2.8ct Moissanite Marquise Cathedral Solitaire,2407.00,yellow.jpg,images/the-arie-ring-2-8ct-moissanite-marquise-solitaire/yellow.jpg,"=HYPERLINK(""https://cdn.shopify.com/s/files/1/0544/6408/6189/files/Yellow1080_Top_274_00000.jpg?v=1767656415"",""View ring"")",the-arie-ring-2-8ct-moissanite-marquise-solitaire
,,,,,Engagement,White Gold,The Arie Ring - 2.8ct Moissanite Marquise Cathedral Solitaire,2407.00,,,,the-arie-ring-2-8ct-moissanite-marquise-solitaire
,,,,,Engagement,Rose Gold,The Arie Ring - 2.8ct Moissanite Marquise Cathedral Solitaire,2407.00,,,,the-arie-ring-2-8ct-moissanite-marquise-solitaire
,,,,"=IMAGE(""https://cdn.shopify.com/s/files/1/0544/6408/6189/files/Top_5966_1_Yellow_00000_653e79a0-4d35-4ffd-9989-b498acfdcbe8.jpg?v=1759467048"")",Engagement,Yellow Gold,The Avery Ring - 1.08ct Lab Diamond Oval Solitaire with Marquise and Round Band,2259.00,yellow.jpg,images/the-avery-ring-1-08ct-lab-diamond-oval-solitaire-with-marquise-band/yellow.jpg,"=HYPERLINK(""https://cdn.shopify.com/s/files/1/0544/6408/6189/files/Top_5966_1_Yellow_00000_653e79a0-4d35-4ffd-9989-b498acfdcbe8.jpg?v=1759467048"",""View ring"")",the-avery-ring-1-08ct-lab-diamond-oval-solitaire-with-marquise-band
,,,,,Engagement,White Gold,The Avery Ring - 1.08ct Lab Diamond Oval Solitaire with Marquise and Round Band,2259.00,,,,the-avery-ring-1-08ct-lab-diamond-oval-solitaire-with-marquise-band
,,,,,Engagement,Rose Gold,The Avery Ring - 1.08ct Lab Diamond Oval Solitaire with Marquise and Round Band,2259.00,,,,the-avery-ring-1-08ct-lab-diamond-oval-solitaire-with-marquise-band
,,,,"=IMAGE(""https://cdn.shopify.com/s/files/1/0544/6408/6189/files/Top_6016_Yellow_00000_3397a728-42df-4532-8070-099024d19249.jpg?v=1759467036"")",Engagement,Yellow Gold,The Ophelia Ring - 3.04ct Lab Grown Diamond Elongated Cushion Solitaire,3866.00,yellow.jpg,images/the-ophelia-ring-3-04ct-lab-grown-diamond-elongated-cushion-solitaire/yellow.jpg,"=HYPERLINK(""https://cdn.shopify.com/s/files/1/0544/6408/6189/files/Top_6016_Yellow_00000_3397a728-42df-4532-8070-099024d19249.jpg?v=1759467036"",""View ring"")",the-ophelia-ring-3-04ct-lab-grown-diamond-elongated-cushion-solitaire
,,,,,Engagement,White Gold,The Ophelia Ring - 3.04ct Lab Grown Diamond Elongated Cushion Solitaire,3866.00,,,,the-ophelia-ring-3-04ct-lab-grown-diamond-elongated-cushion-solitaire
,,,,,Engagement,Rose Gold,The Ophelia Ring - 3.04ct Lab Grown Diamond Elongated Cushion Solitaire,3866.00,,,,the-ophelia-ring-3-04ct-lab-grown-diamond-elongated-cushion-solitaire
,,,,,Engagement,Yellow Gold,The Amira Ring - 2.1ct Moissanite Oval with Marquise Accents,1888.00,,,,the-amira-ring-2-1ct-moissanite-oval-with-marquise-accents-20
,,,,,Engagement,White Gold,The Amira Ring - 2.1ct Moissanite Oval with Marquise Accents,1888.00,,,,the-amira-ring-2-1ct-moissanite-oval-with-marquise-accents-20
,,,,,Engagement,Rose Gold,The Amira Ring - 2.1ct Moissanite Oval with Marquise Accents,1888.00,,,,the-amira-ring-2-1ct-moissanite-oval-with-marquise-accents-20
,,,,,Engagement,Yellow Gold,The Amira Ring - 2.1ct Moissanite Oval with Marquise Accents,2021.00,,,,the-amira-ring-2-1ct-moissanite-oval-with-marquise-accents-21
,,,,,Engagement,White Gold,The Amira Ring - 2.1ct Moissanite Oval with Marquise Accents,2021.00,,,,the-amira-ring-2-1ct-moissanite-oval-with-marquise-accents-21
,,,,,Engagement,Rose Gold,The Amira Ring - 2.1ct Moissanite Oval with Marquise Accents,2021.00,,,,the-amira-ring-2-1ct-moissanite-oval-with-marquise-accents-21
,,,,,Engagement,Yellow Gold,The Amira Ring - 2.1ct Moissanite Oval with Marquise Accents,1888.00,,,,the-amira-ring-2-1ct-moissanite-oval-with-marquise-accents-22
,,,,,Engagement,White Gold,The Amira Ring - 2.1ct Moissanite Oval with Marquise Accents,1888.00,,,,the-amira-ring-2-1ct-moissanite-oval-with-marquise-accents-22
,,,,,Engagement,Rose Gold,The Amira Ring - 2.1ct Moissanite Oval with Marquise Accents,1888.00,,,,the-amira-ring-2-1ct-moissanite-oval-with-marquise-accents-22
,,,,,Engagement,Yellow Gold,The Amira Ring - 2.1ct Moissanite Oval with Marquise Accents,1888.00,,,,the-amira-ring-2-1ct-moissanite-oval-with-marquise-accents-23
,,,,,Engagement,White Gold,The Amira Ring - 2.1ct Moissanite Oval with Marquise Accents,1888.00,,,,the-amira-ring-2-1ct-moissanite-oval-with-marquise-accents-23
,,,,,Engagement,Rose Gold,The Amira Ring - 2.1ct Moissanite Oval with Marquise Accents,1888.00,,,,the-amira-ring-2-1ct-moissanite-oval-with-marquise-accents-23
,,,,,Engagement,Yellow Gold,The Amira Ring - 1.0ct Moissanite Oval with Marquise Accents,1344.00,,,,the-amira-ring-1-0ct-moissanite-oval-with-marquise-accents-9
,,,,,Engagement,White Gold,The Amira Ring - 1.0ct Moissanite Oval with Marquise Accents,1344.00,,,,the-amira-ring-1-0ct-moissanite-oval-with-marquise-accents-9
,,,,,Engagement,Rose Gold,The Amira Ring - 1.0ct Moissanite Oval with Marquise Accents,1344.00,,,,the-amira-ring-1-0ct-moissanite-oval-with-marquise-accents-9
,,,,,Engagement,Yellow Gold,The Amira Ring - 1.5ct Moissanite Oval with Marquise Accents,1862.00,,,,the-amira-ring-1-5ct-moissanite-oval-with-marquise-accents-15
,,,,,Engagement,White Gold,The Amira Ring - 1.5ct Moissanite Oval with Marquise Accents,1862.00,,,,the-amira-ring-1-5ct-moissanite-oval-with-marquise-accents-15
,,,,,Engagement,Rose Gold,The Amira Ring - 1.5ct Moissanite Oval with Marquise Accents,1862.00,,,,the-amira-ring-1-5ct-moissanite-oval-with-marquise-accents-15
,,,,,Engagement,Yellow Gold,The Amira Ring - 1.5ct Moissanite Oval with Marquise Accents,1703.00,,,,the-amira-ring-1-5ct-moissanite-oval-with-marquise-accents-16
,,,,,Engagement,White Gold,The Amira Ring - 1.5ct Moissanite Oval with Marquise Accents,1703.00,,,,the-amira-ring-1-5ct-moissanite-oval-with-marquise-accents-16
,,,,,Engagement,Rose Gold,The Amira Ring - 1.5ct Moissanite Oval with Marquise Accents,1703.00,,,,the-amira-ring-1-5ct-moissanite-oval-with-marquise-accents-16
,,,,,Engagement,Yellow Gold,The Amira Ring - 1.5ct Moissanite Oval with Marquise Accents,1703.00,,,,the-amira-ring-1-5ct-moissanite-oval-with-marquise-accents-17
,,,,,Engagement,White Gold,The Amira Ring - 1.5ct Moissanite Oval with Marquise Accents,1703.00,,,,the-amira-ring-1-5ct-moissanite-oval-with-marquise-accents-17
,,,,,Engagement,Rose Gold,The Amira Ring - 1.5ct Moissanite Oval with Marquise Accents,1703.00,,,,the-amira-ring-1-5ct-moissanite-oval-with-marquise-accents-17
,,,,,Engagement,Yellow Gold,The Amira Ring - 1.5ct Moissanite Oval with Marquise Accents,1703.00,,,,the-amira-ring-1-5ct-moissanite-oval-with-marquise-accents-18
,,,,,Engagement,White Gold,The Amira Ring - 1.5ct Moissanite Oval with Marquise Accents,1703.00,,,,the-amira-ring-1-5ct-moissanite-oval-with-marquise-accents-18
,,,,,Engagement,Rose Gold,The Amira Ring - 1.5ct Moissanite Oval with Marquise Accents,1703.00,,,,the-amira-ring-1-5ct-moissanite-oval-with-marquise-accents-18
,,,,"=IMAGE(""https://cdn.shopify.com/s/files/1/0544/6408/6189/files/Top_5845_Yellow_00000_f792b8e4-554f-4c42-9dd9-a8646fd42875.jpg?v=1779239195"")",Engagement,Yellow Gold,The Vienna Ring - 2.8ct Moissanite Radiant Solitaire,1973.00,yellow.jpg,images/the-vienna-ring-2-8ct-moissanite-radiant-solitaire-6/yellow.jpg,"=HYPERLINK(""https://cdn.shopify.com/s/files/1/0544/6408/6189/files/Top_5845_Yellow_00000_f792b8e4-554f-4c42-9dd9-a8646fd42875.jpg?v=1779239195"",""View ring"")",the-vienna-ring-2-8ct-moissanite-radiant-solitaire-6
,,,,,Engagement,White Gold,The Vienna Ring - 2.8ct Moissanite Radiant Solitaire,1973.00,,,,the-vienna-ring-2-8ct-moissanite-radiant-solitaire-6
,,,,,Engagement,Rose Gold,The Vienna Ring - 2.8ct Moissanite Radiant Solitaire,1973.00,,,,the-vienna-ring-2-8ct-moissanite-radiant-solitaire-6
,,,,"=IMAGE(""https://cdn.shopify.com/s/files/1/0544/6408/6189/files/Top_5845_Yellow_00000_f792b8e4-554f-4c42-9dd9-a8646fd42875.jpg?v=1779239195"")",Engagement,Yellow Gold,The Vienna Ring - 2.8ct Moissanite Radiant Solitaire,1973.00,yellow.jpg,images/the-vienna-ring-2-8ct-moissanite-radiant-solitaire-7/yellow.jpg,"=HYPERLINK(""https://cdn.shopify.com/s/files/1/0544/6408/6189/files/Top_5845_Yellow_00000_f792b8e4-554f-4c42-9dd9-a8646fd42875.jpg?v=1779239195"",""View ring"")",the-vienna-ring-2-8ct-moissanite-radiant-solitaire-7
,,,,,Engagement,White Gold,The Vienna Ring - 2.8ct Moissanite Radiant Solitaire,1973.00,,,,the-vienna-ring-2-8ct-moissanite-radiant-solitaire-7
,,,,,Engagement,Rose Gold,The Vienna Ring - 2.8ct Moissanite Radiant Solitaire,1973.00,,,,the-vienna-ring-2-8ct-moissanite-radiant-solitaire-7
,,,,"=IMAGE(""https://cdn.shopify.com/s/files/1/0544/6408/6189/files/Top_6003_Yellow_00000_d701e26a-2a3e-4f70-b57f-73383b0a4729.jpg?v=1762925749"")",Engagement,Yellow Gold,The Luise Ring® - 1.52ct Lab Diamond Low Set Oval Solitaire,2200.00,yellow.jpg,images/the-luise-ring®-1-52ct-lab-diamond-low-set-oval-solitaire/yellow.jpg,"=HYPERLINK(""https://cdn.shopify.com/s/files/1/0544/6408/6189/files/Top_6003_Yellow_00000_d701e26a-2a3e-4f70-b57f-73383b0a4729.jpg?v=1762925749"",""View ring"")",the-luise-ring®-1-52ct-lab-diamond-low-set-oval-solitaire
,,,,,Engagement,White Gold,The Luise Ring® - 1.52ct Lab Diamond Low Set Oval Solitaire,2200.00,,,,the-luise-ring®-1-52ct-lab-diamond-low-set-oval-solitaire
,,,,,Engagement,Rose Gold,The Luise Ring® - 1.52ct Lab Diamond Low Set Oval Solitaire,2200.00,,,,the-luise-ring®-1-52ct-lab-diamond-low-set-oval-solitaire
,,,,"=IMAGE(""https://cdn.shopify.com/s/files/1/0544/6408/6189/files/Top_6153_Yellow_00000_7afb1290-5a5f-4352-86a6-a53c971f49bf.jpg?v=1759467236"")",Engagement,Yellow Gold,The Audrey Ring - 3.00ct Lab Diamond Emerald Solitaire,3094.00,yellow.jpg,images/the-audrey-ring-3-00ct-lab-diamond-emerald-solitaire/yellow.jpg,"=HYPERLINK(""https://cdn.shopify.com/s/files/1/0544/6408/6189/files/Top_6153_Yellow_00000_7afb1290-5a5f-4352-86a6-a53c971f49bf.jpg?v=1759467236"",""View ring"")",the-audrey-ring-3-00ct-lab-diamond-emerald-solitaire
,,,,,Engagement,White Gold,The Audrey Ring - 3.00ct Lab Diamond Emerald Solitaire,3094.00,,,,the-audrey-ring-3-00ct-lab-diamond-emerald-solitaire
,,,,,Engagement,Rose Gold,The Audrey Ring - 3.00ct Lab Diamond Emerald Solitaire,3094.00,,,,the-audrey-ring-3-00ct-lab-diamond-emerald-solitaire
,,,,"=IMAGE(""https://cdn.shopify.com/s/files/1/0544/6408/6189/files/Top_5966_1_Yellow_00000_653e79a0-4d35-4ffd-9989-b498acfdcbe8.jpg?v=1759467048"")",Engagement,Yellow Gold,The Avery Ring - 1.54ct Lab Diamond Oval Solitaire with Marquise and Round Band,2655.00,yellow.jpg,images/the-avery-ring-1-54ct-lab-diamond-oval-solitaire-with-marquise-and-round-band/yellow.jpg,"=HYPERLINK(""https://cdn.shopify.com/s/files/1/0544/6408/6189/files/Top_5966_1_Yellow_00000_653e79a0-4d35-4ffd-9989-b498acfdcbe8.jpg?v=1759467048"",""View ring"")",the-avery-ring-1-54ct-lab-diamond-oval-solitaire-with-marquise-and-round-band
,,,,,Engagement,White Gold,The Avery Ring - 1.54ct Lab Diamond Oval Solitaire with Marquise and Round Band,2655.00,,,,the-avery-ring-1-54ct-lab-diamond-oval-solitaire-with-marquise-and-round-band
,,,,,Engagement,Rose Gold,The Avery Ring - 1.54ct Lab Diamond Oval Solitaire with Marquise and Round Band,2655.00,,,,the-avery-ring-1-54ct-lab-diamond-oval-solitaire-with-marquise-and-round-band
,,,,"=IMAGE(""https://cdn.shopify.com/s/files/1/0544/6408/6189/files/Top_6016_Yellow_00000_3397a728-42df-4532-8070-099024d19249.jpg?v=1759467036"")",Engagement,Yellow Gold,The Ophelia Ring - 3.02ct Lab Grown Diamond Elongated Cushion Solitaire,2999.00,yellow.jpg,images/the-ophelia-ring-3-02ct-lab-grown-diamond-elongated-cushion-solitaire/yellow.jpg,"=HYPERLINK(""https://cdn.shopify.com/s/files/1/0544/6408/6189/files/Top_6016_Yellow_00000_3397a728-42df-4532-8070-099024d19249.jpg?v=1759467036"",""View ring"")",the-ophelia-ring-3-02ct-lab-grown-diamond-elongated-cushion-solitaire
,,,,,Engagement,White Gold,The Ophelia Ring - 3.02ct Lab Grown Diamond Elongated Cushion Solitaire,2999.00,,,,the-ophelia-ring-3-02ct-lab-grown-diamond-elongated-cushion-solitaire
,,,,,Engagement,Rose Gold,The Ophelia Ring - 3.02ct Lab Grown Diamond Elongated Cushion Solitaire,2999.00,,,,the-ophelia-ring-3-02ct-lab-grown-diamond-elongated-cushion-solitaire
,,,,"=IMAGE(""https://cdn.shopify.com/s/files/1/0544/6408/6189/files/Yellow1080_Top_BasketTrilogies_OV_00000.jpg?v=1779930132"")",Engagement,Yellow Gold,The Emilia Ring - Oval and Pear Basket Trilogy,1227.00,yellow.jpg,images/the-emilia-ring-oval-and-pear-trilogy/yellow.jpg,"=HYPERLINK(""https://cdn.shopify.com/s/files/1/0544/6408/6189/files/Yellow1080_Top_BasketTrilogies_OV_00000.jpg?v=1779930132"",""View ring"")",the-emilia-ring-oval-and-pear-trilogy
,,,,"=IMAGE(""https://cdn.shopify.com/s/files/1/0544/6408/6189/files/White1080_Top_BasketTrilogies_OV_00000.jpg?v=1779929932"")",Engagement,White Gold,The Emilia Ring - Oval and Pear Basket Trilogy,1227.00,white.jpg,images/the-emilia-ring-oval-and-pear-trilogy/white.jpg,"=HYPERLINK(""https://cdn.shopify.com/s/files/1/0544/6408/6189/files/White1080_Top_BasketTrilogies_OV_00000.jpg?v=1779929932"",""View ring"")",the-emilia-ring-oval-and-pear-trilogy
,,,,"=IMAGE(""https://cdn.shopify.com/s/files/1/0544/6408/6189/files/Rose1080_Top_BasketTrilogies_OV_00000.jpg?v=1779929932"")",Engagement,Rose Gold,The Emilia Ring - Oval and Pear Basket Trilogy,1227.00,rose.jpg,images/the-emilia-ring-oval-and-pear-trilogy/rose.jpg,"=HYPERLINK(""https://cdn.shopify.com/s/files/1/0544/6408/6189/files/Rose1080_Top_BasketTrilogies_OV_00000.jpg?v=1779929932"",""View ring"")",the-emilia-ring-oval-and-pear-trilogy
,,,,"=IMAGE(""https://cdn.shopify.com/s/files/1/0544/6408/6189/files/Yellow1080_Top_BasketTrilogies_PE_00000.jpg?v=1779930849"")",Engagement,Yellow Gold,The Emilia Ring - Pear Basket Trilogy,1016.00,yellow.jpg,images/the-emilia-ring-pear-trilogy/yellow.jpg,"=HYPERLINK(""https://cdn.shopify.com/s/files/1/0544/6408/6189/files/Yellow1080_Top_BasketTrilogies_PE_00000.jpg?v=1779930849"",""View ring"")",the-emilia-ring-pear-trilogy
,,,,"=IMAGE(""https://cdn.shopify.com/s/files/1/0544/6408/6189/files/White1080_Top_BasketTrilogies_PE_00000.jpg?v=1779930849"")",Engagement,White Gold,The Emilia Ring - Pear Basket Trilogy,1016.00,white.jpg,images/the-emilia-ring-pear-trilogy/white.jpg,"=HYPERLINK(""https://cdn.shopify.com/s/files/1/0544/6408/6189/files/White1080_Top_BasketTrilogies_PE_00000.jpg?v=1779930849"",""View ring"")",the-emilia-ring-pear-trilogy
,,,,"=IMAGE(""https://cdn.shopify.com/s/files/1/0544/6408/6189/files/Rose1080_Top_BasketTrilogies_PE_00000.jpg?v=1779930849"")",Engagement,Rose Gold,The Emilia Ring - Pear Basket Trilogy,1016.00,rose.jpg,images/the-emilia-ring-pear-trilogy/rose.jpg,"=HYPERLINK(""https://cdn.shopify.com/s/files/1/0544/6408/6189/files/Rose1080_Top_BasketTrilogies_PE_00000.jpg?v=1779930849"",""View ring"")",the-emilia-ring-pear-trilogy
,,,,"=IMAGE(""https://cdn.shopify.com/s/files/1/0544/6408/6189/files/Yellow1080_Top_BasketTrilogies_CU_00000.jpg?v=1779931735"")",Engagement,Yellow Gold,The Emilia Ring - Elongated Cushion and Pear Basket Trilogy,1016.00,yellow.jpg,images/the-emilia-ring-elongated-cushion-pear-trilogy/yellow.jpg,"=HYPERLINK(""https://cdn.shopify.com/s/files/1/0544/6408/6189/files/Yellow1080_Top_BasketTrilogies_CU_00000.jpg?v=1779931735"",""View ring"")",the-emilia-ring-elongated-cushion-pear-trilogy
,,,,"=IMAGE(""https://cdn.shopify.com/s/files/1/0544/6408/6189/files/White1080_Top_BasketTrilogies_CU_00000.jpg?v=1779931536"")",Engagement,White Gold,The Emilia Ring - Elongated Cushion and Pear Basket Trilogy,1016.00,white.jpg,images/the-emilia-ring-elongated-cushion-pear-trilogy/white.jpg,"=HYPERLINK(""https://cdn.shopify.com/s/files/1/0544/6408/6189/files/White1080_Top_BasketTrilogies_CU_00000.jpg?v=1779931536"",""View ring"")",the-emilia-ring-elongated-cushion-pear-trilogy
,,,,"=IMAGE(""https://cdn.shopify.com/s/files/1/0544/6408/6189/files/Rose1080_Top_BasketTrilogies_CU_00000.jpg?v=1779931536"")",Engagement,Rose Gold,The Emilia Ring - Elongated Cushion and Pear Basket Trilogy,1016.00,rose.jpg,images/the-emilia-ring-elongated-cushion-pear-trilogy/rose.jpg,"=HYPERLINK(""https://cdn.shopify.com/s/files/1/0544/6408/6189/files/Rose1080_Top_BasketTrilogies_CU_00000.jpg?v=1779931536"",""View ring"")",the-emilia-ring-elongated-cushion-pear-trilogy
,,,,"=IMAGE(""https://cdn.shopify.com/s/files/1/0544/6408/6189/files/Yellow1080_Top_BasketTrilogies_RD_00000.jpg?v=1779932661"")",Engagement,Yellow Gold,The Emilia Ring - Radiant and Pear Basket Trilogy,1227.00,yellow.jpg,images/the-emilia-ring-radiant-and-pear-trilogy/yellow.jpg,"=HYPERLINK(""https://cdn.shopify.com/s/files/1/0544/6408/6189/files/Yellow1080_Top_BasketTrilogies_RD_00000.jpg?v=1779932661"",""View ring"")",the-emilia-ring-radiant-and-pear-trilogy
,,,,"=IMAGE(""https://cdn.shopify.com/s/files/1/0544/6408/6189/files/White1080_Top_BasketTrilogies_RD_00000.jpg?v=1779932488"")",Engagement,White Gold,The Emilia Ring - Radiant and Pear Basket Trilogy,1227.00,white.jpg,images/the-emilia-ring-radiant-and-pear-trilogy/white.jpg,"=HYPERLINK(""https://cdn.shopify.com/s/files/1/0544/6408/6189/files/White1080_Top_BasketTrilogies_RD_00000.jpg?v=1779932488"",""View ring"")",the-emilia-ring-radiant-and-pear-trilogy
,,,,"=IMAGE(""https://cdn.shopify.com/s/files/1/0544/6408/6189/files/Rose1080_Top_BasketTrilogies_RD_00000.jpg?v=1779932488"")",Engagement,Rose Gold,The Emilia Ring - Radiant and Pear Basket Trilogy,1227.00,rose.jpg,images/the-emilia-ring-radiant-and-pear-trilogy/rose.jpg,"=HYPERLINK(""https://cdn.shopify.com/s/files/1/0544/6408/6189/files/Rose1080_Top_BasketTrilogies_RD_00000.jpg?v=1779932488"",""View ring"")",the-emilia-ring-radiant-and-pear-trilogy
,,,,"=IMAGE(""https://cdn.shopify.com/s/files/1/0544/6408/6189/files/Yellow1080_Top_BasketTrilogies_RA_00000.jpg?v=1779933110"")",Engagement,Yellow Gold,The Emilia Ring - Round and Pear Basket Trilogy,1227.00,yellow.jpg,images/the-emilia-ring-round-and-pear-trilogy/yellow.jpg,"=HYPERLINK(""https://cdn.shopify.com/s/files/1/0544/6408/6189/files/Yellow1080_Top_BasketTrilogies_RA_00000.jpg?v=1779933110"",""View ring"")",the-emilia-ring-round-and-pear-trilogy
,,,,"=IMAGE(""https://cdn.shopify.com/s/files/1/0544/6408/6189/files/White1080_Top_BasketTrilogies_RA_00000.jpg?v=1779933111"")",Engagement,White Gold,The Emilia Ring - Round and Pear Basket Trilogy,1227.00,white.jpg,images/the-emilia-ring-round-and-pear-trilogy/white.jpg,"=HYPERLINK(""https://cdn.shopify.com/s/files/1/0544/6408/6189/files/White1080_Top_BasketTrilogies_RA_00000.jpg?v=1779933111"",""View ring"")",the-emilia-ring-round-and-pear-trilogy
,,,,"=IMAGE(""https://cdn.shopify.com/s/files/1/0544/6408/6189/files/Rose1080_Top_BasketTrilogies_RA_00000.jpg?v=1779933110"")",Engagement,Rose Gold,The Emilia Ring - Round and Pear Basket Trilogy,1227.00,rose.jpg,images/the-emilia-ring-round-and-pear-trilogy/rose.jpg,"=HYPERLINK(""https://cdn.shopify.com/s/files/1/0544/6408/6189/files/Rose1080_Top_BasketTrilogies_RA_00000.jpg?v=1779933110"",""View ring"")",the-emilia-ring-round-and-pear-trilogy
,,,,"=IMAGE(""https://cdn.shopify.com/s/files/1/0544/6408/6189/files/Yellow1080_Top_BasketTrilogies_MQ_00000.jpg?v=1779933890"")",Engagement,Yellow Gold,The Emilia Ring - Marquise and Pear Basket Trilogy,1016.00,yellow.jpg,images/the-emilia-ring-marquise-pear-trilogy/yellow.jpg,"=HYPERLINK(""https://cdn.shopify.com/s/files/1/0544/6408/6189/files/Yellow1080_Top_BasketTrilogies_MQ_00000.jpg?v=1779933890"",""View ring"")",the-emilia-ring-marquise-pear-trilogy
,,,,"=IMAGE(""https://cdn.shopify.com/s/files/1/0544/6408/6189/files/White1080_Top_BasketTrilogies_MQ_00000.jpg?v=1779933890"")",Engagement,White Gold,The Emilia Ring - Marquise and Pear Basket Trilogy,1016.00,white.jpg,images/the-emilia-ring-marquise-pear-trilogy/white.jpg,"=HYPERLINK(""https://cdn.shopify.com/s/files/1/0544/6408/6189/files/White1080_Top_BasketTrilogies_MQ_00000.jpg?v=1779933890"",""View ring"")",the-emilia-ring-marquise-pear-trilogy
,,,,"=IMAGE(""https://cdn.shopify.com/s/files/1/0544/6408/6189/files/Rose1080_Top_BasketTrilogies_MQ_00000.jpg?v=1779933890"")",Engagement,Rose Gold,The Emilia Ring - Marquise and Pear Basket Trilogy,1016.00,rose.jpg,images/the-emilia-ring-marquise-pear-trilogy/rose.jpg,"=HYPERLINK(""https://cdn.shopify.com/s/files/1/0544/6408/6189/files/Rose1080_Top_BasketTrilogies_MQ_00000.jpg?v=1779933890"",""View ring"")",the-emilia-ring-marquise-pear-trilogy
,,,,"=IMAGE(""https://cdn.shopify.com/s/files/1/0544/6408/6189/files/Yellow1080_Top_BasketTrilogies_EM_00000.jpg?v=1779934390"")",Engagement,Yellow Gold,The Emilia Ring - Emerald and Pear Basket Trilogy,1227.00,yellow.jpg,images/the-emilia-ring-emerald-and-pear-trilogy/yellow.jpg,"=HYPERLINK(""https://cdn.shopify.com/s/files/1/0544/6408/6189/files/Yellow1080_Top_BasketTrilogies_EM_00000.jpg?v=1779934390"",""View ring"")",the-emilia-ring-emerald-and-pear-trilogy
,,,,"=IMAGE(""https://cdn.shopify.com/s/files/1/0544/6408/6189/files/White1080_Top_BasketTrilogies_EM_00000.jpg?v=1779934389"")",Engagement,White Gold,The Emilia Ring - Emerald and Pear Basket Trilogy,1227.00,white.jpg,images/the-emilia-ring-emerald-and-pear-trilogy/white.jpg,"=HYPERLINK(""https://cdn.shopify.com/s/files/1/0544/6408/6189/files/White1080_Top_BasketTrilogies_EM_00000.jpg?v=1779934389"",""View ring"")",the-emilia-ring-emerald-and-pear-trilogy
,,,,"=IMAGE(""https://cdn.shopify.com/s/files/1/0544/6408/6189/files/Rose1080_Top_BasketTrilogies_EM_00000.jpg?v=1779934389"")",Engagement,Rose Gold,The Emilia Ring - Emerald and Pear Basket Trilogy,1227.00,rose.jpg,images/the-emilia-ring-emerald-and-pear-trilogy/rose.jpg,"=HYPERLINK(""https://cdn.shopify.com/s/files/1/0544/6408/6189/files/Rose1080_Top_BasketTrilogies_EM_00000.jpg?v=1779934389"",""View ring"")",the-emilia-ring-emerald-and-pear-trilogy
,,,,,Engagement,Yellow Gold,The Amira Ring - 2.1ct Moissanite Oval with Marquise Accents,1888.00,,,,the-amira-ring-2-1ct-moissanite-oval-with-marquise-accents-24
,,,,,Engagement,White Gold,The Amira Ring - 2.1ct Moissanite Oval with Marquise Accents,1888.00,,,,the-amira-ring-2-1ct-moissanite-oval-with-marquise-accents-24
,,,,,Engagement,Rose Gold,The Amira Ring - 2.1ct Moissanite Oval with Marquise Accents,1888.00,,,,the-amira-ring-2-1ct-moissanite-oval-with-marquise-accents-24
,,,,,Engagement,Yellow Gold,The Amira Ring - 2.1ct Moissanite Oval with Marquise Accents,1888.00,,,,the-amira-ring-2-1ct-moissanite-oval-with-marquise-accents-25
,,,,,Engagement,White Gold,The Amira Ring - 2.1ct Moissanite Oval with Marquise Accents,1888.00,,,,the-amira-ring-2-1ct-moissanite-oval-with-marquise-accents-25
,,,,,Engagement,Rose Gold,The Amira Ring - 2.1ct Moissanite Oval with Marquise Accents,1888.00,,,,the-amira-ring-2-1ct-moissanite-oval-with-marquise-accents-25
,,,,,Engagement,Yellow Gold,The Amira Ring - 2.1ct Moissanite Oval with Marquise Accents,1888.00,,,,the-amira-ring-2-1ct-moissanite-oval-with-marquise-accents-26
,,,,,Engagement,White Gold,The Amira Ring - 2.1ct Moissanite Oval with Marquise Accents,1888.00,,,,the-amira-ring-2-1ct-moissanite-oval-with-marquise-accents-26
,,,,,Engagement,Rose Gold,The Amira Ring - 2.1ct Moissanite Oval with Marquise Accents,1888.00,,,,the-amira-ring-2-1ct-moissanite-oval-with-marquise-accents-26
,,,,"=IMAGE(""https://cdn.shopify.com/s/files/1/0544/6408/6189/files/Top_5723_Yellow_00000_647df467-bc0c-48a2-ab28-449340597bc1.jpg?v=1759467023"")",Engagement,Yellow Gold,The Luise Ring® - 1.53ct Lab Diamond Oval Solitaire,2211.00,yellow.jpg,images/the-luise-ring®-1-53ct-lab-diamond-oval-solitaire/yellow.jpg,"=HYPERLINK(""https://cdn.shopify.com/s/files/1/0544/6408/6189/files/Top_5723_Yellow_00000_647df467-bc0c-48a2-ab28-449340597bc1.jpg?v=1759467023"",""View ring"")",the-luise-ring®-1-53ct-lab-diamond-oval-solitaire
,,,,,Engagement,White Gold,The Luise Ring® - 1.53ct Lab Diamond Oval Solitaire,2211.00,,,,the-luise-ring®-1-53ct-lab-diamond-oval-solitaire
,,,,,Engagement,Rose Gold,The Luise Ring® - 1.53ct Lab Diamond Oval Solitaire,2211.00,,,,the-luise-ring®-1-53ct-lab-diamond-oval-solitaire
,,,,"=IMAGE(""https://cdn.shopify.com/s/files/1/0544/6408/6189/files/Top_5845_Yellow_00000_52f0b586-648a-496f-b789-b356b5a97a96.jpg?v=1781571212"")",Engagement,Yellow Gold,The Vienna Ring - 3.76ct Lab Diamond Radiant Solitaire,4554.00,yellow.jpg,images/the-vienna-ring-3-76ct-lab-diamond-radiant-solitaire/yellow.jpg,"=HYPERLINK(""https://cdn.shopify.com/s/files/1/0544/6408/6189/files/Top_5845_Yellow_00000_52f0b586-648a-496f-b789-b356b5a97a96.jpg?v=1781571212"",""View ring"")",the-vienna-ring-3-76ct-lab-diamond-radiant-solitaire
,,,,,Engagement,White Gold,The Vienna Ring - 3.76ct Lab Diamond Radiant Solitaire,4554.00,,,,the-vienna-ring-3-76ct-lab-diamond-radiant-solitaire
,,,,,Engagement,Rose Gold,The Vienna Ring - 3.76ct Lab Diamond Radiant Solitaire,4554.00,,,,the-vienna-ring-3-76ct-lab-diamond-radiant-solitaire
,,,,"=IMAGE(""https://cdn.shopify.com/s/files/1/0544/6408/6189/files/Top_5966_4_Yellow_00000_17afb7dc-3bad-4f1a-83be-f693ceafb7f9.jpg?v=1759468944"")",Engagement,Yellow Gold,The Blaire Ring - 1.51ct Lab Diamond Oval & Round Trilogy,2375.00,yellow.jpg,images/the-blaire-ring-1-51ct-lab-diamond-oval-round-trilogy/yellow.jpg,"=HYPERLINK(""https://cdn.shopify.com/s/files/1/0544/6408/6189/files/Top_5966_4_Yellow_00000_17afb7dc-3bad-4f1a-83be-f693ceafb7f9.jpg?v=1759468944"",""View ring"")",the-blaire-ring-1-51ct-lab-diamond-oval-round-trilogy
,,,,,Engagement,White Gold,The Blaire Ring - 1.51ct Lab Diamond Oval & Round Trilogy,2375.00,,,,the-blaire-ring-1-51ct-lab-diamond-oval-round-trilogy
,,,,,Engagement,Rose Gold,The Blaire Ring - 1.51ct Lab Diamond Oval & Round Trilogy,2375.00,,,,the-blaire-ring-1-51ct-lab-diamond-oval-round-trilogy
,,,,"=IMAGE(""https://cdn.shopify.com/s/files/1/0544/6408/6189/files/Top_5723_Yellow_00000_2d5c4198-8810-406c-be08-1de9f7fb211f.jpg?v=1759467132"")",Engagement,Yellow Gold,The Luise Ring® - 2.5ct Moissanite Oval Solitaire,1857.00,yellow.jpg,images/the-luise-ring®-2-5ct-moissanite-oval-solitaire-4/yellow.jpg,"=HYPERLINK(""https://cdn.shopify.com/s/files/1/0544/6408/6189/files/Top_5723_Yellow_00000_2d5c4198-8810-406c-be08-1de9f7fb211f.jpg?v=1759467132"",""View ring"")",the-luise-ring®-2-5ct-moissanite-oval-solitaire-4
,,,,,Engagement,White Gold,The Luise Ring® - 2.5ct Moissanite Oval Solitaire,1857.00,,,,the-luise-ring®-2-5ct-moissanite-oval-solitaire-4
,,,,,Engagement,Rose Gold,The Luise Ring® - 2.5ct Moissanite Oval Solitaire,1857.00,,,,the-luise-ring®-2-5ct-moissanite-oval-solitaire-4
,,,,"=IMAGE(""https://cdn.shopify.com/s/files/1/0544/6408/6189/files/Top_5723_Yellow_00000_2d5c4198-8810-406c-be08-1de9f7fb211f.jpg?v=1759467132"")",Engagement,Yellow Gold,The Luise Ring® - 2.5ct Moissanite Oval Solitaire,1857.00,yellow.jpg,images/the-luise-ring®-2-5ct-moissanite-oval-solitaire-5/yellow.jpg,"=HYPERLINK(""https://cdn.shopify.com/s/files/1/0544/6408/6189/files/Top_5723_Yellow_00000_2d5c4198-8810-406c-be08-1de9f7fb211f.jpg?v=1759467132"",""View ring"")",the-luise-ring®-2-5ct-moissanite-oval-solitaire-5
,,,,,Engagement,White Gold,The Luise Ring® - 2.5ct Moissanite Oval Solitaire,1857.00,,,,the-luise-ring®-2-5ct-moissanite-oval-solitaire-5
,,,,,Engagement,Rose Gold,The Luise Ring® - 2.5ct Moissanite Oval Solitaire,1857.00,,,,the-luise-ring®-2-5ct-moissanite-oval-solitaire-5
,,,,"=IMAGE(""https://cdn.shopify.com/s/files/1/0544/6408/6189/files/Top_6003_Yellow_00000_a290f25c-6c1a-45aa-b51e-414490eed2a9.jpg?v=1762925641"")",Engagement,Yellow Gold,The Luise Ring® - 1.51ct Lab Diamond Low Set Oval Solitaire,2179.00,yellow.jpg,images/the-luise-ring®-1-51ct-lab-diamond-low-set-oval-solitaire/yellow.jpg,"=HYPERLINK(""https://cdn.shopify.com/s/files/1/0544/6408/6189/files/Top_6003_Yellow_00000_a290f25c-6c1a-45aa-b51e-414490eed2a9.jpg?v=1762925641"",""View ring"")",the-luise-ring®-1-51ct-lab-diamond-low-set-oval-solitaire
,,,,,Engagement,White Gold,The Luise Ring® - 1.51ct Lab Diamond Low Set Oval Solitaire,2179.00,,,,the-luise-ring®-1-51ct-lab-diamond-low-set-oval-solitaire
,,,,,Engagement,Rose Gold,The Luise Ring® - 1.51ct Lab Diamond Low Set Oval Solitaire,2179.00,,,,the-luise-ring®-1-51ct-lab-diamond-low-set-oval-solitaire
,,,,"=IMAGE(""https://cdn.shopify.com/s/files/1/0544/6408/6189/files/Top_5723_Yellow_00000_647df467-bc0c-48a2-ab28-449340597bc1.jpg?v=1759467023"")",Engagement,Yellow Gold,The Luise Ring® - 1.03ct Lab Diamond Oval Solitaire,1650.00,yellow.jpg,images/the-luise-ring®-1-03ct-lab-diamond-oval-solitaire/yellow.jpg,"=HYPERLINK(""https://cdn.shopify.com/s/files/1/0544/6408/6189/files/Top_5723_Yellow_00000_647df467-bc0c-48a2-ab28-449340597bc1.jpg?v=1759467023"",""View ring"")",the-luise-ring®-1-03ct-lab-diamond-oval-solitaire
,,,,,Engagement,White Gold,The Luise Ring® - 1.03ct Lab Diamond Oval Solitaire,1650.00,,,,the-luise-ring®-1-03ct-lab-diamond-oval-solitaire
,,,,,Engagement,Rose Gold,The Luise Ring® - 1.03ct Lab Diamond Oval Solitaire,1650.00,,,,the-luise-ring®-1-03ct-lab-diamond-oval-solitaire
,,,,"=IMAGE(""https://cdn.shopify.com/s/files/1/0544/6408/6189/files/Top_5723_Yellow_00000_647df467-bc0c-48a2-ab28-449340597bc1.jpg?v=1759467023"")",Engagement,Yellow Gold,The Luise Ring® - 2.02ct Lab Diamond Oval Solitaire,2412.00,yellow.jpg,images/the-luise-ring®-2-02ct-lab-diamond-oval-solitaire-1/yellow.jpg,"=HYPERLINK(""https://cdn.shopify.com/s/files/1/0544/6408/6189/files/Top_5723_Yellow_00000_647df467-bc0c-48a2-ab28-449340597bc1.jpg?v=1759467023"",""View ring"")",the-luise-ring®-2-02ct-lab-diamond-oval-solitaire-1
,,,,,Engagement,White Gold,The Luise Ring® - 2.02ct Lab Diamond Oval Solitaire,2412.00,,,,the-luise-ring®-2-02ct-lab-diamond-oval-solitaire-1
,,,,,Engagement,Rose Gold,The Luise Ring® - 2.02ct Lab Diamond Oval Solitaire,2412.00,,,,the-luise-ring®-2-02ct-lab-diamond-oval-solitaire-1
,,,,"=IMAGE(""https://cdn.shopify.com/s/files/1/0544/6408/6189/files/Top_5966_1_Yellow_00000_653e79a0-4d35-4ffd-9989-b498acfdcbe8.jpg?v=1759467048"")",Engagement,Yellow Gold,The Avery Ring - 1.53ct Lab Diamond Oval Solitaire with Marquise and Round Band,2581.00,yellow.jpg,images/the-avery-ring-1-53ct-lab-diamond-oval-solitaire-with-marquise-and-round-band/yellow.jpg,"=HYPERLINK(""https://cdn.shopify.com/s/files/1/0544/6408/6189/files/Top_5966_1_Yellow_00000_653e79a0-4d35-4ffd-9989-b498acfdcbe8.jpg?v=1759467048"",""View ring"")",the-avery-ring-1-53ct-lab-diamond-oval-solitaire-with-marquise-and-round-band
,,,,,Engagement,White Gold,The Avery Ring - 1.53ct Lab Diamond Oval Solitaire with Marquise and Round Band,2581.00,,,,the-avery-ring-1-53ct-lab-diamond-oval-solitaire-with-marquise-and-round-band
,,,,,Engagement,Rose Gold,The Avery Ring - 1.53ct Lab Diamond Oval Solitaire with Marquise and Round Band,2581.00,,,,the-avery-ring-1-53ct-lab-diamond-oval-solitaire-with-marquise-and-round-band
,,,,"=IMAGE(""https://cdn.shopify.com/s/files/1/0544/6408/6189/files/Top_5966_1_Yellow_00000_653e79a0-4d35-4ffd-9989-b498acfdcbe8.jpg?v=1759467048"")",Engagement,Yellow Gold,The Avery Ring - 1.53ct Lab Diamond Oval Solitaire with Marquise and Round Band,2581.00,yellow.jpg,images/the-avery-ring-1-53ct-lab-diamond-oval-solitaire-with-marquise-and-round-band-1/yellow.jpg,"=HYPERLINK(""https://cdn.shopify.com/s/files/1/0544/6408/6189/files/Top_5966_1_Yellow_00000_653e79a0-4d35-4ffd-9989-b498acfdcbe8.jpg?v=1759467048"",""View ring"")",the-avery-ring-1-53ct-lab-diamond-oval-solitaire-with-marquise-and-round-band-1
,,,,,Engagement,White Gold,The Avery Ring - 1.53ct Lab Diamond Oval Solitaire with Marquise and Round Band,2581.00,,,,the-avery-ring-1-53ct-lab-diamond-oval-solitaire-with-marquise-and-round-band-1
,,,,,Engagement,Rose Gold,The Avery Ring - 1.53ct Lab Diamond Oval Solitaire with Marquise and Round Band,2581.00,,,,the-avery-ring-1-53ct-lab-diamond-oval-solitaire-with-marquise-and-round-band-1
,,,,"=IMAGE(""https://cdn.shopify.com/s/files/1/0544/6408/6189/files/Front_6733V2002_Yellow_00000_d1c22b5f-de65-4312-be2c-eef6ac004ef6.jpg?v=1779239985"")",Engagement,Yellow Gold,The Avery Ring - 2.1ct Moissanite Oval Solitaire with Marquise and Round Band,2259.00,yellow.jpg,images/the-avery-ring-2-1ct-moissanite-oval-solitaire-with-marquise-and-round-band-1/yellow.jpg,"=HYPERLINK(""https://cdn.shopify.com/s/files/1/0544/6408/6189/files/Front_6733V2002_Yellow_00000_d1c22b5f-de65-4312-be2c-eef6ac004ef6.jpg?v=1779239985"",""View ring"")",the-avery-ring-2-1ct-moissanite-oval-solitaire-with-marquise-and-round-band-1
,,,,,Engagement,White Gold,The Avery Ring - 2.1ct Moissanite Oval Solitaire with Marquise and Round Band,2259.00,,,,the-avery-ring-2-1ct-moissanite-oval-solitaire-with-marquise-and-round-band-1
,,,,,Engagement,Rose Gold,The Avery Ring - 2.1ct Moissanite Oval Solitaire with Marquise and Round Band,2259.00,,,,the-avery-ring-2-1ct-moissanite-oval-solitaire-with-marquise-and-round-band-1
,,,,"=IMAGE(""https://cdn.shopify.com/s/files/1/0544/6408/6189/files/Top_5723_Yellow_00000_2d5c4198-8810-406c-be08-1de9f7fb211f.jpg?v=1759467132"")",Engagement,Yellow Gold,The Luise Ring® - 1.5ct Moissanite Oval Solitaire,1465.00,yellow.jpg,images/the-luise-ring®-1-5ct-moissanite-oval-solitaire/yellow.jpg,"=HYPERLINK(""https://cdn.shopify.com/s/files/1/0544/6408/6189/files/Top_5723_Yellow_00000_2d5c4198-8810-406c-be08-1de9f7fb211f.jpg?v=1759467132"",""View ring"")",the-luise-ring®-1-5ct-moissanite-oval-solitaire
,,,,,Engagement,White Gold,The Luise Ring® - 1.5ct Moissanite Oval Solitaire,1465.00,,,,the-luise-ring®-1-5ct-moissanite-oval-solitaire
,,,,,Engagement,Rose Gold,The Luise Ring® - 1.5ct Moissanite Oval Solitaire,1465.00,,,,the-luise-ring®-1-5ct-moissanite-oval-solitaire
,,,,"=IMAGE(""https://cdn.shopify.com/s/files/1/0544/6408/6189/files/Top_5723_Yellow_00000_2d5c4198-8810-406c-be08-1de9f7fb211f.jpg?v=1759467132"")",Engagement,Yellow Gold,The Luise Ring® - 2.1ct Moissanite Oval Solitaire,1756.00,yellow.jpg,images/the-luise-ring®-2-1ct-moissanite-oval-solitaire/yellow.jpg,"=HYPERLINK(""https://cdn.shopify.com/s/files/1/0544/6408/6189/files/Top_5723_Yellow_00000_2d5c4198-8810-406c-be08-1de9f7fb211f.jpg?v=1759467132"",""View ring"")",the-luise-ring®-2-1ct-moissanite-oval-solitaire
,,,,,Engagement,White Gold,The Luise Ring® - 2.1ct Moissanite Oval Solitaire,1756.00,,,,the-luise-ring®-2-1ct-moissanite-oval-solitaire
,,,,,Engagement,Rose Gold,The Luise Ring® - 2.1ct Moissanite Oval Solitaire,1756.00,,,,the-luise-ring®-2-1ct-moissanite-oval-solitaire
,,,,"=IMAGE(""https://cdn.shopify.com/s/files/1/0544/6408/6189/files/Top_6016_Yellow_00000_b802e2c8-6346-4413-b673-d34c3de2c9b8.jpg?v=1762405097"")",Engagement,Yellow Gold,The Ophelia Ring - 1.75ct Moissanite Elongated Cushion Solitaire,1587.00,yellow.jpg,images/the-ophelia-ring-1-75ct-moissanite-elongated-cushion-solitaire-4/yellow.jpg,"=HYPERLINK(""https://cdn.shopify.com/s/files/1/0544/6408/6189/files/Top_6016_Yellow_00000_b802e2c8-6346-4413-b673-d34c3de2c9b8.jpg?v=1762405097"",""View ring"")",the-ophelia-ring-1-75ct-moissanite-elongated-cushion-solitaire-4
,,,,,Engagement,White Gold,The Ophelia Ring - 1.75ct Moissanite Elongated Cushion Solitaire,1587.00,,,,the-ophelia-ring-1-75ct-moissanite-elongated-cushion-solitaire-4
,,,,,Engagement,Rose Gold,The Ophelia Ring - 1.75ct Moissanite Elongated Cushion Solitaire,1587.00,,,,the-ophelia-ring-1-75ct-moissanite-elongated-cushion-solitaire-4
,,,,"=IMAGE(""https://cdn.shopify.com/s/files/1/0544/6408/6189/files/Top_5723_Yellow_00000_647df467-bc0c-48a2-ab28-449340597bc1.jpg?v=1759467023"")",Engagement,Yellow Gold,The Luise Ring® - 1.54ct Lab Diamond Oval Solitaire,2095.00,yellow.jpg,images/the-luise-ring®-1-54ct-lab-diamond-oval-solitaire/yellow.jpg,"=HYPERLINK(""https://cdn.shopify.com/s/files/1/0544/6408/6189/files/Top_5723_Yellow_00000_647df467-bc0c-48a2-ab28-449340597bc1.jpg?v=1759467023"",""View ring"")",the-luise-ring®-1-54ct-lab-diamond-oval-solitaire
,,,,,Engagement,White Gold,The Luise Ring® - 1.54ct Lab Diamond Oval Solitaire,2095.00,,,,the-luise-ring®-1-54ct-lab-diamond-oval-solitaire
,,,,,Engagement,Rose Gold,The Luise Ring® - 1.54ct Lab Diamond Oval Solitaire,2095.00,,,,the-luise-ring®-1-54ct-lab-diamond-oval-solitaire
,,,,"=IMAGE(""https://cdn.shopify.com/s/files/1/0544/6408/6189/files/Yellow1080_Top_AvaSplitClaw_00000.jpg?v=1772406258"")",Wedding / Ceremonial,Yellow Gold,The Ava Ring  - Pavé Wedding Ring,688.00,yellow.jpg,images/the-ava-ring-pave-wedding-band/yellow.jpg,"=HYPERLINK(""https://cdn.shopify.com/s/files/1/0544/6408/6189/files/Yellow1080_Top_AvaSplitClaw_00000.jpg?v=1772406258"",""View ring"")",the-ava-ring-pave-wedding-band
,,,,"=IMAGE(""https://cdn.shopify.com/s/files/1/0544/6408/6189/files/White1080_Top_AvaSplitClaw_00000.jpg?v=1772406258"")",Wedding / Ceremonial,White Gold,The Ava Ring  - Pavé Wedding Ring,688.00,white.jpg,images/the-ava-ring-pave-wedding-band/white.jpg,"=HYPERLINK(""https://cdn.shopify.com/s/files/1/0544/6408/6189/files/White1080_Top_AvaSplitClaw_00000.jpg?v=1772406258"",""View ring"")",the-ava-ring-pave-wedding-band
,,,,"=IMAGE(""https://cdn.shopify.com/s/files/1/0544/6408/6189/files/Rose1080_Top_AvaSplitClaw_00000.jpg?v=1772406258"")",Wedding / Ceremonial,Rose Gold,The Ava Ring  - Pavé Wedding Ring,688.00,rose.jpg,images/the-ava-ring-pave-wedding-band/rose.jpg,"=HYPERLINK(""https://cdn.shopify.com/s/files/1/0544/6408/6189/files/Rose1080_Top_AvaSplitClaw_00000.jpg?v=1772406258"",""View ring"")",the-ava-ring-pave-wedding-band
,,,,"=IMAGE(""https://cdn.shopify.com/s/files/1/0544/6408/6189/files/Top_6421_Yellow_00000.jpg?v=1700186896"")",Wedding / Ceremonial,Yellow Gold,The Classic Comfort Fit Ring,476.00,yellow.jpg,images/the-classic-comfort-fit-ring-plain-wedding-band/yellow.jpg,"=HYPERLINK(""https://cdn.shopify.com/s/files/1/0544/6408/6189/files/Top_6421_Yellow_00000.jpg?v=1700186896"",""View ring"")",the-classic-comfort-fit-ring-plain-wedding-band
,,,,"=IMAGE(""https://cdn.shopify.com/s/files/1/0544/6408/6189/files/Top_6421_White_00000.jpg?v=1757051549"")",Wedding / Ceremonial,White Gold,The Classic Comfort Fit Ring,476.00,white.jpg,images/the-classic-comfort-fit-ring-plain-wedding-band/white.jpg,"=HYPERLINK(""https://cdn.shopify.com/s/files/1/0544/6408/6189/files/Top_6421_White_00000.jpg?v=1757051549"",""View ring"")",the-classic-comfort-fit-ring-plain-wedding-band
,,,,"=IMAGE(""https://cdn.shopify.com/s/files/1/0544/6408/6189/files/Top_6421_Rose_00000.jpg?v=1757051549"")",Wedding / Ceremonial,Rose Gold,The Classic Comfort Fit Ring,476.00,rose.jpg,images/the-classic-comfort-fit-ring-plain-wedding-band/rose.jpg,"=HYPERLINK(""https://cdn.shopify.com/s/files/1/0544/6408/6189/files/Top_6421_Rose_00000.jpg?v=1757051549"",""View ring"")",the-classic-comfort-fit-ring-plain-wedding-band
,,,,"=IMAGE(""https://cdn.shopify.com/s/files/1/0544/6408/6189/files/Top_5_Yellow_00000.jpg?v=1696478073"")",Wedding / Ceremonial,Yellow Gold,The Eve Ring - Curved Marquise Wedding Ring,1005.00,yellow.jpg,images/the-eve-ring-marquise-ceremonial-ring/yellow.jpg,"=HYPERLINK(""https://cdn.shopify.com/s/files/1/0544/6408/6189/files/Top_5_Yellow_00000.jpg?v=1696478073"",""View ring"")",the-eve-ring-marquise-ceremonial-ring
,,,,"=IMAGE(""https://cdn.shopify.com/s/files/1/0544/6408/6189/files/Top_5_White_00000.jpg?v=1766453218"")",Wedding / Ceremonial,White Gold,The Eve Ring - Curved Marquise Wedding Ring,1005.00,white.jpg,images/the-eve-ring-marquise-ceremonial-ring/white.jpg,"=HYPERLINK(""https://cdn.shopify.com/s/files/1/0544/6408/6189/files/Top_5_White_00000.jpg?v=1766453218"",""View ring"")",the-eve-ring-marquise-ceremonial-ring
,,,,"=IMAGE(""https://cdn.shopify.com/s/files/1/0544/6408/6189/files/Top_5_Rose_00000.jpg?v=1766453218"")",Wedding / Ceremonial,Rose Gold,The Eve Ring - Curved Marquise Wedding Ring,1005.00,rose.jpg,images/the-eve-ring-marquise-ceremonial-ring/rose.jpg,"=HYPERLINK(""https://cdn.shopify.com/s/files/1/0544/6408/6189/files/Top_5_Rose_00000.jpg?v=1766453218"",""View ring"")",the-eve-ring-marquise-ceremonial-ring
,,,,"=IMAGE(""https://cdn.shopify.com/s/files/1/0544/6408/6189/files/Yellow1080_Top_HorizontalOval_00000.jpg?v=1727669688"")",Wedding / Ceremonial,Yellow Gold,The Genevieve Ring - Horizontal Oval Wedding Ring,1111.00,yellow.jpg,images/the-genevieve-ring-horizontal-oval-wedding-band/yellow.jpg,"=HYPERLINK(""https://cdn.shopify.com/s/files/1/0544/6408/6189/files/Yellow1080_Top_HorizontalOval_00000.jpg?v=1727669688"",""View ring"")",the-genevieve-ring-horizontal-oval-wedding-band
,,,,"=IMAGE(""https://cdn.shopify.com/s/files/1/0544/6408/6189/files/White1080_Top_HorizontalOval_00000.jpg?v=1766448483"")",Wedding / Ceremonial,White Gold,The Genevieve Ring - Horizontal Oval Wedding Ring,1111.00,white.jpg,images/the-genevieve-ring-horizontal-oval-wedding-band/white.jpg,"=HYPERLINK(""https://cdn.shopify.com/s/files/1/0544/6408/6189/files/White1080_Top_HorizontalOval_00000.jpg?v=1766448483"",""View ring"")",the-genevieve-ring-horizontal-oval-wedding-band
,,,,"=IMAGE(""https://cdn.shopify.com/s/files/1/0544/6408/6189/files/Rose1080_Top_HorizontalOval_00000.jpg?v=1766448483"")",Wedding / Ceremonial,Rose Gold,The Genevieve Ring - Horizontal Oval Wedding Ring,1111.00,rose.jpg,images/the-genevieve-ring-horizontal-oval-wedding-band/rose.jpg,"=HYPERLINK(""https://cdn.shopify.com/s/files/1/0544/6408/6189/files/Rose1080_Top_HorizontalOval_00000.jpg?v=1766448483"",""View ring"")",the-genevieve-ring-horizontal-oval-wedding-band
,,,,"=IMAGE(""https://cdn.shopify.com/s/files/1/0544/6408/6189/files/Yellow1080_Top_SkylarRing_00000_90275d02-5be0-4611-b0b2-35b3e4f9d818.jpg?v=1776217181"")",Wedding / Ceremonial,Yellow Gold,The Skylar Ring - Large Pavé Ring,1153.00,yellow.jpg,images/the-skylar-ring-large-pave-band/yellow.jpg,"=HYPERLINK(""https://cdn.shopify.com/s/files/1/0544/6408/6189/files/Yellow1080_Top_SkylarRing_00000_90275d02-5be0-4611-b0b2-35b3e4f9d818.jpg?v=1776217181"",""View ring"")",the-skylar-ring-large-pave-band
,,,,"=IMAGE(""https://cdn.shopify.com/s/files/1/0544/6408/6189/files/White1080_Top_SkylarRing_00000_b987c10a-d4a4-477c-8315-f14c36914875.jpg?v=1776217181"")",Wedding / Ceremonial,White Gold,The Skylar Ring - Large Pavé Ring,1153.00,white.jpg,images/the-skylar-ring-large-pave-band/white.jpg,"=HYPERLINK(""https://cdn.shopify.com/s/files/1/0544/6408/6189/files/White1080_Top_SkylarRing_00000_b987c10a-d4a4-477c-8315-f14c36914875.jpg?v=1776217181"",""View ring"")",the-skylar-ring-large-pave-band
,,,,"=IMAGE(""https://cdn.shopify.com/s/files/1/0544/6408/6189/files/Rose1080_Top_SkylarRing_00000_edb8ea42-4d4f-47ba-848b-f5d17328bfd3.jpg?v=1776217181"")",Wedding / Ceremonial,Rose Gold,The Skylar Ring - Large Pavé Ring,1153.00,rose.jpg,images/the-skylar-ring-large-pave-band/rose.jpg,"=HYPERLINK(""https://cdn.shopify.com/s/files/1/0544/6408/6189/files/Rose1080_Top_SkylarRing_00000_edb8ea42-4d4f-47ba-848b-f5d17328bfd3.jpg?v=1776217181"",""View ring"")",the-skylar-ring-large-pave-band
,,,,"=IMAGE(""https://cdn.shopify.com/s/files/1/0544/6408/6189/files/Yellow1080_Top_71_00000.jpg?v=1753053509"")",Wedding / Ceremonial,Yellow Gold,The Freya Ring - Marquise and Round Brilliant Ring,1032.00,yellow.jpg,images/the-freya-wedding-ring-marquise-and-round-brilliant-band/yellow.jpg,"=HYPERLINK(""https://cdn.shopify.com/s/files/1/0544/6408/6189/files/Yellow1080_Top_71_00000.jpg?v=1753053509"",""View ring"")",the-freya-wedding-ring-marquise-and-round-brilliant-band
,,,,"=IMAGE(""https://cdn.shopify.com/s/files/1/0544/6408/6189/files/White1080_Top_71_00000.jpg?v=1753053509"")",Wedding / Ceremonial,White Gold,The Freya Ring - Marquise and Round Brilliant Ring,1032.00,white.jpg,images/the-freya-wedding-ring-marquise-and-round-brilliant-band/white.jpg,"=HYPERLINK(""https://cdn.shopify.com/s/files/1/0544/6408/6189/files/White1080_Top_71_00000.jpg?v=1753053509"",""View ring"")",the-freya-wedding-ring-marquise-and-round-brilliant-band
,,,,"=IMAGE(""https://cdn.shopify.com/s/files/1/0544/6408/6189/files/Rose1080_Top_71_00000.jpg?v=1753053509"")",Wedding / Ceremonial,Rose Gold,The Freya Ring - Marquise and Round Brilliant Ring,1032.00,rose.jpg,images/the-freya-wedding-ring-marquise-and-round-brilliant-band/rose.jpg,"=HYPERLINK(""https://cdn.shopify.com/s/files/1/0544/6408/6189/files/Rose1080_Top_71_00000.jpg?v=1753053509"",""View ring"")",the-freya-wedding-ring-marquise-and-round-brilliant-band
,,,,"=IMAGE(""https://cdn.shopify.com/s/files/1/0544/6408/6189/files/Top_5996_Yellow_00000.jpg?v=1699921834"")",Wedding / Ceremonial,Yellow Gold,The Theo Ring - Classic Comfort Fit Men's Wedding Band,529.00,yellow.jpg,images/plain-comfort-fit-mens-ceremonial-band/yellow.jpg,"=HYPERLINK(""https://cdn.shopify.com/s/files/1/0544/6408/6189/files/Top_5996_Yellow_00000.jpg?v=1699921834"",""View ring"")",plain-comfort-fit-mens-ceremonial-band
,,,,"=IMAGE(""https://cdn.shopify.com/s/files/1/0544/6408/6189/files/Top_5996_White_00000.jpg?v=1773196589"")",Wedding / Ceremonial,White Gold,The Theo Ring - Classic Comfort Fit Men's Wedding Band,529.00,white.jpg,images/plain-comfort-fit-mens-ceremonial-band/white.jpg,"=HYPERLINK(""https://cdn.shopify.com/s/files/1/0544/6408/6189/files/Top_5996_White_00000.jpg?v=1773196589"",""View ring"")",plain-comfort-fit-mens-ceremonial-band
,,,,"=IMAGE(""https://cdn.shopify.com/s/files/1/0544/6408/6189/files/Top_5996_Rose_00000.jpg?v=1773196589"")",Wedding / Ceremonial,Rose Gold,The Theo Ring - Classic Comfort Fit Men's Wedding Band,529.00,rose.jpg,images/plain-comfort-fit-mens-ceremonial-band/rose.jpg,"=HYPERLINK(""https://cdn.shopify.com/s/files/1/0544/6408/6189/files/Top_5996_Rose_00000.jpg?v=1773196589"",""View ring"")",plain-comfort-fit-mens-ceremonial-band
,,,,"=IMAGE(""https://cdn.shopify.com/s/files/1/0544/6408/6189/files/Yellow1080_Top_59_00000_8ef2a49d-108b-4dc5-813e-ceefd5fc86b8.jpg?v=1756774159"")",Wedding / Ceremonial,Yellow Gold,The Leon Ring - Flat Bevelled Edge Brushed Men's Wedding Band,582.00,yellow.jpg,images/brushed-gold-flat-beveled-edge-mens-ceremonial-band/yellow.jpg,"=HYPERLINK(""https://cdn.shopify.com/s/files/1/0544/6408/6189/files/Yellow1080_Top_59_00000_8ef2a49d-108b-4dc5-813e-ceefd5fc86b8.jpg?v=1756774159"",""View ring"")",brushed-gold-flat-beveled-edge-mens-ceremonial-band
,,,,"=IMAGE(""https://cdn.shopify.com/s/files/1/0544/6408/6189/files/White1080_Top_59_00000_6357f40e-92b6-4523-bd4c-e0ef51bc2813.jpg?v=1773198437"")",Wedding / Ceremonial,White Gold,The Leon Ring - Flat Bevelled Edge Brushed Men's Wedding Band,582.00,white.jpg,images/brushed-gold-flat-beveled-edge-mens-ceremonial-band/white.jpg,"=HYPERLINK(""https://cdn.shopify.com/s/files/1/0544/6408/6189/files/White1080_Top_59_00000_6357f40e-92b6-4523-bd4c-e0ef51bc2813.jpg?v=1773198437"",""View ring"")",brushed-gold-flat-beveled-edge-mens-ceremonial-band
,,,,"=IMAGE(""https://cdn.shopify.com/s/files/1/0544/6408/6189/files/Rose1080_Top_59_00000_933561dd-9bdd-4d48-a107-f737f376bf87.jpg?v=1773198437"")",Wedding / Ceremonial,Rose Gold,The Leon Ring - Flat Bevelled Edge Brushed Men's Wedding Band,582.00,rose.jpg,images/brushed-gold-flat-beveled-edge-mens-ceremonial-band/rose.jpg,"=HYPERLINK(""https://cdn.shopify.com/s/files/1/0544/6408/6189/files/Rose1080_Top_59_00000_933561dd-9bdd-4d48-a107-f737f376bf87.jpg?v=1773198437"",""View ring"")",brushed-gold-flat-beveled-edge-mens-ceremonial-band
,,,,"=IMAGE(""https://cdn.shopify.com/s/files/1/0544/6408/6189/files/Yellow1080_Top_Theo_00000.jpg?v=1773271277"")",Wedding / Ceremonial,Yellow Gold,The Nikolas Ring - Brushed Classic Comfort Fit Men's Wedding Band,529.00,yellow.jpg,images/brushed-metal-classic-comfort-ceremonial-ring/yellow.jpg,"=HYPERLINK(""https://cdn.shopify.com/s/files/1/0544/6408/6189/files/Yellow1080_Top_Theo_00000.jpg?v=1773271277"",""View ring"")",brushed-metal-classic-comfort-ceremonial-ring
,,,,"=IMAGE(""https://cdn.shopify.com/s/files/1/0544/6408/6189/files/White1080_Top_Theo_00000.jpg?v=1773271277"")",Wedding / Ceremonial,White Gold,The Nikolas Ring - Brushed Classic Comfort Fit Men's Wedding Band,529.00,white.jpg,images/brushed-metal-classic-comfort-ceremonial-ring/white.jpg,"=HYPERLINK(""https://cdn.shopify.com/s/files/1/0544/6408/6189/files/White1080_Top_Theo_00000.jpg?v=1773271277"",""View ring"")",brushed-metal-classic-comfort-ceremonial-ring
,,,,"=IMAGE(""https://cdn.shopify.com/s/files/1/0544/6408/6189/files/Rose1080_Top_Theo_00000.jpg?v=1773271277"")",Wedding / Ceremonial,Rose Gold,The Nikolas Ring - Brushed Classic Comfort Fit Men's Wedding Band,529.00,rose.jpg,images/brushed-metal-classic-comfort-ceremonial-ring/rose.jpg,"=HYPERLINK(""https://cdn.shopify.com/s/files/1/0544/6408/6189/files/Rose1080_Top_Theo_00000.jpg?v=1773271277"",""View ring"")",brushed-metal-classic-comfort-ceremonial-ring
,,,,"=IMAGE(""https://cdn.shopify.com/s/files/1/0544/6408/6189/files/Yellow1080_Top_58_00000.jpg?v=1752042583"")",Wedding / Ceremonial,Yellow Gold,The Calihan Ring - Brushed Chamfered Edge Men's Wedding Band,688.00,yellow.jpg,images/the-calihan-ring-brushed-chamfered-edge-mens-ceremonial-band/yellow.jpg,"=HYPERLINK(""https://cdn.shopify.com/s/files/1/0544/6408/6189/files/Yellow1080_Top_58_00000.jpg?v=1752042583"",""View ring"")",the-calihan-ring-brushed-chamfered-edge-mens-ceremonial-band
,,,,"=IMAGE(""https://cdn.shopify.com/s/files/1/0544/6408/6189/files/White1080_Top_58_00000.jpg?v=1773197743"")",Wedding / Ceremonial,White Gold,The Calihan Ring - Brushed Chamfered Edge Men's Wedding Band,688.00,white.jpg,images/the-calihan-ring-brushed-chamfered-edge-mens-ceremonial-band/white.jpg,"=HYPERLINK(""https://cdn.shopify.com/s/files/1/0544/6408/6189/files/White1080_Top_58_00000.jpg?v=1773197743"",""View ring"")",the-calihan-ring-brushed-chamfered-edge-mens-ceremonial-band
,,,,"=IMAGE(""https://cdn.shopify.com/s/files/1/0544/6408/6189/files/Rose1080_Top_58_00000.jpg?v=1773197743"")",Wedding / Ceremonial,Rose Gold,The Calihan Ring - Brushed Chamfered Edge Men's Wedding Band,688.00,rose.jpg,images/the-calihan-ring-brushed-chamfered-edge-mens-ceremonial-band/rose.jpg,"=HYPERLINK(""https://cdn.shopify.com/s/files/1/0544/6408/6189/files/Rose1080_Top_58_00000.jpg?v=1773197743"",""View ring"")",the-calihan-ring-brushed-chamfered-edge-mens-ceremonial-band
,,,,"=IMAGE(""https://cdn.shopify.com/s/files/1/0544/6408/6189/files/Top_5589_Yellow_00000.jpg?v=1744668892"")",Wedding / Ceremonial,Yellow Gold,The Classic Statement Ring,847.00,yellow.jpg,images/the-classic-statement-ring/yellow.jpg,"=HYPERLINK(""https://cdn.shopify.com/s/files/1/0544/6408/6189/files/Top_5589_Yellow_00000.jpg?v=1744668892"",""View ring"")",the-classic-statement-ring
,,,,"=IMAGE(""https://cdn.shopify.com/s/files/1/0544/6408/6189/files/Top_5589_White_00000.jpg?v=1773197168"")",Wedding / Ceremonial,White Gold,The Classic Statement Ring,847.00,white.jpg,images/the-classic-statement-ring/white.jpg,"=HYPERLINK(""https://cdn.shopify.com/s/files/1/0544/6408/6189/files/Top_5589_White_00000.jpg?v=1773197168"",""View ring"")",the-classic-statement-ring
,,,,"=IMAGE(""https://cdn.shopify.com/s/files/1/0544/6408/6189/files/Top_5589_Rose_00000.jpg?v=1773197168"")",Wedding / Ceremonial,Rose Gold,The Classic Statement Ring,847.00,rose.jpg,images/the-classic-statement-ring/rose.jpg,"=HYPERLINK(""https://cdn.shopify.com/s/files/1/0544/6408/6189/files/Top_5589_Rose_00000.jpg?v=1773197168"",""View ring"")",the-classic-statement-ring
,,,,"=IMAGE(""https://cdn.shopify.com/s/files/1/0544/6408/6189/files/Top_6479_Yellow_00000.jpg?v=1699927188"")",Wedding / Ceremonial,Yellow Gold,The Gia Ring - Half Oval Ring,1561.00,yellow.jpg,images/the-gia-oval-band/yellow.jpg,"=HYPERLINK(""https://cdn.shopify.com/s/files/1/0544/6408/6189/files/Top_6479_Yellow_00000.jpg?v=1699927188"",""View ring"")",the-gia-oval-band
,,,,"=IMAGE(""https://cdn.shopify.com/s/files/1/0544/6408/6189/files/Top_6479_White_00000.jpg?v=1744773351"")",Wedding / Ceremonial,White Gold,The Gia Ring - Half Oval Ring,1561.00,white.jpg,images/the-gia-oval-band/white.jpg,"=HYPERLINK(""https://cdn.shopify.com/s/files/1/0544/6408/6189/files/Top_6479_White_00000.jpg?v=1744773351"",""View ring"")",the-gia-oval-band
,,,,"=IMAGE(""https://cdn.shopify.com/s/files/1/0544/6408/6189/files/Top_6479_Rose_00000.jpg?v=1744773351"")",Wedding / Ceremonial,Rose Gold,The Gia Ring - Half Oval Ring,1561.00,rose.jpg,images/the-gia-oval-band/rose.jpg,"=HYPERLINK(""https://cdn.shopify.com/s/files/1/0544/6408/6189/files/Top_6479_Rose_00000.jpg?v=1744773351"",""View ring"")",the-gia-oval-band
,,,,"=IMAGE(""https://cdn.shopify.com/s/files/1/0544/6408/6189/files/Top_6402_Yellow_00000.jpg?v=1700186644"")",Wedding / Ceremonial,Yellow Gold,The Classic Curved Ring - Plain Wedding Ring,461.00,yellow.jpg,images/the-classic-curved-ring-plain-wedding-band/yellow.jpg,"=HYPERLINK(""https://cdn.shopify.com/s/files/1/0544/6408/6189/files/Top_6402_Yellow_00000.jpg?v=1700186644"",""View ring"")",the-classic-curved-ring-plain-wedding-band
,,,,"=IMAGE(""https://cdn.shopify.com/s/files/1/0544/6408/6189/files/Top_6402_White_00000.jpg?v=1700186644"")",Wedding / Ceremonial,White Gold,The Classic Curved Ring - Plain Wedding Ring,461.00,white.jpg,images/the-classic-curved-ring-plain-wedding-band/white.jpg,"=HYPERLINK(""https://cdn.shopify.com/s/files/1/0544/6408/6189/files/Top_6402_White_00000.jpg?v=1700186644"",""View ring"")",the-classic-curved-ring-plain-wedding-band
,,,,"=IMAGE(""https://cdn.shopify.com/s/files/1/0544/6408/6189/files/Top_6402_Rose_00000.jpg?v=1700186644"")",Wedding / Ceremonial,Rose Gold,The Classic Curved Ring - Plain Wedding Ring,461.00,rose.jpg,images/the-classic-curved-ring-plain-wedding-band/rose.jpg,"=HYPERLINK(""https://cdn.shopify.com/s/files/1/0544/6408/6189/files/Top_6402_Rose_00000.jpg?v=1700186644"",""View ring"")",the-classic-curved-ring-plain-wedding-band
,,,,"=IMAGE(""https://cdn.shopify.com/s/files/1/0544/6408/6189/files/Top_6_Yellow_00000.jpg?v=1696478198"")",Wedding / Ceremonial,Yellow Gold,The Eve Ring - Curved Round Brilliant Wedding Ring,1005.00,yellow.jpg,images/the-eve-ring-round-brilliant-ceremonial-ring/yellow.jpg,"=HYPERLINK(""https://cdn.shopify.com/s/files/1/0544/6408/6189/files/Top_6_Yellow_00000.jpg?v=1696478198"",""View ring"")",the-eve-ring-round-brilliant-ceremonial-ring
,,,,"=IMAGE(""https://cdn.shopify.com/s/files/1/0544/6408/6189/files/Top_6_White_00000.jpg?v=1737507487"")",Wedding / Ceremonial,White Gold,The Eve Ring - Curved Round Brilliant Wedding Ring,1005.00,white.jpg,images/the-eve-ring-round-brilliant-ceremonial-ring/white.jpg,"=HYPERLINK(""https://cdn.shopify.com/s/files/1/0544/6408/6189/files/Top_6_White_00000.jpg?v=1737507487"",""View ring"")",the-eve-ring-round-brilliant-ceremonial-ring
,,,,"=IMAGE(""https://cdn.shopify.com/s/files/1/0544/6408/6189/files/Top_6_Rose_00000.jpg?v=1737507487"")",Wedding / Ceremonial,Rose Gold,The Eve Ring - Curved Round Brilliant Wedding Ring,1005.00,rose.jpg,images/the-eve-ring-round-brilliant-ceremonial-ring/rose.jpg,"=HYPERLINK(""https://cdn.shopify.com/s/files/1/0544/6408/6189/files/Top_6_Rose_00000.jpg?v=1737507487"",""View ring"")",the-eve-ring-round-brilliant-ceremonial-ring
,,,,"=IMAGE(""https://cdn.shopify.com/s/files/1/0544/6408/6189/files/Yellow1080_Top_189_00000.jpg?v=1760407716"")",Wedding / Ceremonial,Yellow Gold,The Eve Ring - Curved Wedding Ring,662.00,yellow.jpg,images/the-eve-ring-curved-ceremonial-ring/yellow.jpg,"=HYPERLINK(""https://cdn.shopify.com/s/files/1/0544/6408/6189/files/Yellow1080_Top_189_00000.jpg?v=1760407716"",""View ring"")",the-eve-ring-curved-ceremonial-ring
,,,,"=IMAGE(""https://cdn.shopify.com/s/files/1/0544/6408/6189/files/White1080_Top_189_00000.jpg?v=1766453807"")",Wedding / Ceremonial,White Gold,The Eve Ring - Curved Wedding Ring,662.00,white.jpg,images/the-eve-ring-curved-ceremonial-ring/white.jpg,"=HYPERLINK(""https://cdn.shopify.com/s/files/1/0544/6408/6189/files/White1080_Top_189_00000.jpg?v=1766453807"",""View ring"")",the-eve-ring-curved-ceremonial-ring
,,,,"=IMAGE(""https://cdn.shopify.com/s/files/1/0544/6408/6189/files/Rose1080_Top_189_00000.jpg?v=1766453807"")",Wedding / Ceremonial,Rose Gold,The Eve Ring - Curved Wedding Ring,662.00,rose.jpg,images/the-eve-ring-curved-ceremonial-ring/rose.jpg,"=HYPERLINK(""https://cdn.shopify.com/s/files/1/0544/6408/6189/files/Rose1080_Top_189_00000.jpg?v=1766453807"",""View ring"")",the-eve-ring-curved-ceremonial-ring
,,,,"=IMAGE(""https://cdn.shopify.com/s/files/1/0544/6408/6189/files/Yellow1080_Top_190_00000.jpg?v=1760407439"")",Wedding / Ceremonial,Yellow Gold,The Eve Ring - Curved Pear Wedding Ring,1005.00,yellow.jpg,images/the-eve-ring-curved-pear-ceremonial-ring/yellow.jpg,"=HYPERLINK(""https://cdn.shopify.com/s/files/1/0544/6408/6189/files/Yellow1080_Top_190_00000.jpg?v=1760407439"",""View ring"")",the-eve-ring-curved-pear-ceremonial-ring
,,,,"=IMAGE(""https://cdn.shopify.com/s/files/1/0544/6408/6189/files/White1080_Top_190_00000.jpg?v=1764108944"")",Wedding / Ceremonial,White Gold,The Eve Ring - Curved Pear Wedding Ring,1005.00,white.jpg,images/the-eve-ring-curved-pear-ceremonial-ring/white.jpg,"=HYPERLINK(""https://cdn.shopify.com/s/files/1/0544/6408/6189/files/White1080_Top_190_00000.jpg?v=1764108944"",""View ring"")",the-eve-ring-curved-pear-ceremonial-ring
,,,,"=IMAGE(""https://cdn.shopify.com/s/files/1/0544/6408/6189/files/Rose1080_Top_190_00000.jpg?v=1764108944"")",Wedding / Ceremonial,Rose Gold,The Eve Ring - Curved Pear Wedding Ring,1005.00,rose.jpg,images/the-eve-ring-curved-pear-ceremonial-ring/rose.jpg,"=HYPERLINK(""https://cdn.shopify.com/s/files/1/0544/6408/6189/files/Rose1080_Top_190_00000.jpg?v=1764108944"",""View ring"")",the-eve-ring-curved-pear-ceremonial-ring
,,,,"=IMAGE(""https://cdn.shopify.com/s/files/1/0544/6408/6189/files/Yellow1080_Top_191_00000.jpg?v=1760406765"")",Wedding / Ceremonial,Yellow Gold,The Eve Ring - Curved Oval Wedding Ring,1005.00,yellow.jpg,images/the-eve-ring-curved-oval-ceremonial-ring/yellow.jpg,"=HYPERLINK(""https://cdn.shopify.com/s/files/1/0544/6408/6189/files/Yellow1080_Top_191_00000.jpg?v=1760406765"",""View ring"")",the-eve-ring-curved-oval-ceremonial-ring
,,,,"=IMAGE(""https://cdn.shopify.com/s/files/1/0544/6408/6189/files/White1080_Top_191_00000.jpg?v=1766453786"")",Wedding / Ceremonial,White Gold,The Eve Ring - Curved Oval Wedding Ring,1005.00,white.jpg,images/the-eve-ring-curved-oval-ceremonial-ring/white.jpg,"=HYPERLINK(""https://cdn.shopify.com/s/files/1/0544/6408/6189/files/White1080_Top_191_00000.jpg?v=1766453786"",""View ring"")",the-eve-ring-curved-oval-ceremonial-ring
,,,,"=IMAGE(""https://cdn.shopify.com/s/files/1/0544/6408/6189/files/Rose1080_Top_191_00000.jpg?v=1766453786"")",Wedding / Ceremonial,Rose Gold,The Eve Ring - Curved Oval Wedding Ring,1005.00,rose.jpg,images/the-eve-ring-curved-oval-ceremonial-ring/rose.jpg,"=HYPERLINK(""https://cdn.shopify.com/s/files/1/0544/6408/6189/files/Rose1080_Top_191_00000.jpg?v=1766453786"",""View ring"")",the-eve-ring-curved-oval-ceremonial-ring
,,,,"=IMAGE(""https://cdn.shopify.com/s/files/1/0544/6408/6189/files/Yellow1080_Top_AureliaSplitClaw_00000.jpg?v=1772406137"")",Wedding / Ceremonial,Yellow Gold,The Aurelia Ring - Pavé Edge Contour Wedding Ring,1428.00,yellow.jpg,images/the-aurelia-ring-pave-edge-contour-ceremonial-ring/yellow.jpg,"=HYPERLINK(""https://cdn.shopify.com/s/files/1/0544/6408/6189/files/Yellow1080_Top_AureliaSplitClaw_00000.jpg?v=1772406137"",""View ring"")",the-aurelia-ring-pave-edge-contour-ceremonial-ring
,,,,"=IMAGE(""https://cdn.shopify.com/s/files/1/0544/6408/6189/files/White1080_Top_AureliaSplitClaw_00000.jpg?v=1772406137"")",Wedding / Ceremonial,White Gold,The Aurelia Ring - Pavé Edge Contour Wedding Ring,1428.00,white.jpg,images/the-aurelia-ring-pave-edge-contour-ceremonial-ring/white.jpg,"=HYPERLINK(""https://cdn.shopify.com/s/files/1/0544/6408/6189/files/White1080_Top_AureliaSplitClaw_00000.jpg?v=1772406137"",""View ring"")",the-aurelia-ring-pave-edge-contour-ceremonial-ring
,,,,"=IMAGE(""https://cdn.shopify.com/s/files/1/0544/6408/6189/files/Rose1080_Top_AureliaSplitClaw_00000.jpg?v=1772406137"")",Wedding / Ceremonial,Rose Gold,The Aurelia Ring - Pavé Edge Contour Wedding Ring,1428.00,rose.jpg,images/the-aurelia-ring-pave-edge-contour-ceremonial-ring/rose.jpg,"=HYPERLINK(""https://cdn.shopify.com/s/files/1/0544/6408/6189/files/Rose1080_Top_AureliaSplitClaw_00000.jpg?v=1772406137"",""View ring"")",the-aurelia-ring-pave-edge-contour-ceremonial-ring
,,,,"=IMAGE(""https://cdn.shopify.com/s/files/1/0544/6408/6189/files/Yellow1080_Top_19268004_00000.jpg?v=1773270798"")",Wedding / Ceremonial,Yellow Gold,The Arielle Ring - Emerald Curved Wedding Ring,1608.00,yellow.jpg,images/the-arielle-ring-emerald-curved-ceremonial-ring/yellow.jpg,"=HYPERLINK(""https://cdn.shopify.com/s/files/1/0544/6408/6189/files/Yellow1080_Top_19268004_00000.jpg?v=1773270798"",""View ring"")",the-arielle-ring-emerald-curved-ceremonial-ring
,,,,"=IMAGE(""https://cdn.shopify.com/s/files/1/0544/6408/6189/files/White1080_Top_19268004_00000.jpg?v=1773270798"")",Wedding / Ceremonial,White Gold,The Arielle Ring - Emerald Curved Wedding Ring,1608.00,white.jpg,images/the-arielle-ring-emerald-curved-ceremonial-ring/white.jpg,"=HYPERLINK(""https://cdn.shopify.com/s/files/1/0544/6408/6189/files/White1080_Top_19268004_00000.jpg?v=1773270798"",""View ring"")",the-arielle-ring-emerald-curved-ceremonial-ring
,,,,"=IMAGE(""https://cdn.shopify.com/s/files/1/0544/6408/6189/files/Rose1080_Top_19268004_00000.jpg?v=1773270798"")",Wedding / Ceremonial,Rose Gold,The Arielle Ring - Emerald Curved Wedding Ring,1608.00,rose.jpg,images/the-arielle-ring-emerald-curved-ceremonial-ring/rose.jpg,"=HYPERLINK(""https://cdn.shopify.com/s/files/1/0544/6408/6189/files/Rose1080_Top_19268004_00000.jpg?v=1773270798"",""View ring"")",the-arielle-ring-emerald-curved-ceremonial-ring
,,,,"=IMAGE(""https://cdn.shopify.com/s/files/1/0544/6408/6189/files/Yellow1080_Top_193_00000.jpg?v=1760402566"")",Wedding / Ceremonial,Yellow Gold,The Narelle Ring - Emerald Contour Wedding Ring,1608.00,yellow.jpg,images/the-narelle-ring-emerald-contour-ceremonial-ring/yellow.jpg,"=HYPERLINK(""https://cdn.shopify.com/s/files/1/0544/6408/6189/files/Yellow1080_Top_193_00000.jpg?v=1760402566"",""View ring"")",the-narelle-ring-emerald-contour-ceremonial-ring
,,,,"=IMAGE(""https://cdn.shopify.com/s/files/1/0544/6408/6189/files/White1080_Top_193_00000.jpg?v=1764113336"")",Wedding / Ceremonial,White Gold,The Narelle Ring - Emerald Contour Wedding Ring,1608.00,white.jpg,images/the-narelle-ring-emerald-contour-ceremonial-ring/white.jpg,"=HYPERLINK(""https://cdn.shopify.com/s/files/1/0544/6408/6189/files/White1080_Top_193_00000.jpg?v=1764113336"",""View ring"")",the-narelle-ring-emerald-contour-ceremonial-ring
,,,,"=IMAGE(""https://cdn.shopify.com/s/files/1/0544/6408/6189/files/Rose1080_Top_193_00000.jpg?v=1764113336"")",Wedding / Ceremonial,Rose Gold,The Narelle Ring - Emerald Contour Wedding Ring,1608.00,rose.jpg,images/the-narelle-ring-emerald-contour-ceremonial-ring/rose.jpg,"=HYPERLINK(""https://cdn.shopify.com/s/files/1/0544/6408/6189/files/Rose1080_Top_193_00000.jpg?v=1764113336"",""View ring"")",the-narelle-ring-emerald-contour-ceremonial-ring
,,,,"=IMAGE(""https://cdn.shopify.com/s/files/1/0544/6408/6189/files/Yellow1080_Top_192_00000.jpg?v=1760403671"")",Wedding / Ceremonial,Yellow Gold,The Nalaya Ring - Scattered Pear and Round Contour Wedding Ring,1550.00,yellow.jpg,images/the-nalaya-ring-scattered-pear-and-round-contour-ceremonial-ring/yellow.jpg,"=HYPERLINK(""https://cdn.shopify.com/s/files/1/0544/6408/6189/files/Yellow1080_Top_192_00000.jpg?v=1760403671"",""View ring"")",the-nalaya-ring-scattered-pear-and-round-contour-ceremonial-ring
,,,,"=IMAGE(""https://cdn.shopify.com/s/files/1/0544/6408/6189/files/White1080_Top_192_00000.jpg?v=1760406190"")",Wedding / Ceremonial,White Gold,The Nalaya Ring - Scattered Pear and Round Contour Wedding Ring,1550.00,white.jpg,images/the-nalaya-ring-scattered-pear-and-round-contour-ceremonial-ring/white.jpg,"=HYPERLINK(""https://cdn.shopify.com/s/files/1/0544/6408/6189/files/White1080_Top_192_00000.jpg?v=1760406190"",""View ring"")",the-nalaya-ring-scattered-pear-and-round-contour-ceremonial-ring
,,,,"=IMAGE(""https://cdn.shopify.com/s/files/1/0544/6408/6189/files/Rose1080_Top_192_00000.jpg?v=1760406190"")",Wedding / Ceremonial,Rose Gold,The Nalaya Ring - Scattered Pear and Round Contour Wedding Ring,1550.00,rose.jpg,images/the-nalaya-ring-scattered-pear-and-round-contour-ceremonial-ring/rose.jpg,"=HYPERLINK(""https://cdn.shopify.com/s/files/1/0544/6408/6189/files/Rose1080_Top_192_00000.jpg?v=1760406190"",""View ring"")",the-nalaya-ring-scattered-pear-and-round-contour-ceremonial-ring
,,,,"=IMAGE(""https://cdn.shopify.com/s/files/1/0544/6408/6189/files/Yellow1080_Top_NaraSplitClaw_00000.jpg?v=1772406421"")",Wedding / Ceremonial,Yellow Gold,The Nara Ring - Pavé Edge Statement Wedding Ring,1375.00,yellow.jpg,images/the-nara-ring-pave-edge-statement-ceremonial-ring/yellow.jpg,"=HYPERLINK(""https://cdn.shopify.com/s/files/1/0544/6408/6189/files/Yellow1080_Top_NaraSplitClaw_00000.jpg?v=1772406421"",""View ring"")",the-nara-ring-pave-edge-statement-ceremonial-ring
,,,,"=IMAGE(""https://cdn.shopify.com/s/files/1/0544/6408/6189/files/White1080_Top_NaraSplitClaw_00000.jpg?v=1772406421"")",Wedding / Ceremonial,White Gold,The Nara Ring - Pavé Edge Statement Wedding Ring,1375.00,white.jpg,images/the-nara-ring-pave-edge-statement-ceremonial-ring/white.jpg,"=HYPERLINK(""https://cdn.shopify.com/s/files/1/0544/6408/6189/files/White1080_Top_NaraSplitClaw_00000.jpg?v=1772406421"",""View ring"")",the-nara-ring-pave-edge-statement-ceremonial-ring
,,,,"=IMAGE(""https://cdn.shopify.com/s/files/1/0544/6408/6189/files/Rose1080_Top_NaraSplitClaw_00000.jpg?v=1772406421"")",Wedding / Ceremonial,Rose Gold,The Nara Ring - Pavé Edge Statement Wedding Ring,1375.00,rose.jpg,images/the-nara-ring-pave-edge-statement-ceremonial-ring/rose.jpg,"=HYPERLINK(""https://cdn.shopify.com/s/files/1/0544/6408/6189/files/Rose1080_Top_NaraSplitClaw_00000.jpg?v=1772406421"",""View ring"")",the-nara-ring-pave-edge-statement-ceremonial-ring
,,,,"=IMAGE(""https://cdn.shopify.com/s/files/1/0544/6408/6189/files/Yellow1080_Top_197_00000.jpg?v=1760408732"")",Wedding / Ceremonial,Yellow Gold,The Lira Ring - Inset Statement Wedding Ring,1238.00,yellow.jpg,images/the-lira-ring-inset-statement-ceremonial-ring/yellow.jpg,"=HYPERLINK(""https://cdn.shopify.com/s/files/1/0544/6408/6189/files/Yellow1080_Top_197_00000.jpg?v=1760408732"",""View ring"")",the-lira-ring-inset-statement-ceremonial-ring
,,,,"=IMAGE(""https://cdn.shopify.com/s/files/1/0544/6408/6189/files/White1080_Top_197_00000.jpg?v=1764115835"")",Wedding / Ceremonial,White Gold,The Lira Ring - Inset Statement Wedding Ring,1238.00,white.jpg,images/the-lira-ring-inset-statement-ceremonial-ring/white.jpg,"=HYPERLINK(""https://cdn.shopify.com/s/files/1/0544/6408/6189/files/White1080_Top_197_00000.jpg?v=1764115835"",""View ring"")",the-lira-ring-inset-statement-ceremonial-ring
,,,,"=IMAGE(""https://cdn.shopify.com/s/files/1/0544/6408/6189/files/Rose1080_Top_197_00000.jpg?v=1764115835"")",Wedding / Ceremonial,Rose Gold,The Lira Ring - Inset Statement Wedding Ring,1238.00,rose.jpg,images/the-lira-ring-inset-statement-ceremonial-ring/rose.jpg,"=HYPERLINK(""https://cdn.shopify.com/s/files/1/0544/6408/6189/files/Rose1080_Top_197_00000.jpg?v=1764115835"",""View ring"")",the-lira-ring-inset-statement-ceremonial-ring
,,,,"=IMAGE(""https://cdn.shopify.com/s/files/1/0544/6408/6189/files/Yellow1080_Top_187_00000.jpg?v=1760408416"")",Wedding / Ceremonial,Yellow Gold,The Saphira Ring - Slanted Marquise Wedding Ring,1180.00,yellow.jpg,images/the-saphira-ring-slanted-marquise-ceremonial-ring/yellow.jpg,"=HYPERLINK(""https://cdn.shopify.com/s/files/1/0544/6408/6189/files/Yellow1080_Top_187_00000.jpg?v=1760408416"",""View ring"")",the-saphira-ring-slanted-marquise-ceremonial-ring
,,,,"=IMAGE(""https://cdn.shopify.com/s/files/1/0544/6408/6189/files/White1080_Top_187_00000.jpg?v=1764109758"")",Wedding / Ceremonial,White Gold,The Saphira Ring - Slanted Marquise Wedding Ring,1180.00,white.jpg,images/the-saphira-ring-slanted-marquise-ceremonial-ring/white.jpg,"=HYPERLINK(""https://cdn.shopify.com/s/files/1/0544/6408/6189/files/White1080_Top_187_00000.jpg?v=1764109758"",""View ring"")",the-saphira-ring-slanted-marquise-ceremonial-ring
,,,,"=IMAGE(""https://cdn.shopify.com/s/files/1/0544/6408/6189/files/Rose1080_Top_187_00000.jpg?v=1764109758"")",Wedding / Ceremonial,Rose Gold,The Saphira Ring - Slanted Marquise Wedding Ring,1180.00,rose.jpg,images/the-saphira-ring-slanted-marquise-ceremonial-ring/rose.jpg,"=HYPERLINK(""https://cdn.shopify.com/s/files/1/0544/6408/6189/files/Rose1080_Top_187_00000.jpg?v=1764109758"",""View ring"")",the-saphira-ring-slanted-marquise-ceremonial-ring
,,,,"=IMAGE(""https://cdn.shopify.com/s/files/1/0544/6408/6189/files/Yellow1080_Top_195_00000.jpg?v=1760407091"")",Wedding / Ceremonial,Yellow Gold,The Harper Ring - Horizontal Oval Bezel Wedding Ring,1164.00,yellow.jpg,images/the-harper-ring-horizontal-oval-bezel-ceremonial-ring/yellow.jpg,"=HYPERLINK(""https://cdn.shopify.com/s/files/1/0544/6408/6189/files/Yellow1080_Top_195_00000.jpg?v=1760407091"",""View ring"")",the-harper-ring-horizontal-oval-bezel-ceremonial-ring
,,,,"=IMAGE(""https://cdn.shopify.com/s/files/1/0544/6408/6189/files/White1080_Top_195_00000.jpg?v=1764114703"")",Wedding / Ceremonial,White Gold,The Harper Ring - Horizontal Oval Bezel Wedding Ring,1164.00,white.jpg,images/the-harper-ring-horizontal-oval-bezel-ceremonial-ring/white.jpg,"=HYPERLINK(""https://cdn.shopify.com/s/files/1/0544/6408/6189/files/White1080_Top_195_00000.jpg?v=1764114703"",""View ring"")",the-harper-ring-horizontal-oval-bezel-ceremonial-ring
,,,,"=IMAGE(""https://cdn.shopify.com/s/files/1/0544/6408/6189/files/Rose1080_Top_195_00000.jpg?v=1764114703"")",Wedding / Ceremonial,Rose Gold,The Harper Ring - Horizontal Oval Bezel Wedding Ring,1164.00,rose.jpg,images/the-harper-ring-horizontal-oval-bezel-ceremonial-ring/rose.jpg,"=HYPERLINK(""https://cdn.shopify.com/s/files/1/0544/6408/6189/files/Rose1080_Top_195_00000.jpg?v=1764114703"",""View ring"")",the-harper-ring-horizontal-oval-bezel-ceremonial-ring
,,,,"=IMAGE(""https://cdn.shopify.com/s/files/1/0544/6408/6189/files/Yellow1080_Top_12553_00000.jpg?v=1754541930"")",Wedding / Ceremonial,Yellow Gold,The Harper Ring - Elongated Cushion Bezel Wedding Ring,1312.00,yellow.jpg,images/the-harper-elongated-cushion-bezel-ceremonial-ring/yellow.jpg,"=HYPERLINK(""https://cdn.shopify.com/s/files/1/0544/6408/6189/files/Yellow1080_Top_12553_00000.jpg?v=1754541930"",""View ring"")",the-harper-elongated-cushion-bezel-ceremonial-ring
,,,,"=IMAGE(""https://cdn.shopify.com/s/files/1/0544/6408/6189/files/White1080_Top_12553_00000.jpg?v=1759878030"")",Wedding / Ceremonial,White Gold,The Harper Ring - Elongated Cushion Bezel Wedding Ring,1312.00,white.jpg,images/the-harper-elongated-cushion-bezel-ceremonial-ring/white.jpg,"=HYPERLINK(""https://cdn.shopify.com/s/files/1/0544/6408/6189/files/White1080_Top_12553_00000.jpg?v=1759878030"",""View ring"")",the-harper-elongated-cushion-bezel-ceremonial-ring
,,,,"=IMAGE(""https://cdn.shopify.com/s/files/1/0544/6408/6189/files/Rose1080_Top_12553_00000.jpg?v=1759878030"")",Wedding / Ceremonial,Rose Gold,The Harper Ring - Elongated Cushion Bezel Wedding Ring,1312.00,rose.jpg,images/the-harper-elongated-cushion-bezel-ceremonial-ring/rose.jpg,"=HYPERLINK(""https://cdn.shopify.com/s/files/1/0544/6408/6189/files/Rose1080_Top_12553_00000.jpg?v=1759878030"",""View ring"")",the-harper-elongated-cushion-bezel-ceremonial-ring
,,,,"=IMAGE(""https://cdn.shopify.com/s/files/1/0544/6408/6189/files/Yellow1080_Top_194_00000.jpg?v=1760400569"")",Wedding / Ceremonial,Yellow Gold,The Harper Ring - Pear and Oval Bezel Wedding Ring,1730.00,yellow.jpg,images/the-harper-ring-pear-and-oval-bezel-ceremonial-ring/yellow.jpg,"=HYPERLINK(""https://cdn.shopify.com/s/files/1/0544/6408/6189/files/Yellow1080_Top_194_00000.jpg?v=1760400569"",""View ring"")",the-harper-ring-pear-and-oval-bezel-ceremonial-ring
,,,,"=IMAGE(""https://cdn.shopify.com/s/files/1/0544/6408/6189/files/White1080_Top_194_00000.jpg?v=1760406066"")",Wedding / Ceremonial,White Gold,The Harper Ring - Pear and Oval Bezel Wedding Ring,1730.00,white.jpg,images/the-harper-ring-pear-and-oval-bezel-ceremonial-ring/white.jpg,"=HYPERLINK(""https://cdn.shopify.com/s/files/1/0544/6408/6189/files/White1080_Top_194_00000.jpg?v=1760406066"",""View ring"")",the-harper-ring-pear-and-oval-bezel-ceremonial-ring
,,,,"=IMAGE(""https://cdn.shopify.com/s/files/1/0544/6408/6189/files/Rose1080_Top_194_00000.jpg?v=1760406066"")",Wedding / Ceremonial,Rose Gold,The Harper Ring - Pear and Oval Bezel Wedding Ring,1730.00,rose.jpg,images/the-harper-ring-pear-and-oval-bezel-ceremonial-ring/rose.jpg,"=HYPERLINK(""https://cdn.shopify.com/s/files/1/0544/6408/6189/files/Rose1080_Top_194_00000.jpg?v=1760406066"",""View ring"")",the-harper-ring-pear-and-oval-bezel-ceremonial-ring
,,,,"=IMAGE(""https://cdn.shopify.com/s/files/1/0544/6408/6189/files/Yellow1080_Top_Newweddingdesign2_00000.jpg?v=1727673031"")",Wedding / Ceremonial,Yellow Gold,The Oceane Ring - Marquise and Round Brilliant Wedding Ring,1058.00,yellow.jpg,images/the-oceane-ring-marquise-and-round-brilliant-wedding-band/yellow.jpg,"=HYPERLINK(""https://cdn.shopify.com/s/files/1/0544/6408/6189/files/Yellow1080_Top_Newweddingdesign2_00000.jpg?v=1727673031"",""View ring"")",the-oceane-ring-marquise-and-round-brilliant-wedding-band
,,,,"=IMAGE(""https://cdn.shopify.com/s/files/1/0544/6408/6189/files/White1080_Top_Newweddingdesign2_00000.jpg?v=1759880218"")",Wedding / Ceremonial,White Gold,The Oceane Ring - Marquise and Round Brilliant Wedding Ring,1058.00,white.jpg,images/the-oceane-ring-marquise-and-round-brilliant-wedding-band/white.jpg,"=HYPERLINK(""https://cdn.shopify.com/s/files/1/0544/6408/6189/files/White1080_Top_Newweddingdesign2_00000.jpg?v=1759880218"",""View ring"")",the-oceane-ring-marquise-and-round-brilliant-wedding-band
,,,,"=IMAGE(""https://cdn.shopify.com/s/files/1/0544/6408/6189/files/Rose1080_Top_Newweddingdesign2_00000.jpg?v=1759880218"")",Wedding / Ceremonial,Rose Gold,The Oceane Ring - Marquise and Round Brilliant Wedding Ring,1058.00,rose.jpg,images/the-oceane-ring-marquise-and-round-brilliant-wedding-band/rose.jpg,"=HYPERLINK(""https://cdn.shopify.com/s/files/1/0544/6408/6189/files/Rose1080_Top_Newweddingdesign2_00000.jpg?v=1759880218"",""View ring"")",the-oceane-ring-marquise-and-round-brilliant-wedding-band
,,,,"=IMAGE(""https://cdn.shopify.com/s/files/1/0544/6408/6189/files/Yellow1080_Top_gmbet_00000.jpg?v=1752045718"")",Wedding / Ceremonial,Yellow Gold,The Octavian Ring - Hammered Men's Wedding Band,529.00,yellow.jpg,images/the-octavian-ring-hammered-mens-ceremonial-band/yellow.jpg,"=HYPERLINK(""https://cdn.shopify.com/s/files/1/0544/6408/6189/files/Yellow1080_Top_gmbet_00000.jpg?v=1752045718"",""View ring"")",the-octavian-ring-hammered-mens-ceremonial-band
,,,,"=IMAGE(""https://cdn.shopify.com/s/files/1/0544/6408/6189/files/White1080_Top_gmbet_00000.jpg?v=1773197271"")",Wedding / Ceremonial,White Gold,The Octavian Ring - Hammered Men's Wedding Band,529.00,white.jpg,images/the-octavian-ring-hammered-mens-ceremonial-band/white.jpg,"=HYPERLINK(""https://cdn.shopify.com/s/files/1/0544/6408/6189/files/White1080_Top_gmbet_00000.jpg?v=1773197271"",""View ring"")",the-octavian-ring-hammered-mens-ceremonial-band
,,,,"=IMAGE(""https://cdn.shopify.com/s/files/1/0544/6408/6189/files/Rose1080_Top_gmbet_00000.jpg?v=1773197271"")",Wedding / Ceremonial,Rose Gold,The Octavian Ring - Hammered Men's Wedding Band,529.00,rose.jpg,images/the-octavian-ring-hammered-mens-ceremonial-band/rose.jpg,"=HYPERLINK(""https://cdn.shopify.com/s/files/1/0544/6408/6189/files/Rose1080_Top_gmbet_00000.jpg?v=1773197271"",""View ring"")",the-octavian-ring-hammered-mens-ceremonial-band
,,,,"=IMAGE(""https://cdn.shopify.com/s/files/1/0544/6408/6189/files/Yellow1080_Top_DomeCeremonialring_00000_2dc4169f-371a-4adb-8e00-0b9439dc44ad.jpg?v=1738801415"")",Wedding / Ceremonial,Yellow Gold,The Elias Ring - Domed Men's Wedding Band,873.00,yellow.jpg,images/domed-mens-ceremonial-band/yellow.jpg,"=HYPERLINK(""https://cdn.shopify.com/s/files/1/0544/6408/6189/files/Yellow1080_Top_DomeCeremonialring_00000_2dc4169f-371a-4adb-8e00-0b9439dc44ad.jpg?v=1738801415"",""View ring"")",domed-mens-ceremonial-band
,,,,"=IMAGE(""https://cdn.shopify.com/s/files/1/0544/6408/6189/files/White1080_Top_DomeCeremonialring_00000_b9c5df78-db3b-4ace-9878-c240e34d0901.jpg?v=1738801415"")",Wedding / Ceremonial,White Gold,The Elias Ring - Domed Men's Wedding Band,873.00,white.jpg,images/domed-mens-ceremonial-band/white.jpg,"=HYPERLINK(""https://cdn.shopify.com/s/files/1/0544/6408/6189/files/White1080_Top_DomeCeremonialring_00000_b9c5df78-db3b-4ace-9878-c240e34d0901.jpg?v=1738801415"",""View ring"")",domed-mens-ceremonial-band
,,,,"=IMAGE(""https://cdn.shopify.com/s/files/1/0544/6408/6189/files/Rose1080_Top_DomeCeremonialring_00000_434c8ca3-1fc4-4b29-99d1-684a69483c65.jpg?v=1738801415"")",Wedding / Ceremonial,Rose Gold,The Elias Ring - Domed Men's Wedding Band,873.00,rose.jpg,images/domed-mens-ceremonial-band/rose.jpg,"=HYPERLINK(""https://cdn.shopify.com/s/files/1/0544/6408/6189/files/Rose1080_Top_DomeCeremonialring_00000_434c8ca3-1fc4-4b29-99d1-684a69483c65.jpg?v=1738801415"",""View ring"")",domed-mens-ceremonial-band
,,,,"=IMAGE(""https://cdn.shopify.com/s/files/1/0544/6408/6189/files/Yellow1080_Top_50_00000.jpg?v=1752029972"")",Wedding / Ceremonial,Yellow Gold,The Deacon Ring - Brushed Centre Men's Wedding Band,556.00,yellow.jpg,images/the-deacon-ring-brushed-bevelled-edge-mens-ceremonial-band/yellow.jpg,"=HYPERLINK(""https://cdn.shopify.com/s/files/1/0544/6408/6189/files/Yellow1080_Top_50_00000.jpg?v=1752029972"",""View ring"")",the-deacon-ring-brushed-bevelled-edge-mens-ceremonial-band
,,,,"=IMAGE(""https://cdn.shopify.com/s/files/1/0544/6408/6189/files/White1080_Top_50_00000.jpg?v=1773198119"")",Wedding / Ceremonial,White Gold,The Deacon Ring - Brushed Centre Men's Wedding Band,556.00,white.jpg,images/the-deacon-ring-brushed-bevelled-edge-mens-ceremonial-band/white.jpg,"=HYPERLINK(""https://cdn.shopify.com/s/files/1/0544/6408/6189/files/White1080_Top_50_00000.jpg?v=1773198119"",""View ring"")",the-deacon-ring-brushed-bevelled-edge-mens-ceremonial-band
,,,,"=IMAGE(""https://cdn.shopify.com/s/files/1/0544/6408/6189/files/Rose1080_Top_50_00000.jpg?v=1773198119"")",Wedding / Ceremonial,Rose Gold,The Deacon Ring - Brushed Centre Men's Wedding Band,556.00,rose.jpg,images/the-deacon-ring-brushed-bevelled-edge-mens-ceremonial-band/rose.jpg,"=HYPERLINK(""https://cdn.shopify.com/s/files/1/0544/6408/6189/files/Rose1080_Top_50_00000.jpg?v=1773198119"",""View ring"")",the-deacon-ring-brushed-bevelled-edge-mens-ceremonial-band
,,,,"=IMAGE(""https://cdn.shopify.com/s/files/1/0544/6408/6189/files/Top_5589_Yellow_00000.jpg?v=1744668892"")",Wedding / Ceremonial,Yellow Gold,The Matteo Ring - Classic Statement Men's Wedding Band,582.00,yellow.jpg,images/classic-statement-mens-ceremonial-band/yellow.jpg,"=HYPERLINK(""https://cdn.shopify.com/s/files/1/0544/6408/6189/files/Top_5589_Yellow_00000.jpg?v=1744668892"",""View ring"")",classic-statement-mens-ceremonial-band
,,,,"=IMAGE(""https://cdn.shopify.com/s/files/1/0544/6408/6189/files/Top_5589_White_00000.jpg?v=1773197168"")",Wedding / Ceremonial,White Gold,The Matteo Ring - Classic Statement Men's Wedding Band,582.00,white.jpg,images/classic-statement-mens-ceremonial-band/white.jpg,"=HYPERLINK(""https://cdn.shopify.com/s/files/1/0544/6408/6189/files/Top_5589_White_00000.jpg?v=1773197168"",""View ring"")",classic-statement-mens-ceremonial-band
,,,,"=IMAGE(""https://cdn.shopify.com/s/files/1/0544/6408/6189/files/Top_5589_Rose_00000.jpg?v=1773197168"")",Wedding / Ceremonial,Rose Gold,The Matteo Ring - Classic Statement Men's Wedding Band,582.00,rose.jpg,images/classic-statement-mens-ceremonial-band/rose.jpg,"=HYPERLINK(""https://cdn.shopify.com/s/files/1/0544/6408/6189/files/Top_5589_Rose_00000.jpg?v=1773197168"",""View ring"")",classic-statement-mens-ceremonial-band
,,,,,Wedding / Ceremonial,Yellow Gold,The Calihan Ring - Brushed Zirconium Chamfered Edge Men's Wedding Band,212.00,,,,the-calihan-ring-brushed-zirconium-chamfered-edge-mens-ceremonial-band
,,,,,Wedding / Ceremonial,White Gold,The Calihan Ring - Brushed Zirconium Chamfered Edge Men's Wedding Band,212.00,,,,the-calihan-ring-brushed-zirconium-chamfered-edge-mens-ceremonial-band
,,,,,Wedding / Ceremonial,Rose Gold,The Calihan Ring - Brushed Zirconium Chamfered Edge Men's Wedding Band,212.00,,,,the-calihan-ring-brushed-zirconium-chamfered-edge-mens-ceremonial-band
,,,,,Wedding / Ceremonial,Yellow Gold,The Arte Ring - Flat Brushed Dual Grooved Men's Wedding Band,212.00,,,,the-arte-ring-flat-brushed-dual-grooved-mens-ceremonial-band
,,,,,Wedding / Ceremonial,White Gold,The Arte Ring - Flat Brushed Dual Grooved Men's Wedding Band,212.00,,,,the-arte-ring-flat-brushed-dual-grooved-mens-ceremonial-band
,,,,,Wedding / Ceremonial,Rose Gold,The Arte Ring - Flat Brushed Dual Grooved Men's Wedding Band,212.00,,,,the-arte-ring-flat-brushed-dual-grooved-mens-ceremonial-band
,,,,,Wedding / Ceremonial,Yellow Gold,The Mae Ring - Inset Cultured Gemstone Ring,598.00,,,,the-mae-ring-inset-moissanite-band
,,,,,Wedding / Ceremonial,White Gold,The Mae Ring - Inset Cultured Gemstone Ring,598.00,,,,the-mae-ring-inset-moissanite-band
,,,,,Wedding / Ceremonial,Rose Gold,The Mae Ring - Inset Cultured Gemstone Ring,598.00,,,,the-mae-ring-inset-moissanite-band
,,,,"=IMAGE(""https://cdn.shopify.com/s/files/1/0544/6408/6189/files/Yellow1080_Top_Greta_00000.jpg?v=1777603722"")",Wedding / Ceremonial,Yellow Gold,The Greta Ring - Alternating Baguette and Round Wedding Ring,1032.00,yellow.jpg,images/the-greta-ring-alternating-round-baguette-band/yellow.jpg,"=HYPERLINK(""https://cdn.shopify.com/s/files/1/0544/6408/6189/files/Yellow1080_Top_Greta_00000.jpg?v=1777603722"",""View ring"")",the-greta-ring-alternating-round-baguette-band
,,,,"=IMAGE(""https://cdn.shopify.com/s/files/1/0544/6408/6189/files/White1080_Top_Greta_00000.jpg?v=1777603722"")",Wedding / Ceremonial,White Gold,The Greta Ring - Alternating Baguette and Round Wedding Ring,1032.00,white.jpg,images/the-greta-ring-alternating-round-baguette-band/white.jpg,"=HYPERLINK(""https://cdn.shopify.com/s/files/1/0544/6408/6189/files/White1080_Top_Greta_00000.jpg?v=1777603722"",""View ring"")",the-greta-ring-alternating-round-baguette-band
,,,,"=IMAGE(""https://cdn.shopify.com/s/files/1/0544/6408/6189/files/Rose1080_Top_Greta_00000.jpg?v=1777603722"")",Wedding / Ceremonial,Rose Gold,The Greta Ring - Alternating Baguette and Round Wedding Ring,1032.00,rose.jpg,images/the-greta-ring-alternating-round-baguette-band/rose.jpg,"=HYPERLINK(""https://cdn.shopify.com/s/files/1/0544/6408/6189/files/Rose1080_Top_Greta_00000.jpg?v=1777603722"",""View ring"")",the-greta-ring-alternating-round-baguette-band
,,,,"=IMAGE(""https://cdn.shopify.com/s/files/1/0544/6408/6189/files/Yellow1080_Top_10619_00000.jpg?v=1727821018"")",Wedding / Ceremonial,Yellow Gold,The Noemie Ring - Baguette Wedding Ring,899.00,yellow.jpg,images/the-noemie-ring-baguette-wedding-band/yellow.jpg,"=HYPERLINK(""https://cdn.shopify.com/s/files/1/0544/6408/6189/files/Yellow1080_Top_10619_00000.jpg?v=1727821018"",""View ring"")",the-noemie-ring-baguette-wedding-band
,,,,"=IMAGE(""https://cdn.shopify.com/s/files/1/0544/6408/6189/files/White1080_Top_10619_00000.jpg?v=1757051672"")",Wedding / Ceremonial,White Gold,The Noemie Ring - Baguette Wedding Ring,899.00,white.jpg,images/the-noemie-ring-baguette-wedding-band/white.jpg,"=HYPERLINK(""https://cdn.shopify.com/s/files/1/0544/6408/6189/files/White1080_Top_10619_00000.jpg?v=1757051672"",""View ring"")",the-noemie-ring-baguette-wedding-band
,,,,"=IMAGE(""https://cdn.shopify.com/s/files/1/0544/6408/6189/files/Rose1080_Top_10619_00000.jpg?v=1757051672"")",Wedding / Ceremonial,Rose Gold,The Noemie Ring - Baguette Wedding Ring,899.00,rose.jpg,images/the-noemie-ring-baguette-wedding-band/rose.jpg,"=HYPERLINK(""https://cdn.shopify.com/s/files/1/0544/6408/6189/files/Rose1080_Top_10619_00000.jpg?v=1757051672"",""View ring"")",the-noemie-ring-baguette-wedding-band
,,,,"=IMAGE(""https://cdn.shopify.com/s/files/1/0544/6408/6189/files/Top_3_Yellow_00000.jpg?v=1697070542"")",Wedding / Ceremonial,Yellow Gold,The Amaré Ring - Contour Wedding Ring,952.00,yellow.jpg,images/the-amare-ring-contour-ceremonial-ring-1/yellow.jpg,"=HYPERLINK(""https://cdn.shopify.com/s/files/1/0544/6408/6189/files/Top_3_Yellow_00000.jpg?v=1697070542"",""View ring"")",the-amare-ring-contour-ceremonial-ring-1
,,,,"=IMAGE(""https://cdn.shopify.com/s/files/1/0544/6408/6189/files/Top_3_White_00000.jpg?v=1766449193"")",Wedding / Ceremonial,White Gold,The Amaré Ring - Contour Wedding Ring,952.00,white.jpg,images/the-amare-ring-contour-ceremonial-ring-1/white.jpg,"=HYPERLINK(""https://cdn.shopify.com/s/files/1/0544/6408/6189/files/Top_3_White_00000.jpg?v=1766449193"",""View ring"")",the-amare-ring-contour-ceremonial-ring-1
,,,,"=IMAGE(""https://cdn.shopify.com/s/files/1/0544/6408/6189/files/Top_3_Rose_00000.jpg?v=1766449193"")",Wedding / Ceremonial,Rose Gold,The Amaré Ring - Contour Wedding Ring,952.00,rose.jpg,images/the-amare-ring-contour-ceremonial-ring-1/rose.jpg,"=HYPERLINK(""https://cdn.shopify.com/s/files/1/0544/6408/6189/files/Top_3_Rose_00000.jpg?v=1766449193"",""View ring"")",the-amare-ring-contour-ceremonial-ring-1
,,,,"=IMAGE(""https://cdn.shopify.com/s/files/1/0544/6408/6189/files/Yellow1080_Top_Curvedpaveband_00000.jpg?v=1727907866"")",Wedding / Ceremonial,Yellow Gold,The Camille Ring - Curved Pavé Wedding Ring,688.00,yellow.jpg,images/the-camille-ring-curved-pave-wedding-band-pricing/yellow.jpg,"=HYPERLINK(""https://cdn.shopify.com/s/files/1/0544/6408/6189/files/Yellow1080_Top_Curvedpaveband_00000.jpg?v=1727907866"",""View ring"")",the-camille-ring-curved-pave-wedding-band-pricing
,,,,"=IMAGE(""https://cdn.shopify.com/s/files/1/0544/6408/6189/files/White1080_Top_Curvedpaveband_00000.jpg?v=1766448414"")",Wedding / Ceremonial,White Gold,The Camille Ring - Curved Pavé Wedding Ring,688.00,white.jpg,images/the-camille-ring-curved-pave-wedding-band-pricing/white.jpg,"=HYPERLINK(""https://cdn.shopify.com/s/files/1/0544/6408/6189/files/White1080_Top_Curvedpaveband_00000.jpg?v=1766448414"",""View ring"")",the-camille-ring-curved-pave-wedding-band-pricing
,,,,"=IMAGE(""https://cdn.shopify.com/s/files/1/0544/6408/6189/files/Rose1080_Top_Curvedpaveband_00000.jpg?v=1766448414"")",Wedding / Ceremonial,Rose Gold,The Camille Ring - Curved Pavé Wedding Ring,688.00,rose.jpg,images/the-camille-ring-curved-pave-wedding-band-pricing/rose.jpg,"=HYPERLINK(""https://cdn.shopify.com/s/files/1/0544/6408/6189/files/Rose1080_Top_Curvedpaveband_00000.jpg?v=1766448414"",""View ring"")",the-camille-ring-curved-pave-wedding-band-pricing
,,,,,Wedding / Ceremonial,Yellow Gold,The Cybelle Ring - Chevron Wedding Ring,1058.00,,,,the-cybelle-ring-chevron-wedding-band
,,,,,Wedding / Ceremonial,White Gold,The Cybelle Ring - Chevron Wedding Ring,1058.00,,,,the-cybelle-ring-chevron-wedding-band
,,,,,Wedding / Ceremonial,Rose Gold,The Cybelle Ring - Chevron Wedding Ring,1058.00,,,,the-cybelle-ring-chevron-wedding-band
,,,,,Wedding / Ceremonial,Yellow Gold,The Classic Chevron Ring - Plain Wedding Ring,461.00,,,,the-classic-chevron-ring-plain-wedding-band
,,,,,Wedding / Ceremonial,White Gold,The Classic Chevron Ring - Plain Wedding Ring,461.00,,,,the-classic-chevron-ring-plain-wedding-band
,,,,,Wedding / Ceremonial,Rose Gold,The Classic Chevron Ring - Plain Wedding Ring,461.00,,,,the-classic-chevron-ring-plain-wedding-band
,,,,,Wedding / Ceremonial,Yellow Gold,The Arden Ring - Pavé Chevron Wedding Ring,688.00,,,,the-arden-ring-pave-chevron-wedding-band
,,,,,Wedding / Ceremonial,White Gold,The Arden Ring - Pavé Chevron Wedding Ring,688.00,,,,the-arden-ring-pave-chevron-wedding-band
,,,,,Wedding / Ceremonial,Rose Gold,The Arden Ring - Pavé Chevron Wedding Ring,688.00,,,,the-arden-ring-pave-chevron-wedding-band
,,,,"=IMAGE(""https://cdn.shopify.com/s/files/1/0544/6408/6189/files/Top_2_Yellow_00000.jpg?v=1696479843"")",Wedding / Ceremonial,Yellow Gold,The Fae Ring - Organic Curved Wedding Ring,487.00,yellow.jpg,images/the-clara-ring-organic-curved-ceremonial-ring/yellow.jpg,"=HYPERLINK(""https://cdn.shopify.com/s/files/1/0544/6408/6189/files/Top_2_Yellow_00000.jpg?v=1696479843"",""View ring"")",the-clara-ring-organic-curved-ceremonial-ring
,,,,"=IMAGE(""https://cdn.shopify.com/s/files/1/0544/6408/6189/files/Top_2_White_00000.jpg?v=1766449441"")",Wedding / Ceremonial,White Gold,The Fae Ring - Organic Curved Wedding Ring,487.00,white.jpg,images/the-clara-ring-organic-curved-ceremonial-ring/white.jpg,"=HYPERLINK(""https://cdn.shopify.com/s/files/1/0544/6408/6189/files/Top_2_White_00000.jpg?v=1766449441"",""View ring"")",the-clara-ring-organic-curved-ceremonial-ring
,,,,"=IMAGE(""https://cdn.shopify.com/s/files/1/0544/6408/6189/files/Top_2_Rose_00000.jpg?v=1766449441"")",Wedding / Ceremonial,Rose Gold,The Fae Ring - Organic Curved Wedding Ring,487.00,rose.jpg,images/the-clara-ring-organic-curved-ceremonial-ring/rose.jpg,"=HYPERLINK(""https://cdn.shopify.com/s/files/1/0544/6408/6189/files/Top_2_Rose_00000.jpg?v=1766449441"",""View ring"")",the-clara-ring-organic-curved-ceremonial-ring
,,,,"=IMAGE(""https://cdn.shopify.com/s/files/1/0544/6408/6189/files/Top_1_Yellow_00000.jpg?v=1696479539"")",Wedding / Ceremonial,Yellow Gold,The Classic Knife Edge Wedding Ring,688.00,yellow.jpg,images/the-classic-knife-edge-ceremonial-ring/yellow.jpg,"=HYPERLINK(""https://cdn.shopify.com/s/files/1/0544/6408/6189/files/Top_1_Yellow_00000.jpg?v=1696479539"",""View ring"")",the-classic-knife-edge-ceremonial-ring
,,,,"=IMAGE(""https://cdn.shopify.com/s/files/1/0544/6408/6189/files/Top_1_White_00000.jpg?v=1773205281"")",Wedding / Ceremonial,White Gold,The Classic Knife Edge Wedding Ring,688.00,white.jpg,images/the-classic-knife-edge-ceremonial-ring/white.jpg,"=HYPERLINK(""https://cdn.shopify.com/s/files/1/0544/6408/6189/files/Top_1_White_00000.jpg?v=1773205281"",""View ring"")",the-classic-knife-edge-ceremonial-ring
,,,,"=IMAGE(""https://cdn.shopify.com/s/files/1/0544/6408/6189/files/Top_1.1_Rose_00000.jpg?v=1773205281"")",Wedding / Ceremonial,Rose Gold,The Classic Knife Edge Wedding Ring,688.00,rose.jpg,images/the-classic-knife-edge-ceremonial-ring/rose.jpg,"=HYPERLINK(""https://cdn.shopify.com/s/files/1/0544/6408/6189/files/Top_1.1_Rose_00000.jpg?v=1773205281"",""View ring"")",the-classic-knife-edge-ceremonial-ring
,,,,"=IMAGE(""https://cdn.shopify.com/s/files/1/0544/6408/6189/files/Yellow1080_Top_269_00000.jpg?v=1768342162"")",Wedding / Ceremonial,Yellow Gold,The Estelle Ring - Scattered Pear and Round Ring,1455.00,yellow.jpg,images/the-estelle-ring-scattered-pear-and-round-band/yellow.jpg,"=HYPERLINK(""https://cdn.shopify.com/s/files/1/0544/6408/6189/files/Yellow1080_Top_269_00000.jpg?v=1768342162"",""View ring"")",the-estelle-ring-scattered-pear-and-round-band
,,,,"=IMAGE(""https://cdn.shopify.com/s/files/1/0544/6408/6189/files/White1080_Top_269_00000.jpg?v=1768342162"")",Wedding / Ceremonial,White Gold,The Estelle Ring - Scattered Pear and Round Ring,1455.00,white.jpg,images/the-estelle-ring-scattered-pear-and-round-band/white.jpg,"=HYPERLINK(""https://cdn.shopify.com/s/files/1/0544/6408/6189/files/White1080_Top_269_00000.jpg?v=1768342162"",""View ring"")",the-estelle-ring-scattered-pear-and-round-band
,,,,"=IMAGE(""https://cdn.shopify.com/s/files/1/0544/6408/6189/files/Rose1080_Top_269_00000.jpg?v=1768342162"")",Wedding / Ceremonial,Rose Gold,The Estelle Ring - Scattered Pear and Round Ring,1455.00,rose.jpg,images/the-estelle-ring-scattered-pear-and-round-band/rose.jpg,"=HYPERLINK(""https://cdn.shopify.com/s/files/1/0544/6408/6189/files/Rose1080_Top_269_00000.jpg?v=1768342162"",""View ring"")",the-estelle-ring-scattered-pear-and-round-band
,,,,"=IMAGE(""https://cdn.shopify.com/s/files/1/0544/6408/6189/files/Yellow1080_Top_Asscher_00000.jpg?v=1727670162"")",Wedding / Ceremonial,Yellow Gold,The Maeva Ring - Asscher Wedding Ring,1455.00,yellow.jpg,images/the-maeva-ring-asscher-wedding-band/yellow.jpg,"=HYPERLINK(""https://cdn.shopify.com/s/files/1/0544/6408/6189/files/Yellow1080_Top_Asscher_00000.jpg?v=1727670162"",""View ring"")",the-maeva-ring-asscher-wedding-band
,,,,"=IMAGE(""https://cdn.shopify.com/s/files/1/0544/6408/6189/files/White1080_Top_Asscher_00000.jpg?v=1766453399"")",Wedding / Ceremonial,White Gold,The Maeva Ring - Asscher Wedding Ring,1455.00,white.jpg,images/the-maeva-ring-asscher-wedding-band/white.jpg,"=HYPERLINK(""https://cdn.shopify.com/s/files/1/0544/6408/6189/files/White1080_Top_Asscher_00000.jpg?v=1766453399"",""View ring"")",the-maeva-ring-asscher-wedding-band
,,,,"=IMAGE(""https://cdn.shopify.com/s/files/1/0544/6408/6189/files/Rose1080_Top_Asscher_00000.jpg?v=1766453399"")",Wedding / Ceremonial,Rose Gold,The Maeva Ring - Asscher Wedding Ring,1455.00,rose.jpg,images/the-maeva-ring-asscher-wedding-band/rose.jpg,"=HYPERLINK(""https://cdn.shopify.com/s/files/1/0544/6408/6189/files/Rose1080_Top_Asscher_00000.jpg?v=1766453399"",""View ring"")",the-maeva-ring-asscher-wedding-band
,,,,"=IMAGE(""https://cdn.shopify.com/s/files/1/0544/6408/6189/files/Yellow1080_Top_250_00000.jpg?v=1762736433"")",Wedding / Ceremonial,Yellow Gold,The Adonis Ring - Round Brilliant Inlay Brushed Men's Wedding Band,635.00,yellow.jpg,images/the-adonis-ring-round-brilliant-inlay-brushed-mens-ceremonial-band/yellow.jpg,"=HYPERLINK(""https://cdn.shopify.com/s/files/1/0544/6408/6189/files/Yellow1080_Top_250_00000.jpg?v=1762736433"",""View ring"")",the-adonis-ring-round-brilliant-inlay-brushed-mens-ceremonial-band
,,,,"=IMAGE(""https://cdn.shopify.com/s/files/1/0544/6408/6189/files/White1080_Top_250_00000.jpg?v=1773198547"")",Wedding / Ceremonial,White Gold,The Adonis Ring - Round Brilliant Inlay Brushed Men's Wedding Band,635.00,white.jpg,images/the-adonis-ring-round-brilliant-inlay-brushed-mens-ceremonial-band/white.jpg,"=HYPERLINK(""https://cdn.shopify.com/s/files/1/0544/6408/6189/files/White1080_Top_250_00000.jpg?v=1773198547"",""View ring"")",the-adonis-ring-round-brilliant-inlay-brushed-mens-ceremonial-band
,,,,"=IMAGE(""https://cdn.shopify.com/s/files/1/0544/6408/6189/files/Rose1080_Top_250_00000.jpg?v=1773198547"")",Wedding / Ceremonial,Rose Gold,The Adonis Ring - Round Brilliant Inlay Brushed Men's Wedding Band,635.00,rose.jpg,images/the-adonis-ring-round-brilliant-inlay-brushed-mens-ceremonial-band/rose.jpg,"=HYPERLINK(""https://cdn.shopify.com/s/files/1/0544/6408/6189/files/Rose1080_Top_250_00000.jpg?v=1773198547"",""View ring"")",the-adonis-ring-round-brilliant-inlay-brushed-mens-ceremonial-band
,,,,"=IMAGE(""https://cdn.shopify.com/s/files/1/0544/6408/6189/files/Yellow1080_Top_57_00000.jpg?v=1752041509"")",Wedding / Ceremonial,Yellow Gold,The Alexander Ring -  Round Brilliant Inlay Comfort Fit Men's Wedding Band,635.00,yellow.jpg,images/the-alexander-ring-round-brilliant-inlay-comfort-fit-mens-ceremonial-band/yellow.jpg,"=HYPERLINK(""https://cdn.shopify.com/s/files/1/0544/6408/6189/files/Yellow1080_Top_57_00000.jpg?v=1752041509"",""View ring"")",the-alexander-ring-round-brilliant-inlay-comfort-fit-mens-ceremonial-band
,,,,"=IMAGE(""https://cdn.shopify.com/s/files/1/0544/6408/6189/files/White1080_Top_57_00000.jpg?v=1752041509"")",Wedding / Ceremonial,White Gold,The Alexander Ring -  Round Brilliant Inlay Comfort Fit Men's Wedding Band,635.00,white.jpg,images/the-alexander-ring-round-brilliant-inlay-comfort-fit-mens-ceremonial-band/white.jpg,"=HYPERLINK(""https://cdn.shopify.com/s/files/1/0544/6408/6189/files/White1080_Top_57_00000.jpg?v=1752041509"",""View ring"")",the-alexander-ring-round-brilliant-inlay-comfort-fit-mens-ceremonial-band
,,,,"=IMAGE(""https://cdn.shopify.com/s/files/1/0544/6408/6189/files/Rose1080_Top_57_00000.jpg?v=1752041509"")",Wedding / Ceremonial,Rose Gold,The Alexander Ring -  Round Brilliant Inlay Comfort Fit Men's Wedding Band,635.00,rose.jpg,images/the-alexander-ring-round-brilliant-inlay-comfort-fit-mens-ceremonial-band/rose.jpg,"=HYPERLINK(""https://cdn.shopify.com/s/files/1/0544/6408/6189/files/Rose1080_Top_57_00000.jpg?v=1752041509"",""View ring"")",the-alexander-ring-round-brilliant-inlay-comfort-fit-mens-ceremonial-band
,,,,"=IMAGE(""https://cdn.shopify.com/s/files/1/0544/6408/6189/files/Top_6773oval_Yellow_00000.jpg?v=1701131715"")",Wedding / Ceremonial,Yellow Gold,The Harper Ring - Oval Bezel Wedding Ring,1508.00,yellow.jpg,images/the-harper-oval-bezel-ceremonial-ring/yellow.jpg,"=HYPERLINK(""https://cdn.shopify.com/s/files/1/0544/6408/6189/files/Top_6773oval_Yellow_00000.jpg?v=1701131715"",""View ring"")",the-harper-oval-bezel-ceremonial-ring
,,,,"=IMAGE(""https://cdn.shopify.com/s/files/1/0544/6408/6189/files/Top_6773oval_White_00000.jpg?v=1701131715"")",Wedding / Ceremonial,White Gold,The Harper Ring - Oval Bezel Wedding Ring,1508.00,white.jpg,images/the-harper-oval-bezel-ceremonial-ring/white.jpg,"=HYPERLINK(""https://cdn.shopify.com/s/files/1/0544/6408/6189/files/Top_6773oval_White_00000.jpg?v=1701131715"",""View ring"")",the-harper-oval-bezel-ceremonial-ring
,,,,"=IMAGE(""https://cdn.shopify.com/s/files/1/0544/6408/6189/files/Top_6773oval_Rose_00000.jpg?v=1701131715"")",Wedding / Ceremonial,Rose Gold,The Harper Ring - Oval Bezel Wedding Ring,1508.00,rose.jpg,images/the-harper-oval-bezel-ceremonial-ring/rose.jpg,"=HYPERLINK(""https://cdn.shopify.com/s/files/1/0544/6408/6189/files/Top_6773oval_Rose_00000.jpg?v=1701131715"",""View ring"")",the-harper-oval-bezel-ceremonial-ring
,,,,"=IMAGE(""https://cdn.shopify.com/s/files/1/0544/6408/6189/files/Top_6773pear_Yellow_00000.jpg?v=1701132027"")",Wedding / Ceremonial,Yellow Gold,The Harper Ring - Pear Bezel Wedding Ring,1481.00,yellow.jpg,images/the-harper-pear-bezel-ceremonial-ring/yellow.jpg,"=HYPERLINK(""https://cdn.shopify.com/s/files/1/0544/6408/6189/files/Top_6773pear_Yellow_00000.jpg?v=1701132027"",""View ring"")",the-harper-pear-bezel-ceremonial-ring
,,,,"=IMAGE(""https://cdn.shopify.com/s/files/1/0544/6408/6189/files/Top_6773pear_White_00000.jpg?v=1757046164"")",Wedding / Ceremonial,White Gold,The Harper Ring - Pear Bezel Wedding Ring,1481.00,white.jpg,images/the-harper-pear-bezel-ceremonial-ring/white.jpg,"=HYPERLINK(""https://cdn.shopify.com/s/files/1/0544/6408/6189/files/Top_6773pear_White_00000.jpg?v=1757046164"",""View ring"")",the-harper-pear-bezel-ceremonial-ring
,,,,"=IMAGE(""https://cdn.shopify.com/s/files/1/0544/6408/6189/files/Top_6773pear_Rose_00000.jpg?v=1757046164"")",Wedding / Ceremonial,Rose Gold,The Harper Ring - Pear Bezel Wedding Ring,1481.00,rose.jpg,images/the-harper-pear-bezel-ceremonial-ring/rose.jpg,"=HYPERLINK(""https://cdn.shopify.com/s/files/1/0544/6408/6189/files/Top_6773pear_Rose_00000.jpg?v=1757046164"",""View ring"")",the-harper-pear-bezel-ceremonial-ring
,,,,"=IMAGE(""https://cdn.shopify.com/s/files/1/0544/6408/6189/files/Top_6773round_Yellow_00000.jpg?v=1701132058"")",Wedding / Ceremonial,Yellow Gold,The Harper Ring - Round Bezel Wedding Ring,1455.00,yellow.jpg,images/the-harper-round-bezel-ceremonial-ring/yellow.jpg,"=HYPERLINK(""https://cdn.shopify.com/s/files/1/0544/6408/6189/files/Top_6773round_Yellow_00000.jpg?v=1701132058"",""View ring"")",the-harper-round-bezel-ceremonial-ring
,,,,"=IMAGE(""https://cdn.shopify.com/s/files/1/0544/6408/6189/files/Top_6773round_White_00000.jpg?v=1759880807"")",Wedding / Ceremonial,White Gold,The Harper Ring - Round Bezel Wedding Ring,1455.00,white.jpg,images/the-harper-round-bezel-ceremonial-ring/white.jpg,"=HYPERLINK(""https://cdn.shopify.com/s/files/1/0544/6408/6189/files/Top_6773round_White_00000.jpg?v=1759880807"",""View ring"")",the-harper-round-bezel-ceremonial-ring
,,,,"=IMAGE(""https://cdn.shopify.com/s/files/1/0544/6408/6189/files/Top_6773round_Rose_00000.jpg?v=1759880807"")",Wedding / Ceremonial,Rose Gold,The Harper Ring - Round Bezel Wedding Ring,1455.00,rose.jpg,images/the-harper-round-bezel-ceremonial-ring/rose.jpg,"=HYPERLINK(""https://cdn.shopify.com/s/files/1/0544/6408/6189/files/Top_6773round_Rose_00000.jpg?v=1759880807"",""View ring"")",the-harper-round-bezel-ceremonial-ring
,,,,"=IMAGE(""https://cdn.shopify.com/s/files/1/0544/6408/6189/files/Top_6773emerald_Yellow_00000.jpg?v=1701131511"")",Wedding / Ceremonial,Yellow Gold,The Harper Ring - Emerald Bezel Wedding Ring,1693.00,yellow.jpg,images/the-harper-emerald-bezel-ceremonial-ring/yellow.jpg,"=HYPERLINK(""https://cdn.shopify.com/s/files/1/0544/6408/6189/files/Top_6773emerald_Yellow_00000.jpg?v=1701131511"",""View ring"")",the-harper-emerald-bezel-ceremonial-ring
,,,,"=IMAGE(""https://cdn.shopify.com/s/files/1/0544/6408/6189/files/Top_6773emerald_White_00000.jpg?v=1737507922"")",Wedding / Ceremonial,White Gold,The Harper Ring - Emerald Bezel Wedding Ring,1693.00,white.jpg,images/the-harper-emerald-bezel-ceremonial-ring/white.jpg,"=HYPERLINK(""https://cdn.shopify.com/s/files/1/0544/6408/6189/files/Top_6773emerald_White_00000.jpg?v=1737507922"",""View ring"")",the-harper-emerald-bezel-ceremonial-ring
,,,,"=IMAGE(""https://cdn.shopify.com/s/files/1/0544/6408/6189/files/Top_6773emerald_Rose_00000.jpg?v=1737507922"")",Wedding / Ceremonial,Rose Gold,The Harper Ring - Emerald Bezel Wedding Ring,1693.00,rose.jpg,images/the-harper-emerald-bezel-ceremonial-ring/rose.jpg,"=HYPERLINK(""https://cdn.shopify.com/s/files/1/0544/6408/6189/files/Top_6773emerald_Rose_00000.jpg?v=1737507922"",""View ring"")",the-harper-emerald-bezel-ceremonial-ring
,,,,,Wedding / Ceremonial,Yellow Gold,The Markos Ring - Brushed Ezi Fit Men's Wedding Band,212.00,,,,the-markos-ring-brushed-ezi-fit-mens-ceremonial-band
,,,,,Wedding / Ceremonial,White Gold,The Markos Ring - Brushed Ezi Fit Men's Wedding Band,212.00,,,,the-markos-ring-brushed-ezi-fit-mens-ceremonial-band
,,,,,Wedding / Ceremonial,Rose Gold,The Markos Ring - Brushed Ezi Fit Men's Wedding Band,212.00,,,,the-markos-ring-brushed-ezi-fit-mens-ceremonial-band
,,,,,Wedding / Ceremonial,Yellow Gold,The Emrys Ring - Classic Comfort Fit Men's Wedding Band,212.00,,,,the-emrys-ring-classic-comfort-fit-mens-ceremonial-band
,,,,,Wedding / Ceremonial,White Gold,The Emrys Ring - Classic Comfort Fit Men's Wedding Band,212.00,,,,the-emrys-ring-classic-comfort-fit-mens-ceremonial-band
,,,,,Wedding / Ceremonial,Rose Gold,The Emrys Ring - Classic Comfort Fit Men's Wedding Band,212.00,,,,the-emrys-ring-classic-comfort-fit-mens-ceremonial-band
,,,,"=IMAGE(""https://cdn.shopify.com/s/files/1/0544/6408/6189/files/Yellow1080_Top_52_00000.jpg?v=1752037656"")",Wedding / Ceremonial,Yellow Gold,The Hugo Ring - Brushed Dual Grooved Men's Wedding Band,556.00,yellow.jpg,images/the-hugo-ring-brushed-dual-grooved-mens-ceremonial-band/yellow.jpg,"=HYPERLINK(""https://cdn.shopify.com/s/files/1/0544/6408/6189/files/Yellow1080_Top_52_00000.jpg?v=1752037656"",""View ring"")",the-hugo-ring-brushed-dual-grooved-mens-ceremonial-band
,,,,"=IMAGE(""https://cdn.shopify.com/s/files/1/0544/6408/6189/files/White1080_Top_52_00000.jpg?v=1773197995"")",Wedding / Ceremonial,White Gold,The Hugo Ring - Brushed Dual Grooved Men's Wedding Band,556.00,white.jpg,images/the-hugo-ring-brushed-dual-grooved-mens-ceremonial-band/white.jpg,"=HYPERLINK(""https://cdn.shopify.com/s/files/1/0544/6408/6189/files/White1080_Top_52_00000.jpg?v=1773197995"",""View ring"")",the-hugo-ring-brushed-dual-grooved-mens-ceremonial-band
,,,,"=IMAGE(""https://cdn.shopify.com/s/files/1/0544/6408/6189/files/Rose1080_Top_52_00000.jpg?v=1773197995"")",Wedding / Ceremonial,Rose Gold,The Hugo Ring - Brushed Dual Grooved Men's Wedding Band,556.00,rose.jpg,images/the-hugo-ring-brushed-dual-grooved-mens-ceremonial-band/rose.jpg,"=HYPERLINK(""https://cdn.shopify.com/s/files/1/0544/6408/6189/files/Rose1080_Top_52_00000.jpg?v=1773197995"",""View ring"")",the-hugo-ring-brushed-dual-grooved-mens-ceremonial-band
,,,,"=IMAGE(""https://cdn.shopify.com/s/files/1/0544/6408/6189/files/Yellow1080_Top_18656_00000.jpg?v=1769475764"")",Wedding / Ceremonial,Yellow Gold,The Argo Ring - Brushed Step Edge Men's Wedding Band,556.00,yellow.jpg,images/the-argo-ring-brushed-step-edge-mens-ceremonial-band/yellow.jpg,"=HYPERLINK(""https://cdn.shopify.com/s/files/1/0544/6408/6189/files/Yellow1080_Top_18656_00000.jpg?v=1769475764"",""View ring"")",the-argo-ring-brushed-step-edge-mens-ceremonial-band
,,,,"=IMAGE(""https://cdn.shopify.com/s/files/1/0544/6408/6189/files/White1080_Top_18656_00000.jpg?v=1769475764"")",Wedding / Ceremonial,White Gold,The Argo Ring - Brushed Step Edge Men's Wedding Band,556.00,white.jpg,images/the-argo-ring-brushed-step-edge-mens-ceremonial-band/white.jpg,"=HYPERLINK(""https://cdn.shopify.com/s/files/1/0544/6408/6189/files/White1080_Top_18656_00000.jpg?v=1769475764"",""View ring"")",the-argo-ring-brushed-step-edge-mens-ceremonial-band
,,,,"=IMAGE(""https://cdn.shopify.com/s/files/1/0544/6408/6189/files/Rose1080_Top_18656_00000.jpg?v=1769475764"")",Wedding / Ceremonial,Rose Gold,The Argo Ring - Brushed Step Edge Men's Wedding Band,556.00,rose.jpg,images/the-argo-ring-brushed-step-edge-mens-ceremonial-band/rose.jpg,"=HYPERLINK(""https://cdn.shopify.com/s/files/1/0544/6408/6189/files/Rose1080_Top_18656_00000.jpg?v=1769475764"",""View ring"")",the-argo-ring-brushed-step-edge-mens-ceremonial-band
,,,,"=IMAGE(""https://cdn.shopify.com/s/files/1/0544/6408/6189/files/Top_6304_Yellow_00000.jpg?v=1699922377"")",Wedding / Ceremonial,Yellow Gold,The Carlo Ring - Chevron Men's Wedding Band,529.00,yellow.jpg,images/chevron-cut-out-mens-ceremonial-band/yellow.jpg,"=HYPERLINK(""https://cdn.shopify.com/s/files/1/0544/6408/6189/files/Top_6304_Yellow_00000.jpg?v=1699922377"",""View ring"")",chevron-cut-out-mens-ceremonial-band
,,,,"=IMAGE(""https://cdn.shopify.com/s/files/1/0544/6408/6189/files/Top_6304_White_00000.jpg?v=1773198478"")",Wedding / Ceremonial,White Gold,The Carlo Ring - Chevron Men's Wedding Band,529.00,white.jpg,images/chevron-cut-out-mens-ceremonial-band/white.jpg,"=HYPERLINK(""https://cdn.shopify.com/s/files/1/0544/6408/6189/files/Top_6304_White_00000.jpg?v=1773198478"",""View ring"")",chevron-cut-out-mens-ceremonial-band
,,,,"=IMAGE(""https://cdn.shopify.com/s/files/1/0544/6408/6189/files/Top_6304_Rose_00000.jpg?v=1773198478"")",Wedding / Ceremonial,Rose Gold,The Carlo Ring - Chevron Men's Wedding Band,529.00,rose.jpg,images/chevron-cut-out-mens-ceremonial-band/rose.jpg,"=HYPERLINK(""https://cdn.shopify.com/s/files/1/0544/6408/6189/files/Top_6304_Rose_00000.jpg?v=1773198478"",""View ring"")",chevron-cut-out-mens-ceremonial-band
,,,,"=IMAGE(""https://cdn.shopify.com/s/files/1/0544/6408/6189/files/Yellow1080_Top_204_00000_1.jpg?v=1760492034"")",Wedding / Ceremonial,Yellow Gold,The Arlo Ring - Brushed Soft Chamfered Edge Men’s Wedding Band,635.00,yellow.jpg,images/the-arlo-ring-brushed-soft-chamfered-edge-men-s-ceremonial-band/yellow.jpg,"=HYPERLINK(""https://cdn.shopify.com/s/files/1/0544/6408/6189/files/Yellow1080_Top_204_00000_1.jpg?v=1760492034"",""View ring"")",the-arlo-ring-brushed-soft-chamfered-edge-men-s-ceremonial-band
,,,,"=IMAGE(""https://cdn.shopify.com/s/files/1/0544/6408/6189/files/White1080_Top_204_00000_1.jpg?v=1773205746"")",Wedding / Ceremonial,White Gold,The Arlo Ring - Brushed Soft Chamfered Edge Men’s Wedding Band,635.00,white.jpg,images/the-arlo-ring-brushed-soft-chamfered-edge-men-s-ceremonial-band/white.jpg,"=HYPERLINK(""https://cdn.shopify.com/s/files/1/0544/6408/6189/files/White1080_Top_204_00000_1.jpg?v=1773205746"",""View ring"")",the-arlo-ring-brushed-soft-chamfered-edge-men-s-ceremonial-band
,,,,"=IMAGE(""https://cdn.shopify.com/s/files/1/0544/6408/6189/files/Rose1080_Top_204_00000_1.jpg?v=1773205746"")",Wedding / Ceremonial,Rose Gold,The Arlo Ring - Brushed Soft Chamfered Edge Men’s Wedding Band,635.00,rose.jpg,images/the-arlo-ring-brushed-soft-chamfered-edge-men-s-ceremonial-band/rose.jpg,"=HYPERLINK(""https://cdn.shopify.com/s/files/1/0544/6408/6189/files/Rose1080_Top_204_00000_1.jpg?v=1773205746"",""View ring"")",the-arlo-ring-brushed-soft-chamfered-edge-men-s-ceremonial-band
,,,,"=IMAGE(""https://cdn.shopify.com/s/files/1/0544/6408/6189/files/Yellow1080_Top_61_00000.jpg?v=1752044184"")",Wedding / Ceremonial,Yellow Gold,The Adrian Ring - Double Groove Men's Wedding Band,609.00,yellow.jpg,images/the-adrian-ring-step-edge-mens-ceremonial-band/yellow.jpg,"=HYPERLINK(""https://cdn.shopify.com/s/files/1/0544/6408/6189/files/Yellow1080_Top_61_00000.jpg?v=1752044184"",""View ring"")",the-adrian-ring-step-edge-mens-ceremonial-band
,,,,"=IMAGE(""https://cdn.shopify.com/s/files/1/0544/6408/6189/files/White1080_Top_61_00000.jpg?v=1773197392"")",Wedding / Ceremonial,White Gold,The Adrian Ring - Double Groove Men's Wedding Band,609.00,white.jpg,images/the-adrian-ring-step-edge-mens-ceremonial-band/white.jpg,"=HYPERLINK(""https://cdn.shopify.com/s/files/1/0544/6408/6189/files/White1080_Top_61_00000.jpg?v=1773197392"",""View ring"")",the-adrian-ring-step-edge-mens-ceremonial-band
,,,,"=IMAGE(""https://cdn.shopify.com/s/files/1/0544/6408/6189/files/Rose1080_Top_61_00000.jpg?v=1773197392"")",Wedding / Ceremonial,Rose Gold,The Adrian Ring - Double Groove Men's Wedding Band,609.00,rose.jpg,images/the-adrian-ring-step-edge-mens-ceremonial-band/rose.jpg,"=HYPERLINK(""https://cdn.shopify.com/s/files/1/0544/6408/6189/files/Rose1080_Top_61_00000.jpg?v=1773197392"",""View ring"")",the-adrian-ring-step-edge-mens-ceremonial-band
,,,,"=IMAGE(""https://cdn.shopify.com/s/files/1/0544/6408/6189/files/Yellow1080_Top_62_00000.jpg?v=1752044707"")",Wedding / Ceremonial,Yellow Gold,The Atlas Ring - Brushed Modular Men's Wedding Band,820.00,yellow.jpg,images/the-atlas-ring-brushed-modular-mens-ceremonial-band/yellow.jpg,"=HYPERLINK(""https://cdn.shopify.com/s/files/1/0544/6408/6189/files/Yellow1080_Top_62_00000.jpg?v=1752044707"",""View ring"")",the-atlas-ring-brushed-modular-mens-ceremonial-band
,,,,"=IMAGE(""https://cdn.shopify.com/s/files/1/0544/6408/6189/files/White1080_Top_62_00000copy.jpg?v=1773198179"")",Wedding / Ceremonial,White Gold,The Atlas Ring - Brushed Modular Men's Wedding Band,820.00,white.jpg,images/the-atlas-ring-brushed-modular-mens-ceremonial-band/white.jpg,"=HYPERLINK(""https://cdn.shopify.com/s/files/1/0544/6408/6189/files/White1080_Top_62_00000copy.jpg?v=1773198179"",""View ring"")",the-atlas-ring-brushed-modular-mens-ceremonial-band
,,,,"=IMAGE(""https://cdn.shopify.com/s/files/1/0544/6408/6189/files/Rose1080_Top_62_00000copy.jpg?v=1773198179"")",Wedding / Ceremonial,Rose Gold,The Atlas Ring - Brushed Modular Men's Wedding Band,820.00,rose.jpg,images/the-atlas-ring-brushed-modular-mens-ceremonial-band/rose.jpg,"=HYPERLINK(""https://cdn.shopify.com/s/files/1/0544/6408/6189/files/Rose1080_Top_62_00000copy.jpg?v=1773198179"",""View ring"")",the-atlas-ring-brushed-modular-mens-ceremonial-band
,,,,"=IMAGE(""https://cdn.shopify.com/s/files/1/0544/6408/6189/files/Yellow1080_Top_Horizontalprongpearband_00000.jpg?v=1727669932"")",Wedding / Ceremonial,Yellow Gold,The Lucie Ring - Horizontal Pear Wedding Ring,910.00,yellow.jpg,images/the-lucie-ring-horizontal-pear-wedding-band/yellow.jpg,"=HYPERLINK(""https://cdn.shopify.com/s/files/1/0544/6408/6189/files/Yellow1080_Top_Horizontalprongpearband_00000.jpg?v=1727669932"",""View ring"")",the-lucie-ring-horizontal-pear-wedding-band
,,,,"=IMAGE(""https://cdn.shopify.com/s/files/1/0544/6408/6189/files/White1080_Top_Horizontalprongpearband_00000.jpg?v=1738102413"")",Wedding / Ceremonial,White Gold,The Lucie Ring - Horizontal Pear Wedding Ring,910.00,white.jpg,images/the-lucie-ring-horizontal-pear-wedding-band/white.jpg,"=HYPERLINK(""https://cdn.shopify.com/s/files/1/0544/6408/6189/files/White1080_Top_Horizontalprongpearband_00000.jpg?v=1738102413"",""View ring"")",the-lucie-ring-horizontal-pear-wedding-band
,,,,"=IMAGE(""https://cdn.shopify.com/s/files/1/0544/6408/6189/files/Rose1080_Top_Horizontalprongpearband_00000.jpg?v=1738102413"")",Wedding / Ceremonial,Rose Gold,The Lucie Ring - Horizontal Pear Wedding Ring,910.00,rose.jpg,images/the-lucie-ring-horizontal-pear-wedding-band/rose.jpg,"=HYPERLINK(""https://cdn.shopify.com/s/files/1/0544/6408/6189/files/Rose1080_Top_Horizontalprongpearband_00000.jpg?v=1738102413"",""View ring"")",the-lucie-ring-horizontal-pear-wedding-band
,,,,"=IMAGE(""https://cdn.shopify.com/s/files/1/0544/6408/6189/files/Yellow1080_Top_RoundBrilliantband_00000.jpg?v=1727674184"")",Wedding / Ceremonial,Yellow Gold,The Violette Ring - Round Brilliant Wedding Ring,926.00,yellow.jpg,images/the-violette-ring-round-brilliant-wedding-band/yellow.jpg,"=HYPERLINK(""https://cdn.shopify.com/s/files/1/0544/6408/6189/files/Yellow1080_Top_RoundBrilliantband_00000.jpg?v=1727674184"",""View ring"")",the-violette-ring-round-brilliant-wedding-band
,,,,"=IMAGE(""https://cdn.shopify.com/s/files/1/0544/6408/6189/files/White1080_Top_RoundBrilliantband_00000.jpg?v=1738106987"")",Wedding / Ceremonial,White Gold,The Violette Ring - Round Brilliant Wedding Ring,926.00,white.jpg,images/the-violette-ring-round-brilliant-wedding-band/white.jpg,"=HYPERLINK(""https://cdn.shopify.com/s/files/1/0544/6408/6189/files/White1080_Top_RoundBrilliantband_00000.jpg?v=1738106987"",""View ring"")",the-violette-ring-round-brilliant-wedding-band
,,,,"=IMAGE(""https://cdn.shopify.com/s/files/1/0544/6408/6189/files/Rose1080_Top_RoundBrilliantband_00000.jpg?v=1738106987"")",Wedding / Ceremonial,Rose Gold,The Violette Ring - Round Brilliant Wedding Ring,926.00,rose.jpg,images/the-violette-ring-round-brilliant-wedding-band/rose.jpg,"=HYPERLINK(""https://cdn.shopify.com/s/files/1/0544/6408/6189/files/Rose1080_Top_RoundBrilliantband_00000.jpg?v=1738106987"",""View ring"")",the-violette-ring-round-brilliant-wedding-band
,,,,"=IMAGE(""https://cdn.shopify.com/s/files/1/0544/6408/6189/files/Top_6660_Yellow_00000.jpg?v=1752723282"")",Wedding / Ceremonial,Yellow Gold,The Freya Ring - Marquise Ring,1032.00,yellow.jpg,images/the-freya-ring-marquise-band/yellow.jpg,"=HYPERLINK(""https://cdn.shopify.com/s/files/1/0544/6408/6189/files/Top_6660_Yellow_00000.jpg?v=1752723282"",""View ring"")",the-freya-ring-marquise-band
,,,,"=IMAGE(""https://cdn.shopify.com/s/files/1/0544/6408/6189/files/Top_6660_White_00000.jpg?v=1752723282"")",Wedding / Ceremonial,White Gold,The Freya Ring - Marquise Ring,1032.00,white.jpg,images/the-freya-ring-marquise-band/white.jpg,"=HYPERLINK(""https://cdn.shopify.com/s/files/1/0544/6408/6189/files/Top_6660_White_00000.jpg?v=1752723282"",""View ring"")",the-freya-ring-marquise-band
,,,,"=IMAGE(""https://cdn.shopify.com/s/files/1/0544/6408/6189/files/Top_6660_Rose_00000.jpg?v=1752723282"")",Wedding / Ceremonial,Rose Gold,The Freya Ring - Marquise Ring,1032.00,rose.jpg,images/the-freya-ring-marquise-band/rose.jpg,"=HYPERLINK(""https://cdn.shopify.com/s/files/1/0544/6408/6189/files/Top_6660_Rose_00000.jpg?v=1752723282"",""View ring"")",the-freya-ring-marquise-band
,,,,,Wedding / Ceremonial,Yellow Gold,The Brea Ring - Baguette Ring,2169.00,,,,the-brea-ring-baguette-band
,,,,,Wedding / Ceremonial,White Gold,The Brea Ring - Baguette Ring,2169.00,,,,the-brea-ring-baguette-band
,,,,,Wedding / Ceremonial,Rose Gold,The Brea Ring - Baguette Ring,2169.00,,,,the-brea-ring-baguette-band
,,,,"=IMAGE(""https://cdn.shopify.com/s/files/1/0544/6408/6189/files/Yellow1080_Top_DomeCeremonialring_00000.jpg?v=1738798898"")",Wedding / Ceremonial,Yellow Gold,The Classic Domed Wedding Ring,820.00,yellow.jpg,images/classic-domed-ceremonial-band/yellow.jpg,"=HYPERLINK(""https://cdn.shopify.com/s/files/1/0544/6408/6189/files/Yellow1080_Top_DomeCeremonialring_00000.jpg?v=1738798898"",""View ring"")",classic-domed-ceremonial-band
,,,,"=IMAGE(""https://cdn.shopify.com/s/files/1/0544/6408/6189/files/White1080_Top_DomeCeremonialring_00000.jpg?v=1759879125"")",Wedding / Ceremonial,White Gold,The Classic Domed Wedding Ring,820.00,white.jpg,images/classic-domed-ceremonial-band/white.jpg,"=HYPERLINK(""https://cdn.shopify.com/s/files/1/0544/6408/6189/files/White1080_Top_DomeCeremonialring_00000.jpg?v=1759879125"",""View ring"")",classic-domed-ceremonial-band
,,,,"=IMAGE(""https://cdn.shopify.com/s/files/1/0544/6408/6189/files/Rose1080_Top_DomeCeremonialring_00000.jpg?v=1759879125"")",Wedding / Ceremonial,Rose Gold,The Classic Domed Wedding Ring,820.00,rose.jpg,images/classic-domed-ceremonial-band/rose.jpg,"=HYPERLINK(""https://cdn.shopify.com/s/files/1/0544/6408/6189/files/Rose1080_Top_DomeCeremonialring_00000.jpg?v=1759879125"",""View ring"")",classic-domed-ceremonial-band
,,,,"=IMAGE(""https://cdn.shopify.com/s/files/1/0544/6408/6189/files/Yellow1080_Top_4_00000.jpg?v=1770761819"")",Wedding / Ceremonial,Yellow Gold,The Orion Ring - Milgrain-Detail Men's Wedding Band,556.00,yellow.jpg,images/the-orion-ring-brushed-milgrain-detail-mens-ceremonial-band/yellow.jpg,"=HYPERLINK(""https://cdn.shopify.com/s/files/1/0544/6408/6189/files/Yellow1080_Top_4_00000.jpg?v=1770761819"",""View ring"")",the-orion-ring-brushed-milgrain-detail-mens-ceremonial-band
,,,,"=IMAGE(""https://cdn.shopify.com/s/files/1/0544/6408/6189/files/White1080_Top_4_00000.jpg?v=1773197650"")",Wedding / Ceremonial,White Gold,The Orion Ring - Milgrain-Detail Men's Wedding Band,556.00,white.jpg,images/the-orion-ring-brushed-milgrain-detail-mens-ceremonial-band/white.jpg,"=HYPERLINK(""https://cdn.shopify.com/s/files/1/0544/6408/6189/files/White1080_Top_4_00000.jpg?v=1773197650"",""View ring"")",the-orion-ring-brushed-milgrain-detail-mens-ceremonial-band
,,,,"=IMAGE(""https://cdn.shopify.com/s/files/1/0544/6408/6189/files/Rose1080_Top_4_00000.jpg?v=1773197650"")",Wedding / Ceremonial,Rose Gold,The Orion Ring - Milgrain-Detail Men's Wedding Band,556.00,rose.jpg,images/the-orion-ring-brushed-milgrain-detail-mens-ceremonial-band/rose.jpg,"=HYPERLINK(""https://cdn.shopify.com/s/files/1/0544/6408/6189/files/Rose1080_Top_4_00000.jpg?v=1773197650"",""View ring"")",the-orion-ring-brushed-milgrain-detail-mens-ceremonial-band
,,,,"=IMAGE(""https://cdn.shopify.com/s/files/1/0544/6408/6189/files/Yellow1080_Top_56_00000.jpg?v=1752040898"")",Wedding / Ceremonial,Yellow Gold,The Evander Ring - Brushed Statement Men's Wedding Band,582.00,yellow.jpg,images/the-evander-ring-brushed-statement-mens-ceremonial-band/yellow.jpg,"=HYPERLINK(""https://cdn.shopify.com/s/files/1/0544/6408/6189/files/Yellow1080_Top_56_00000.jpg?v=1752040898"",""View ring"")",the-evander-ring-brushed-statement-mens-ceremonial-band
,,,,"=IMAGE(""https://cdn.shopify.com/s/files/1/0544/6408/6189/files/White1080_Top_56_00000.jpg?v=1752040898"")",Wedding / Ceremonial,White Gold,The Evander Ring - Brushed Statement Men's Wedding Band,582.00,white.jpg,images/the-evander-ring-brushed-statement-mens-ceremonial-band/white.jpg,"=HYPERLINK(""https://cdn.shopify.com/s/files/1/0544/6408/6189/files/White1080_Top_56_00000.jpg?v=1752040898"",""View ring"")",the-evander-ring-brushed-statement-mens-ceremonial-band
,,,,"=IMAGE(""https://cdn.shopify.com/s/files/1/0544/6408/6189/files/Rose1080_Top_56_00000.jpg?v=1752040898"")",Wedding / Ceremonial,Rose Gold,The Evander Ring - Brushed Statement Men's Wedding Band,582.00,rose.jpg,images/the-evander-ring-brushed-statement-mens-ceremonial-band/rose.jpg,"=HYPERLINK(""https://cdn.shopify.com/s/files/1/0544/6408/6189/files/Rose1080_Top_56_00000.jpg?v=1752040898"",""View ring"")",the-evander-ring-brushed-statement-mens-ceremonial-band
,,,,"=IMAGE(""https://cdn.shopify.com/s/files/1/0544/6408/6189/files/Yellow1080_Top_53_00000.jpg?v=1752038086"")",Wedding / Ceremonial,Yellow Gold,The Erasmuz Ring - Brushed Milgrain-Detail Men's Wedding Band,529.00,yellow.jpg,images/the-erasmuz-ring-brushed-milgrain-detail-mens-ceremonial-band/yellow.jpg,"=HYPERLINK(""https://cdn.shopify.com/s/files/1/0544/6408/6189/files/Yellow1080_Top_53_00000.jpg?v=1752038086"",""View ring"")",the-erasmuz-ring-brushed-milgrain-detail-mens-ceremonial-band
,,,,"=IMAGE(""https://cdn.shopify.com/s/files/1/0544/6408/6189/files/White1080_Top_53_00000.jpg?v=1773197577"")",Wedding / Ceremonial,White Gold,The Erasmuz Ring - Brushed Milgrain-Detail Men's Wedding Band,529.00,white.jpg,images/the-erasmuz-ring-brushed-milgrain-detail-mens-ceremonial-band/white.jpg,"=HYPERLINK(""https://cdn.shopify.com/s/files/1/0544/6408/6189/files/White1080_Top_53_00000.jpg?v=1773197577"",""View ring"")",the-erasmuz-ring-brushed-milgrain-detail-mens-ceremonial-band
,,,,"=IMAGE(""https://cdn.shopify.com/s/files/1/0544/6408/6189/files/Rose1080_Top_53_00000.jpg?v=1773197577"")",Wedding / Ceremonial,Rose Gold,The Erasmuz Ring - Brushed Milgrain-Detail Men's Wedding Band,529.00,rose.jpg,images/the-erasmuz-ring-brushed-milgrain-detail-mens-ceremonial-band/rose.jpg,"=HYPERLINK(""https://cdn.shopify.com/s/files/1/0544/6408/6189/files/Rose1080_Top_53_00000.jpg?v=1773197577"",""View ring"")",the-erasmuz-ring-brushed-milgrain-detail-mens-ceremonial-band
,,,,"=IMAGE(""https://cdn.shopify.com/s/files/1/0544/6408/6189/files/Top_5932_Yellow_00000.jpg?v=1699922950"")",Wedding / Ceremonial,Yellow Gold,The Harlow Ring - Dainty Round Brilliant Ring,577.00,yellow.jpg,images/the-harlow-ring-dainty-band/yellow.jpg,"=HYPERLINK(""https://cdn.shopify.com/s/files/1/0544/6408/6189/files/Top_5932_Yellow_00000.jpg?v=1699922950"",""View ring"")",the-harlow-ring-dainty-band
,,,,"=IMAGE(""https://cdn.shopify.com/s/files/1/0544/6408/6189/files/Top_5932_White_00000.jpg?v=1744773391"")",Wedding / Ceremonial,White Gold,The Harlow Ring - Dainty Round Brilliant Ring,577.00,white.jpg,images/the-harlow-ring-dainty-band/white.jpg,"=HYPERLINK(""https://cdn.shopify.com/s/files/1/0544/6408/6189/files/Top_5932_White_00000.jpg?v=1744773391"",""View ring"")",the-harlow-ring-dainty-band
,,,,"=IMAGE(""https://cdn.shopify.com/s/files/1/0544/6408/6189/files/Top_5932_Rose_00000.jpg?v=1744773391"")",Wedding / Ceremonial,Rose Gold,The Harlow Ring - Dainty Round Brilliant Ring,577.00,rose.jpg,images/the-harlow-ring-dainty-band/rose.jpg,"=HYPERLINK(""https://cdn.shopify.com/s/files/1/0544/6408/6189/files/Top_5932_Rose_00000.jpg?v=1744773391"",""View ring"")",the-harlow-ring-dainty-band
,,,,"=IMAGE(""https://cdn.shopify.com/s/files/1/0544/6408/6189/files/Top_5818_Yellow_00000.jpg?v=1699923335"")",Wedding / Ceremonial,Yellow Gold,The Zuri Ring - Dainty Marquise Ring,577.00,yellow.jpg,images/the-zuri-ring-dainty-marquise-band/yellow.jpg,"=HYPERLINK(""https://cdn.shopify.com/s/files/1/0544/6408/6189/files/Top_5818_Yellow_00000.jpg?v=1699923335"",""View ring"")",the-zuri-ring-dainty-marquise-band
,,,,"=IMAGE(""https://cdn.shopify.com/s/files/1/0544/6408/6189/files/Top_5818_White_00000.jpg?v=1744773550"")",Wedding / Ceremonial,White Gold,The Zuri Ring - Dainty Marquise Ring,577.00,white.jpg,images/the-zuri-ring-dainty-marquise-band/white.jpg,"=HYPERLINK(""https://cdn.shopify.com/s/files/1/0544/6408/6189/files/Top_5818_White_00000.jpg?v=1744773550"",""View ring"")",the-zuri-ring-dainty-marquise-band
,,,,"=IMAGE(""https://cdn.shopify.com/s/files/1/0544/6408/6189/files/Top_5818_Rose_00000.jpg?v=1744773550"")",Wedding / Ceremonial,Rose Gold,The Zuri Ring - Dainty Marquise Ring,577.00,rose.jpg,images/the-zuri-ring-dainty-marquise-band/rose.jpg,"=HYPERLINK(""https://cdn.shopify.com/s/files/1/0544/6408/6189/files/Top_5818_Rose_00000.jpg?v=1744773550"",""View ring"")",the-zuri-ring-dainty-marquise-band
,,,,"=IMAGE(""https://cdn.shopify.com/s/files/1/0544/6408/6189/files/Top_6_Yellow_00000_469835a3-7dee-4ffe-ae51-80cceadb8a25.jpg?v=1699923639"")",Wedding / Ceremonial,Yellow Gold,The Kiah Ring - Dainty Baguette Ring,577.00,yellow.jpg,images/the-kiah-ring-dainty-baguette-band/yellow.jpg,"=HYPERLINK(""https://cdn.shopify.com/s/files/1/0544/6408/6189/files/Top_6_Yellow_00000_469835a3-7dee-4ffe-ae51-80cceadb8a25.jpg?v=1699923639"",""View ring"")",the-kiah-ring-dainty-baguette-band
,,,,"=IMAGE(""https://cdn.shopify.com/s/files/1/0544/6408/6189/files/Top_6_White_00000_a84aa2d3-47c1-4c87-bd05-c58e51d92e29.jpg?v=1744773495"")",Wedding / Ceremonial,White Gold,The Kiah Ring - Dainty Baguette Ring,577.00,white.jpg,images/the-kiah-ring-dainty-baguette-band/white.jpg,"=HYPERLINK(""https://cdn.shopify.com/s/files/1/0544/6408/6189/files/Top_6_White_00000_a84aa2d3-47c1-4c87-bd05-c58e51d92e29.jpg?v=1744773495"",""View ring"")",the-kiah-ring-dainty-baguette-band
,,,,"=IMAGE(""https://cdn.shopify.com/s/files/1/0544/6408/6189/files/Top_6_Rose_00000_a9803652-556e-4541-aebb-e1f769651476.jpg?v=1744773495"")",Wedding / Ceremonial,Rose Gold,The Kiah Ring - Dainty Baguette Ring,577.00,rose.jpg,images/the-kiah-ring-dainty-baguette-band/rose.jpg,"=HYPERLINK(""https://cdn.shopify.com/s/files/1/0544/6408/6189/files/Top_6_Rose_00000_a9803652-556e-4541-aebb-e1f769651476.jpg?v=1744773495"",""View ring"")",the-kiah-ring-dainty-baguette-band
,,,,"=IMAGE(""https://cdn.shopify.com/s/files/1/0544/6408/6189/files/Top_band_2_yellow_00000copy.jpg?v=1700538103"")",Wedding / Ceremonial,Yellow Gold,The Clara Ring - Cultured Sapphire Wedding Ring,577.00,yellow.jpg,images/the-chyra-sapphire-ring-dainty-round-brilliant-band/yellow.jpg,"=HYPERLINK(""https://cdn.shopify.com/s/files/1/0544/6408/6189/files/Top_band_2_yellow_00000copy.jpg?v=1700538103"",""View ring"")",the-chyra-sapphire-ring-dainty-round-brilliant-band
,,,,"=IMAGE(""https://cdn.shopify.com/s/files/1/0544/6408/6189/files/Top_band_2_white_00000copy.jpg?v=1744773441"")",Wedding / Ceremonial,White Gold,The Clara Ring - Cultured Sapphire Wedding Ring,577.00,white.jpg,images/the-chyra-sapphire-ring-dainty-round-brilliant-band/white.jpg,"=HYPERLINK(""https://cdn.shopify.com/s/files/1/0544/6408/6189/files/Top_band_2_white_00000copy.jpg?v=1744773441"",""View ring"")",the-chyra-sapphire-ring-dainty-round-brilliant-band
,,,,"=IMAGE(""https://cdn.shopify.com/s/files/1/0544/6408/6189/files/Top_band_2_rose_00000copy.jpg?v=1744773441"")",Wedding / Ceremonial,Rose Gold,The Clara Ring - Cultured Sapphire Wedding Ring,577.00,rose.jpg,images/the-chyra-sapphire-ring-dainty-round-brilliant-band/rose.jpg,"=HYPERLINK(""https://cdn.shopify.com/s/files/1/0544/6408/6189/files/Top_band_2_rose_00000copy.jpg?v=1744773441"",""View ring"")",the-chyra-sapphire-ring-dainty-round-brilliant-band
,,,,"=IMAGE(""https://cdn.shopify.com/s/files/1/0544/6408/6189/files/Top_band_1_yellow_00000copy.jpg?v=1700538417"")",Wedding / Ceremonial,Yellow Gold,The Niah Ring - Cultured Sapphire Wedding Ring,609.00,yellow.jpg,images/the-niah-sapphire-ring/yellow.jpg,"=HYPERLINK(""https://cdn.shopify.com/s/files/1/0544/6408/6189/files/Top_band_1_yellow_00000copy.jpg?v=1700538417"",""View ring"")",the-niah-sapphire-ring
,,,,"=IMAGE(""https://cdn.shopify.com/s/files/1/0544/6408/6189/files/Top_band_1_white_00000copy.jpg?v=1744773613"")",Wedding / Ceremonial,White Gold,The Niah Ring - Cultured Sapphire Wedding Ring,609.00,white.jpg,images/the-niah-sapphire-ring/white.jpg,"=HYPERLINK(""https://cdn.shopify.com/s/files/1/0544/6408/6189/files/Top_band_1_white_00000copy.jpg?v=1744773613"",""View ring"")",the-niah-sapphire-ring
,,,,"=IMAGE(""https://cdn.shopify.com/s/files/1/0544/6408/6189/files/Top_band_1_rose_00000copy.jpg?v=1744773613"")",Wedding / Ceremonial,Rose Gold,The Niah Ring - Cultured Sapphire Wedding Ring,609.00,rose.jpg,images/the-niah-sapphire-ring/rose.jpg,"=HYPERLINK(""https://cdn.shopify.com/s/files/1/0544/6408/6189/files/Top_band_1_rose_00000copy.jpg?v=1744773613"",""View ring"")",the-niah-sapphire-ring
,,,,,Wedding / Ceremonial,Yellow Gold,The Grace Ring - Crown Wedding Ring,899.00,,,,the-grace-ring-crown-wedding-band
,,,,,Wedding / Ceremonial,White Gold,The Grace Ring - Crown Wedding Ring,899.00,,,,the-grace-ring-crown-wedding-band
,,,,,Wedding / Ceremonial,Rose Gold,The Grace Ring - Crown Wedding Ring,899.00,,,,the-grace-ring-crown-wedding-band
,,,,,Wedding / Ceremonial,Yellow Gold,The Diana Ring - Crown Wedding Ring,952.00,,,,the-diana-ring-crown-wedding-band
,,,,,Wedding / Ceremonial,White Gold,The Diana Ring - Crown Wedding Ring,952.00,,,,the-diana-ring-crown-wedding-band
,,,,,Wedding / Ceremonial,Rose Gold,The Diana Ring - Crown Wedding Ring,952.00,,,,the-diana-ring-crown-wedding-band
,,,,,Wedding / Ceremonial,Yellow Gold,The Eleanor Ring - Crown Wedding Ring,952.00,,,,new-the-eleanor-ring-crown-wedding-band
,,,,,Wedding / Ceremonial,White Gold,The Eleanor Ring - Crown Wedding Ring,952.00,,,,new-the-eleanor-ring-crown-wedding-band
,,,,,Wedding / Ceremonial,Rose Gold,The Eleanor Ring - Crown Wedding Ring,952.00,,,,new-the-eleanor-ring-crown-wedding-band
,,,,"=IMAGE(""https://cdn.shopify.com/s/files/1/0544/6408/6189/files/Yellow1080_Top_63_00000.jpg?v=1752045305"")",Wedding / Ceremonial,Yellow Gold,The Nikos Ring - Singular Grooved Brushed Men's Wedding Band,582.00,yellow.jpg,images/the-nikos-ring-singular-grooved-brushed-mens-ceremonial-band/yellow.jpg,"=HYPERLINK(""https://cdn.shopify.com/s/files/1/0544/6408/6189/files/Yellow1080_Top_63_00000.jpg?v=1752045305"",""View ring"")",the-nikos-ring-singular-grooved-brushed-mens-ceremonial-band
,,,,"=IMAGE(""https://cdn.shopify.com/s/files/1/0544/6408/6189/files/White1080_Top_63_00000.jpg?v=1773205619"")",Wedding / Ceremonial,White Gold,The Nikos Ring - Singular Grooved Brushed Men's Wedding Band,582.00,white.jpg,images/the-nikos-ring-singular-grooved-brushed-mens-ceremonial-band/white.jpg,"=HYPERLINK(""https://cdn.shopify.com/s/files/1/0544/6408/6189/files/White1080_Top_63_00000.jpg?v=1773205619"",""View ring"")",the-nikos-ring-singular-grooved-brushed-mens-ceremonial-band
,,,,"=IMAGE(""https://cdn.shopify.com/s/files/1/0544/6408/6189/files/Rose1080_Top_63_00000.jpg?v=1773205619"")",Wedding / Ceremonial,Rose Gold,The Nikos Ring - Singular Grooved Brushed Men's Wedding Band,582.00,rose.jpg,images/the-nikos-ring-singular-grooved-brushed-mens-ceremonial-band/rose.jpg,"=HYPERLINK(""https://cdn.shopify.com/s/files/1/0544/6408/6189/files/Rose1080_Top_63_00000.jpg?v=1773205619"",""View ring"")",the-nikos-ring-singular-grooved-brushed-mens-ceremonial-band
,,,,"=IMAGE(""https://cdn.shopify.com/s/files/1/0544/6408/6189/files/Top_1_Yellow_00000.jpg?v=1696479539"")",Wedding / Ceremonial,Yellow Gold,The Julian Ring - Classic Knife Edge Men's Wedding Band,688.00,yellow.jpg,images/the-julian-ring-classic-knife-edge-ceremonial-ring/yellow.jpg,"=HYPERLINK(""https://cdn.shopify.com/s/files/1/0544/6408/6189/files/Top_1_Yellow_00000.jpg?v=1696479539"",""View ring"")",the-julian-ring-classic-knife-edge-ceremonial-ring
,,,,"=IMAGE(""https://cdn.shopify.com/s/files/1/0544/6408/6189/files/Top_1_White_00000.jpg?v=1773205281"")",Wedding / Ceremonial,White Gold,The Julian Ring - Classic Knife Edge Men's Wedding Band,688.00,white.jpg,images/the-julian-ring-classic-knife-edge-ceremonial-ring/white.jpg,"=HYPERLINK(""https://cdn.shopify.com/s/files/1/0544/6408/6189/files/Top_1_White_00000.jpg?v=1773205281"",""View ring"")",the-julian-ring-classic-knife-edge-ceremonial-ring
,,,,"=IMAGE(""https://cdn.shopify.com/s/files/1/0544/6408/6189/files/Top_1.2_Rose_00000.jpg?v=1773205281"")",Wedding / Ceremonial,Rose Gold,The Julian Ring - Classic Knife Edge Men's Wedding Band,688.00,rose.jpg,images/the-julian-ring-classic-knife-edge-ceremonial-ring/rose.jpg,"=HYPERLINK(""https://cdn.shopify.com/s/files/1/0544/6408/6189/files/Top_1.2_Rose_00000.jpg?v=1773205281"",""View ring"")",the-julian-ring-classic-knife-edge-ceremonial-ring
,,,,"=IMAGE(""https://cdn.shopify.com/s/files/1/0544/6408/6189/files/Yellow1080_Top_54_00000.jpg?v=1752039101"")",Wedding / Ceremonial,Yellow Gold,The Olympus Ring - Petite Round Tension Set Men's Wedding Band,635.00,yellow.jpg,images/the-olympus-ring-tension-set-mens-ceremonial-band/yellow.jpg,"=HYPERLINK(""https://cdn.shopify.com/s/files/1/0544/6408/6189/files/Yellow1080_Top_54_00000.jpg?v=1752039101"",""View ring"")",the-olympus-ring-tension-set-mens-ceremonial-band
,,,,"=IMAGE(""https://cdn.shopify.com/s/files/1/0544/6408/6189/files/White1080_Top_54_00000.jpg?v=1752039101"")",Wedding / Ceremonial,White Gold,The Olympus Ring - Petite Round Tension Set Men's Wedding Band,635.00,white.jpg,images/the-olympus-ring-tension-set-mens-ceremonial-band/white.jpg,"=HYPERLINK(""https://cdn.shopify.com/s/files/1/0544/6408/6189/files/White1080_Top_54_00000.jpg?v=1752039101"",""View ring"")",the-olympus-ring-tension-set-mens-ceremonial-band
,,,,"=IMAGE(""https://cdn.shopify.com/s/files/1/0544/6408/6189/files/Rose1080_Top_54_00000.jpg?v=1752039101"")",Wedding / Ceremonial,Rose Gold,The Olympus Ring - Petite Round Tension Set Men's Wedding Band,635.00,rose.jpg,images/the-olympus-ring-tension-set-mens-ceremonial-band/rose.jpg,"=HYPERLINK(""https://cdn.shopify.com/s/files/1/0544/6408/6189/files/Rose1080_Top_54_00000.jpg?v=1752039101"",""View ring"")",the-olympus-ring-tension-set-mens-ceremonial-band
,,,,"=IMAGE(""https://cdn.shopify.com/s/files/1/0544/6408/6189/files/Yellow1080_Top_55_00000.jpg?v=1752039101"")",Wedding / Ceremonial,Yellow Gold,The Olympus Ring - Statement Round Tension Set Men's Wedding Band,1058.00,yellow.jpg,images/the-olympus-ring-tension-set-mens-ceremonial-band-copy/yellow.jpg,"=HYPERLINK(""https://cdn.shopify.com/s/files/1/0544/6408/6189/files/Yellow1080_Top_55_00000.jpg?v=1752039101"",""View ring"")",the-olympus-ring-tension-set-mens-ceremonial-band-copy
,,,,"=IMAGE(""https://cdn.shopify.com/s/files/1/0544/6408/6189/files/White1080_Top_55_00000.jpg?v=1752039101"")",Wedding / Ceremonial,White Gold,The Olympus Ring - Statement Round Tension Set Men's Wedding Band,1058.00,white.jpg,images/the-olympus-ring-tension-set-mens-ceremonial-band-copy/white.jpg,"=HYPERLINK(""https://cdn.shopify.com/s/files/1/0544/6408/6189/files/White1080_Top_55_00000.jpg?v=1752039101"",""View ring"")",the-olympus-ring-tension-set-mens-ceremonial-band-copy
,,,,"=IMAGE(""https://cdn.shopify.com/s/files/1/0544/6408/6189/files/Rose1080_Top_55_00000.jpg?v=1752039101"")",Wedding / Ceremonial,Rose Gold,The Olympus Ring - Statement Round Tension Set Men's Wedding Band,1058.00,rose.jpg,images/the-olympus-ring-tension-set-mens-ceremonial-band-copy/rose.jpg,"=HYPERLINK(""https://cdn.shopify.com/s/files/1/0544/6408/6189/files/Rose1080_Top_55_00000.jpg?v=1752039101"",""View ring"")",the-olympus-ring-tension-set-mens-ceremonial-band-copy
,,,,"=IMAGE(""https://cdn.shopify.com/s/files/1/0544/6408/6189/files/Yellow1080_Top_Miligrainheart_00000.jpg?v=1774909822"")",Wedding / Ceremonial,Yellow Gold,The Signature Heart Milgrain Signet Ring,714.00,yellow.jpg,images/the-signature-heart-milgrain-signet-ring/yellow.jpg,"=HYPERLINK(""https://cdn.shopify.com/s/files/1/0544/6408/6189/files/Yellow1080_Top_Miligrainheart_00000.jpg?v=1774909822"",""View ring"")",the-signature-heart-milgrain-signet-ring
,,,,"=IMAGE(""https://cdn.shopify.com/s/files/1/0544/6408/6189/files/White1080_Top_Miligrainheart_00000.jpg?v=1775525972"")",Wedding / Ceremonial,White Gold,The Signature Heart Milgrain Signet Ring,714.00,white.jpg,images/the-signature-heart-milgrain-signet-ring/white.jpg,"=HYPERLINK(""https://cdn.shopify.com/s/files/1/0544/6408/6189/files/White1080_Top_Miligrainheart_00000.jpg?v=1775525972"",""View ring"")",the-signature-heart-milgrain-signet-ring
,,,,"=IMAGE(""https://cdn.shopify.com/s/files/1/0544/6408/6189/files/Rose1080_Top_Miligrainheart_00000.jpg?v=1775525972"")",Wedding / Ceremonial,Rose Gold,The Signature Heart Milgrain Signet Ring,714.00,rose.jpg,images/the-signature-heart-milgrain-signet-ring/rose.jpg,"=HYPERLINK(""https://cdn.shopify.com/s/files/1/0544/6408/6189/files/Rose1080_Top_Miligrainheart_00000.jpg?v=1775525972"",""View ring"")",the-signature-heart-milgrain-signet-ring
,,,,"=IMAGE(""https://cdn.shopify.com/s/files/1/0544/6408/6189/files/Yellow1080_Top_PlainHeartSignet_InlayStone__00000.jpg?v=1774840672"")",Wedding / Ceremonial,Yellow Gold,The Signature Heart Inlay Signet Ring,556.00,yellow.jpg,images/the-signature-heart-inlay-signet-ring/yellow.jpg,"=HYPERLINK(""https://cdn.shopify.com/s/files/1/0544/6408/6189/files/Yellow1080_Top_PlainHeartSignet_InlayStone__00000.jpg?v=1774840672"",""View ring"")",the-signature-heart-inlay-signet-ring
,,,,"=IMAGE(""https://cdn.shopify.com/s/files/1/0544/6408/6189/files/White1080_Top_PlainHeartSignet_InlayStone__00000.jpg?v=1775525905"")",Wedding / Ceremonial,White Gold,The Signature Heart Inlay Signet Ring,556.00,white.jpg,images/the-signature-heart-inlay-signet-ring/white.jpg,"=HYPERLINK(""https://cdn.shopify.com/s/files/1/0544/6408/6189/files/White1080_Top_PlainHeartSignet_InlayStone__00000.jpg?v=1775525905"",""View ring"")",the-signature-heart-inlay-signet-ring
,,,,"=IMAGE(""https://cdn.shopify.com/s/files/1/0544/6408/6189/files/Rose1080_Top_PlainHeartSignet_InlayStone__00000.jpg?v=1775525905"")",Wedding / Ceremonial,Rose Gold,The Signature Heart Inlay Signet Ring,556.00,rose.jpg,images/the-signature-heart-inlay-signet-ring/rose.jpg,"=HYPERLINK(""https://cdn.shopify.com/s/files/1/0544/6408/6189/files/Rose1080_Top_PlainHeartSignet_InlayStone__00000.jpg?v=1775525905"",""View ring"")",the-signature-heart-inlay-signet-ring
,,,,"=IMAGE(""https://cdn.shopify.com/s/files/1/0544/6408/6189/files/Top_SignatRing_1_small_yellow_00000copy.jpg?v=1766448530"")",Wedding / Ceremonial,Yellow Gold,Signature Petite Oval Signet Ring,714.00,yellow.jpg,images/signature-petite-oval-signet-ring/yellow.jpg,"=HYPERLINK(""https://cdn.shopify.com/s/files/1/0544/6408/6189/files/Top_SignatRing_1_small_yellow_00000copy.jpg?v=1766448530"",""View ring"")",signature-petite-oval-signet-ring
,,,,"=IMAGE(""https://cdn.shopify.com/s/files/1/0544/6408/6189/files/Top_SignatRing_1_small_white_00000copy.jpg?v=1766448530"")",Wedding / Ceremonial,White Gold,Signature Petite Oval Signet Ring,714.00,white.jpg,images/signature-petite-oval-signet-ring/white.jpg,"=HYPERLINK(""https://cdn.shopify.com/s/files/1/0544/6408/6189/files/Top_SignatRing_1_small_white_00000copy.jpg?v=1766448530"",""View ring"")",signature-petite-oval-signet-ring
,,,,"=IMAGE(""https://cdn.shopify.com/s/files/1/0544/6408/6189/files/Top_SignatRing_1_small_rose_00000copy.jpg?v=1766448530"")",Wedding / Ceremonial,Rose Gold,Signature Petite Oval Signet Ring,714.00,rose.jpg,images/signature-petite-oval-signet-ring/rose.jpg,"=HYPERLINK(""https://cdn.shopify.com/s/files/1/0544/6408/6189/files/Top_SignatRing_1_small_rose_00000copy.jpg?v=1766448530"",""View ring"")",signature-petite-oval-signet-ring
,,,,"=IMAGE(""https://cdn.shopify.com/s/files/1/0544/6408/6189/files/Top_SignatRing_3_small_yellow_00000copy.jpg?v=1773199978"")",Wedding / Ceremonial,Yellow Gold,Signature Petite Marquise Signet Ring,714.00,yellow.jpg,images/signature-petite-diamond-signet-ring/yellow.jpg,"=HYPERLINK(""https://cdn.shopify.com/s/files/1/0544/6408/6189/files/Top_SignatRing_3_small_yellow_00000copy.jpg?v=1773199978"",""View ring"")",signature-petite-diamond-signet-ring
,,,,"=IMAGE(""https://cdn.shopify.com/s/files/1/0544/6408/6189/files/Top_SignatRing_3_small_white_00000.jpg?v=1773199978"")",Wedding / Ceremonial,White Gold,Signature Petite Marquise Signet Ring,714.00,white.jpg,images/signature-petite-diamond-signet-ring/white.jpg,"=HYPERLINK(""https://cdn.shopify.com/s/files/1/0544/6408/6189/files/Top_SignatRing_3_small_white_00000.jpg?v=1773199978"",""View ring"")",signature-petite-diamond-signet-ring
,,,,"=IMAGE(""https://cdn.shopify.com/s/files/1/0544/6408/6189/files/Top_SignatRing_3_small_rose_00000copy.jpg?v=1773199978"")",Wedding / Ceremonial,Rose Gold,Signature Petite Marquise Signet Ring,714.00,rose.jpg,images/signature-petite-diamond-signet-ring/rose.jpg,"=HYPERLINK(""https://cdn.shopify.com/s/files/1/0544/6408/6189/files/Top_SignatRing_3_small_rose_00000copy.jpg?v=1773199978"",""View ring"")",signature-petite-diamond-signet-ring
,,,,"=IMAGE(""https://cdn.shopify.com/s/files/1/0544/6408/6189/files/Top_SignatRing_2_small_yellow_00000copy.jpg?v=1762127412"")",Wedding / Ceremonial,Yellow Gold,Signature Petite Round Signet Ring,714.00,yellow.jpg,images/signature-petite-round-signet-ring/yellow.jpg,"=HYPERLINK(""https://cdn.shopify.com/s/files/1/0544/6408/6189/files/Top_SignatRing_2_small_yellow_00000copy.jpg?v=1762127412"",""View ring"")",signature-petite-round-signet-ring
,,,,"=IMAGE(""https://cdn.shopify.com/s/files/1/0544/6408/6189/files/Top_SignatRing_2_small_white_00000copy.jpg?v=1762127412"")",Wedding / Ceremonial,White Gold,Signature Petite Round Signet Ring,714.00,white.jpg,images/signature-petite-round-signet-ring/white.jpg,"=HYPERLINK(""https://cdn.shopify.com/s/files/1/0544/6408/6189/files/Top_SignatRing_2_small_white_00000copy.jpg?v=1762127412"",""View ring"")",signature-petite-round-signet-ring
,,,,"=IMAGE(""https://cdn.shopify.com/s/files/1/0544/6408/6189/files/Top_SignatRing_2_small_rose_00000copy.jpg?v=1762127412"")",Wedding / Ceremonial,Rose Gold,Signature Petite Round Signet Ring,714.00,rose.jpg,images/signature-petite-round-signet-ring/rose.jpg,"=HYPERLINK(""https://cdn.shopify.com/s/files/1/0544/6408/6189/files/Top_SignatRing_2_small_rose_00000copy.jpg?v=1762127412"",""View ring"")",signature-petite-round-signet-ring
,,,,"=IMAGE(""https://cdn.shopify.com/s/files/1/0544/6408/6189/files/Top_SignatRing_1_yellow_00000copy.jpg?v=1762127201"")",Wedding / Ceremonial,Yellow Gold,Signature Oval Signet Ring,1005.00,yellow.jpg,images/signature-oval-signet-ring/yellow.jpg,"=HYPERLINK(""https://cdn.shopify.com/s/files/1/0544/6408/6189/files/Top_SignatRing_1_yellow_00000copy.jpg?v=1762127201"",""View ring"")",signature-oval-signet-ring
,,,,"=IMAGE(""https://cdn.shopify.com/s/files/1/0544/6408/6189/files/Top_SignatRing_1_white_00000copy.jpg?v=1762127201"")",Wedding / Ceremonial,White Gold,Signature Oval Signet Ring,1005.00,white.jpg,images/signature-oval-signet-ring/white.jpg,"=HYPERLINK(""https://cdn.shopify.com/s/files/1/0544/6408/6189/files/Top_SignatRing_1_white_00000copy.jpg?v=1762127201"",""View ring"")",signature-oval-signet-ring
,,,,"=IMAGE(""https://cdn.shopify.com/s/files/1/0544/6408/6189/files/Top_SignatRing_1_rose_00000copy.jpg?v=1762127201"")",Wedding / Ceremonial,Rose Gold,Signature Oval Signet Ring,1005.00,rose.jpg,images/signature-oval-signet-ring/rose.jpg,"=HYPERLINK(""https://cdn.shopify.com/s/files/1/0544/6408/6189/files/Top_SignatRing_1_rose_00000copy.jpg?v=1762127201"",""View ring"")",signature-oval-signet-ring
,,,,"=IMAGE(""https://cdn.shopify.com/s/files/1/0544/6408/6189/files/Top_SignatRing_3_yellow_00000copy.jpg?v=1773199946"")",Wedding / Ceremonial,Yellow Gold,Signature Marquise Signet Ring,1005.00,yellow.jpg,images/signature-marquise-signet-ring/yellow.jpg,"=HYPERLINK(""https://cdn.shopify.com/s/files/1/0544/6408/6189/files/Top_SignatRing_3_yellow_00000copy.jpg?v=1773199946"",""View ring"")",signature-marquise-signet-ring
,,,,"=IMAGE(""https://cdn.shopify.com/s/files/1/0544/6408/6189/files/Top_SignatRing_3_white_00000copy.jpg?v=1773199946"")",Wedding / Ceremonial,White Gold,Signature Marquise Signet Ring,1005.00,white.jpg,images/signature-marquise-signet-ring/white.jpg,"=HYPERLINK(""https://cdn.shopify.com/s/files/1/0544/6408/6189/files/Top_SignatRing_3_white_00000copy.jpg?v=1773199946"",""View ring"")",signature-marquise-signet-ring
,,,,"=IMAGE(""https://cdn.shopify.com/s/files/1/0544/6408/6189/files/Top_SignatRing_3_rose_00000copy.jpg?v=1773199946"")",Wedding / Ceremonial,Rose Gold,Signature Marquise Signet Ring,1005.00,rose.jpg,images/signature-marquise-signet-ring/rose.jpg,"=HYPERLINK(""https://cdn.shopify.com/s/files/1/0544/6408/6189/files/Top_SignatRing_3_rose_00000copy.jpg?v=1773199946"",""View ring"")",signature-marquise-signet-ring
,,,,"=IMAGE(""https://cdn.shopify.com/s/files/1/0544/6408/6189/files/Top_SignatRing_2_yellow_00000copy.jpg?v=1762127444"")",Wedding / Ceremonial,Yellow Gold,Signature Round Signet Ring,1005.00,yellow.jpg,images/signature-round-signet-ring/yellow.jpg,"=HYPERLINK(""https://cdn.shopify.com/s/files/1/0544/6408/6189/files/Top_SignatRing_2_yellow_00000copy.jpg?v=1762127444"",""View ring"")",signature-round-signet-ring
,,,,"=IMAGE(""https://cdn.shopify.com/s/files/1/0544/6408/6189/files/Top_SignatRing_2_white_00000copy.jpg?v=1762127444"")",Wedding / Ceremonial,White Gold,Signature Round Signet Ring,1005.00,white.jpg,images/signature-round-signet-ring/white.jpg,"=HYPERLINK(""https://cdn.shopify.com/s/files/1/0544/6408/6189/files/Top_SignatRing_2_white_00000copy.jpg?v=1762127444"",""View ring"")",signature-round-signet-ring
,,,,"=IMAGE(""https://cdn.shopify.com/s/files/1/0544/6408/6189/files/Top_SignatRing_2_rose_00000copy.jpg?v=1762127444"")",Wedding / Ceremonial,Rose Gold,Signature Round Signet Ring,1005.00,rose.jpg,images/signature-round-signet-ring/rose.jpg,"=HYPERLINK(""https://cdn.shopify.com/s/files/1/0544/6408/6189/files/Top_SignatRing_2_rose_00000copy.jpg?v=1762127444"",""View ring"")",signature-round-signet-ring
