"INCLUDE (Yes/No)","NAME","PRICE","NOTES","Category","Metal Colour","TMC Original Name","TMC Price (AUD ref)","Image File","Image Path","TMC Handle"
"","","","","Engagement","Yellow Gold","The Amira Ring™ - Oval with Marquise Accents","1280.00","yellow.jpg","images/the-amira-ring-1/yellow.jpg","the-amira-ring-1"
"","","","","Engagement","White Gold","The Amira Ring™ - Oval with Marquise Accents","1280.00","","","the-amira-ring-1"
"","","","","Engagement","Rose Gold","The Amira Ring™ - Oval with Marquise Accents","1280.00","rose.jpg","images/the-amira-ring-1/rose.jpg","the-amira-ring-1"
"","","","","Engagement","Yellow Gold","The Luise Ring® - Oval Solitaire","831.00","yellow.jpg","images/the-luise-ring-oval-solitaire/yellow.jpg","the-luise-ring-oval-solitaire"
"","","","","Engagement","White Gold","The Luise Ring® - Oval Solitaire","831.00","white.jpg","images/the-luise-ring-oval-solitaire/white.jpg","the-luise-ring-oval-solitaire"
"","","","","Engagement","Rose Gold","The Luise Ring® - Oval Solitaire","831.00","rose.jpg","images/the-luise-ring-oval-solitaire/rose.jpg","the-luise-ring-oval-solitaire"
"","","","","Engagement","Yellow Gold","The Audrey Ring - Emerald Solitaire","825.00","yellow.jpg","images/the-audrey-ring-emerald-solitaire/yellow.jpg","the-audrey-ring-emerald-solitaire"
"","","","","Engagement","White Gold","The Audrey Ring - Emerald Solitaire","825.00","white.jpg","images/the-audrey-ring-emerald-solitaire/white.jpg","the-audrey-ring-emerald-solitaire"
"","","","","Engagement","Rose Gold","The Audrey Ring - Emerald Solitaire","825.00","rose.jpg","images/the-audrey-ring-emerald-solitaire/rose.jpg","the-audrey-ring-emerald-solitaire"
"","","","","Engagement","Yellow Gold","The Vienna Ring - Radiant Solitaire","825.00","yellow.jpg","images/the-vienna-ring-radiant-solitaire/yellow.jpg","the-vienna-ring-radiant-solitaire"
"","","","","Engagement","White Gold","The Vienna Ring - Radiant Solitaire","825.00","white.jpg","images/the-vienna-ring-radiant-solitaire/white.jpg","the-vienna-ring-radiant-solitaire"
"","","","","Engagement","Rose Gold","The Vienna Ring - Radiant Solitaire","825.00","rose.jpg","images/the-vienna-ring-radiant-solitaire/rose.jpg","the-vienna-ring-radiant-solitaire"
"","","","","Engagement","Yellow Gold","The Florence Ring - Oval and Pear Cathedral Trilogy","1227.00","yellow.jpg","images/the-florence-ring-oval-and-pear-trilogy/yellow.jpg","the-florence-ring-oval-and-pear-trilogy"
"","","","","Engagement","White Gold","The Florence Ring - Oval and Pear Cathedral Trilogy","1227.00","white.jpg","images/the-florence-ring-oval-and-pear-trilogy/white.jpg","the-florence-ring-oval-and-pear-trilogy"
"","","","","Engagement","Rose Gold","The Florence Ring - Oval and Pear Cathedral Trilogy","1227.00","rose.jpg","images/the-florence-ring-oval-and-pear-trilogy/rose.jpg","the-florence-ring-oval-and-pear-trilogy"
"","","","","Engagement","Yellow Gold","The Avery Ring - Oval With Marquise and Round Brilliant Band","1386.00","yellow.jpg","images/the-avery-ring-oval-with-marquise-and-round-brilliant-band/yellow.jpg","the-avery-ring-oval-with-marquise-and-round-brilliant-band"
"","","","","Engagement","White Gold","The Avery Ring - Oval With Marquise and Round Brilliant Band","1386.00","white.jpg","images/the-avery-ring-oval-with-marquise-and-round-brilliant-band/white.jpg","the-avery-ring-oval-with-marquise-and-round-brilliant-band"
"","","","","Engagement","Rose Gold","The Avery Ring - Oval With Marquise and Round Brilliant Band","1386.00","rose.jpg","images/the-avery-ring-oval-with-marquise-and-round-brilliant-band/rose.jpg","the-avery-ring-oval-with-marquise-and-round-brilliant-band"
"","","","","Engagement","Yellow Gold","The Luise Ring® - Oval Cathedral Solitaire","910.00","yellow.jpg","images/the-luise-ring-oval-cathedral-solitaire/yellow.jpg","the-luise-ring-oval-cathedral-solitaire"
"","","","","Engagement","White Gold","The Luise Ring® - Oval Cathedral Solitaire","910.00","white.jpg","images/the-luise-ring-oval-cathedral-solitaire/white.jpg","the-luise-ring-oval-cathedral-solitaire"
"","","","","Engagement","Rose Gold","The Luise Ring® - Oval Cathedral Solitaire","910.00","rose.jpg","images/the-luise-ring-oval-cathedral-solitaire/rose.jpg","the-luise-ring-oval-cathedral-solitaire"
"","","","","Engagement","Yellow Gold","The Ophelia Ring - Elongated Cushion Solitaire","841.00","yellow.jpg","images/the-ophelia-ring-elongated-cushion-solitaire/yellow.jpg","the-ophelia-ring-elongated-cushion-solitaire"
"","","","","Engagement","White Gold","The Ophelia Ring - Elongated Cushion Solitaire","841.00","white.jpg","images/the-ophelia-ring-elongated-cushion-solitaire/white.jpg","the-ophelia-ring-elongated-cushion-solitaire"
"","","","","Engagement","Rose Gold","The Ophelia Ring - Elongated Cushion Solitaire","841.00","rose.jpg","images/the-ophelia-ring-elongated-cushion-solitaire/rose.jpg","the-ophelia-ring-elongated-cushion-solitaire"
"","","","","Engagement","Yellow Gold","The Luise Ring® - Low Set Oval Solitaire","831.00","yellow.jpg","images/low-set-luise-ring-oval-solitaire/yellow.jpg","low-set-luise-ring-oval-solitaire"
"","","","","Engagement","White Gold","The Luise Ring® - Low Set Oval Solitaire","831.00","white.jpg","images/low-set-luise-ring-oval-solitaire/white.jpg","low-set-luise-ring-oval-solitaire"
"","","","","Engagement","Rose Gold","The Luise Ring® - Low Set Oval Solitaire","831.00","rose.jpg","images/low-set-luise-ring-oval-solitaire/rose.jpg","low-set-luise-ring-oval-solitaire"
"","","","","Engagement","Yellow Gold","The Arie Ring - Marquise Solitaire","831.00","yellow.jpg","images/the-arie-ring-marquise-cut-solitaire/yellow.jpg","the-arie-ring-marquise-cut-solitaire"
"","","","","Engagement","White Gold","The Arie Ring - Marquise Solitaire","831.00","white.jpg","images/the-arie-ring-marquise-cut-solitaire/white.jpg","the-arie-ring-marquise-cut-solitaire"
"","","","","Engagement","Rose Gold","The Arie Ring - Marquise Solitaire","831.00","rose.jpg","images/the-arie-ring-marquise-cut-solitaire/rose.jpg","the-arie-ring-marquise-cut-solitaire"
"","","","","Engagement","Yellow Gold","The Maya Ring - Pear Curved Solitaire","921.00","yellow.jpg","images/the-maya-ring-pear-ascend-signature-solitaire/yellow.jpg","the-maya-ring-pear-ascend-signature-solitaire"
"","","","","Engagement","White Gold","The Maya Ring - Pear Curved Solitaire","921.00","white.jpg","images/the-maya-ring-pear-ascend-signature-solitaire/white.jpg","the-maya-ring-pear-ascend-signature-solitaire"
"","","","","Engagement","Rose Gold","The Maya Ring - Pear Curved Solitaire","921.00","rose.jpg","images/the-maya-ring-pear-ascend-signature-solitaire/rose.jpg","the-maya-ring-pear-ascend-signature-solitaire"
"","","","","Engagement","Yellow Gold","The Isla Ring - Round Solitaire","831.00","yellow.jpg","images/the-isla-ring-round-solitaire-new/yellow.jpg","the-isla-ring-round-solitaire-new"
"","","","","Engagement","White Gold","The Isla Ring - Round Solitaire","831.00","white.jpg","images/the-isla-ring-round-solitaire-new/white.jpg","the-isla-ring-round-solitaire-new"
"","","","","Engagement","Rose Gold","The Isla Ring - Round Solitaire","831.00","rose.jpg","images/the-isla-ring-round-solitaire-new/rose.jpg","the-isla-ring-round-solitaire-new"
"","","","","Engagement","Yellow Gold","The Sophia Ring - Pear Solitaire","841.00","yellow.jpg","images/the-sophia-ring-4-claw-pear-solitaire/yellow.jpg","the-sophia-ring-4-claw-pear-solitaire"
"","","","","Engagement","White Gold","The Sophia Ring - Pear Solitaire","841.00","white.jpg","images/the-sophia-ring-4-claw-pear-solitaire/white.jpg","the-sophia-ring-4-claw-pear-solitaire"
"","","","","Engagement","Rose Gold","The Sophia Ring - Pear Solitaire","841.00","rose.jpg","images/the-sophia-ring-4-claw-pear-solitaire/rose.jpg","the-sophia-ring-4-claw-pear-solitaire"
"","","","","Engagement","Yellow Gold","The Audrey Ring - Emerald Bezel Solitaire","852.00","yellow.jpg","images/the-audrey-ring-emerald-bezel-solitaire/yellow.jpg","the-audrey-ring-emerald-bezel-solitaire"
"","","","","Engagement","White Gold","The Audrey Ring - Emerald Bezel Solitaire","852.00","white.jpg","images/the-audrey-ring-emerald-bezel-solitaire/white.jpg","the-audrey-ring-emerald-bezel-solitaire"
"","","","","Engagement","Rose Gold","The Audrey Ring - Emerald Bezel Solitaire","852.00","rose.jpg","images/the-audrey-ring-emerald-bezel-solitaire/rose.jpg","the-audrey-ring-emerald-bezel-solitaire"
"","","","","Engagement","Yellow Gold","The Audrey Ring - Emerald Cathedral Solitaire","905.00","yellow.jpg","images/the-audrey-ring-emerald-cathedral-solitaire/yellow.jpg","the-audrey-ring-emerald-cathedral-solitaire"
"","","","","Engagement","White Gold","The Audrey Ring - Emerald Cathedral Solitaire","905.00","white.jpg","images/the-audrey-ring-emerald-cathedral-solitaire/white.jpg","the-audrey-ring-emerald-cathedral-solitaire"
"","","","","Engagement","Rose Gold","The Audrey Ring - Emerald Cathedral Solitaire","905.00","rose.jpg","images/the-audrey-ring-emerald-cathedral-solitaire/rose.jpg","the-audrey-ring-emerald-cathedral-solitaire"
"","","","","Engagement","Yellow Gold","The Luise Ring® - Oval Bezel Solitaire","857.00","yellow.jpg","images/the-luise-ring-oval-bezel-solitaire/yellow.jpg","the-luise-ring-oval-bezel-solitaire"
"","","","","Engagement","White Gold","The Luise Ring® - Oval Bezel Solitaire","857.00","white.jpg","images/the-luise-ring-oval-bezel-solitaire/white.jpg","the-luise-ring-oval-bezel-solitaire"
"","","","","Engagement","Rose Gold","The Luise Ring® - Oval Bezel Solitaire","857.00","rose.jpg","images/the-luise-ring-oval-bezel-solitaire/rose.jpg","the-luise-ring-oval-bezel-solitaire"
"","","","","Engagement","Yellow Gold","The Celeste Ring - Radiant With Marquise and Round Brilliant Band","1439.00","yellow.jpg","images/the-celeste-ring-radiant-with-marquise-and-round-brilliant-band/yellow.jpg","the-celeste-ring-radiant-with-marquise-and-round-brilliant-band"
"","","","","Engagement","White Gold","The Celeste Ring - Radiant With Marquise and Round Brilliant Band","1439.00","white.jpg","images/the-celeste-ring-radiant-with-marquise-and-round-brilliant-band/white.jpg","the-celeste-ring-radiant-with-marquise-and-round-brilliant-band"
"","","","","Engagement","Rose Gold","The Celeste Ring - Radiant With Marquise and Round Brilliant Band","1439.00","rose.jpg","images/the-celeste-ring-radiant-with-marquise-and-round-brilliant-band/rose.jpg","the-celeste-ring-radiant-with-marquise-and-round-brilliant-band"
"","","","","Engagement","Yellow Gold","The Isla Ring - Round Cathedral Solitaire","910.00","yellow.jpg","images/the-isla-ring-round-brilliant-cathedral-solitaire/yellow.jpg","the-isla-ring-round-brilliant-cathedral-solitaire"
"","","","","Engagement","White Gold","The Isla Ring - Round Cathedral Solitaire","910.00","white.jpg","images/the-isla-ring-round-brilliant-cathedral-solitaire/white.jpg","the-isla-ring-round-brilliant-cathedral-solitaire"
"","","","","Engagement","Rose Gold","The Isla Ring - Round Cathedral Solitaire","910.00","rose.jpg","images/the-isla-ring-round-brilliant-cathedral-solitaire/rose.jpg","the-isla-ring-round-brilliant-cathedral-solitaire"
"","","","","Engagement","Yellow Gold","The Maya Ring - Marquise Curved Solitaire","910.00","yellow.jpg","images/the-maya-ring-marquise-ascend-signature-solitaire/yellow.jpg","the-maya-ring-marquise-ascend-signature-solitaire"
"","","","","Engagement","White Gold","The Maya Ring - Marquise Curved Solitaire","910.00","white.jpg","images/the-maya-ring-marquise-ascend-signature-solitaire/white.jpg","the-maya-ring-marquise-ascend-signature-solitaire"
"","","","","Engagement","Rose Gold","The Maya Ring - Marquise Curved Solitaire","910.00","rose.jpg","images/the-maya-ring-marquise-ascend-signature-solitaire/rose.jpg","the-maya-ring-marquise-ascend-signature-solitaire"
"","","","","Engagement","Yellow Gold","The Vienna Ring - Radiant Cathedral Solitaire","905.00","yellow.jpg","images/the-vienna-ring-radiant-cathedral-solitaire/yellow.jpg","the-vienna-ring-radiant-cathedral-solitaire"
"","","","","Engagement","White Gold","The Vienna Ring - Radiant Cathedral Solitaire","905.00","white.jpg","images/the-vienna-ring-radiant-cathedral-solitaire/white.jpg","the-vienna-ring-radiant-cathedral-solitaire"
"","","","","Engagement","Rose Gold","The Vienna Ring - Radiant Cathedral Solitaire","905.00","rose.jpg","images/the-vienna-ring-radiant-cathedral-solitaire/rose.jpg","the-vienna-ring-radiant-cathedral-solitaire"
"","","","","Engagement","Yellow Gold","The Florence Ring - Marquise and Pear Cathedral Trilogy","1016.00","yellow.jpg","images/the-florence-ring-marquise-pear-trilogy/yellow.jpg","the-florence-ring-marquise-pear-trilogy"
"","","","","Engagement","White Gold","The Florence Ring - Marquise and Pear Cathedral Trilogy","1016.00","","","the-florence-ring-marquise-pear-trilogy"
"","","","","Engagement","Rose Gold","The Florence Ring - Marquise and Pear Cathedral Trilogy","1016.00","rose.jpg","images/the-florence-ring-marquise-pear-trilogy/rose.jpg","the-florence-ring-marquise-pear-trilogy"
"","","","","Engagement","Yellow Gold","The Viola Ring - Emerald and Baguette Trilogy","1058.00","yellow.jpg","images/the-viola-ring-emerald-baguette-trilogy/yellow.jpg","the-viola-ring-emerald-baguette-trilogy"
"","","","","Engagement","White Gold","The Viola Ring - Emerald and Baguette Trilogy","1058.00","white.jpg","images/the-viola-ring-emerald-baguette-trilogy/white.jpg","the-viola-ring-emerald-baguette-trilogy"
"","","","","Engagement","Rose Gold","The Viola Ring - Emerald and Baguette Trilogy","1058.00","rose.jpg","images/the-viola-ring-emerald-baguette-trilogy/rose.jpg","the-viola-ring-emerald-baguette-trilogy"
"","","","","Engagement","Yellow Gold","The Ophelia Ring - Elongated Cushion Cathedral Solitaire","947.00","yellow.jpg","images/the-ophelia-ring-elongated-cushion-cathedral-solitaire/yellow.jpg","the-ophelia-ring-elongated-cushion-cathedral-solitaire"
"","","","","Engagement","White Gold","The Ophelia Ring - Elongated Cushion Cathedral Solitaire","947.00","white.jpg","images/the-ophelia-ring-elongated-cushion-cathedral-solitaire/white.jpg","the-ophelia-ring-elongated-cushion-cathedral-solitaire"
"","","","","Engagement","Rose Gold","The Ophelia Ring - Elongated Cushion Cathedral Solitaire","947.00","rose.jpg","images/the-ophelia-ring-elongated-cushion-cathedral-solitaire/rose.jpg","the-ophelia-ring-elongated-cushion-cathedral-solitaire"
"","","","","Engagement","Yellow Gold","The Florence Ring - Pear Cathedral Trilogy","1016.00","yellow.jpg","images/the-florence-ring-pear-trilogy/yellow.jpg","the-florence-ring-pear-trilogy"
"","","","","Engagement","White Gold","The Florence Ring - Pear Cathedral Trilogy","1016.00","white.jpg","images/the-florence-ring-pear-trilogy/white.jpg","the-florence-ring-pear-trilogy"
"","","","","Engagement","Rose Gold","The Florence Ring - Pear Cathedral Trilogy","1016.00","rose.jpg","images/the-florence-ring-pear-trilogy/rose.jpg","the-florence-ring-pear-trilogy"
"","","","","Engagement","Yellow Gold","The Arie Ring - Marquise Cathedral Solitaire","937.00","yellow.jpg","images/the-arie-ring-marquise-cut-cathedral-solitaire/yellow.jpg","the-arie-ring-marquise-cut-cathedral-solitaire"
"","","","","Engagement","White Gold","The Arie Ring - Marquise Cathedral Solitaire","937.00","white.jpg","images/the-arie-ring-marquise-cut-cathedral-solitaire/white.jpg","the-arie-ring-marquise-cut-cathedral-solitaire"
"","","","","Engagement","Rose Gold","The Arie Ring - Marquise Cathedral Solitaire","937.00","rose.jpg","images/the-arie-ring-marquise-cut-cathedral-solitaire/rose.jpg","the-arie-ring-marquise-cut-cathedral-solitaire"
"","","","","Engagement","Yellow Gold","The Vienna Ring - Radiant Half Bezel Solitaire","894.00","yellow.jpg","images/the-vienna-ring-radiant-half-bezel-solitaire/yellow.jpg","the-vienna-ring-radiant-half-bezel-solitaire"
"","","","","Engagement","White Gold","The Vienna Ring - Radiant Half Bezel Solitaire","894.00","white.jpg","images/the-vienna-ring-radiant-half-bezel-solitaire/white.jpg","the-vienna-ring-radiant-half-bezel-solitaire"
"","","","","Engagement","Rose Gold","The Vienna Ring - Radiant Half Bezel Solitaire","894.00","rose.jpg","images/the-vienna-ring-radiant-half-bezel-solitaire/rose.jpg","the-vienna-ring-radiant-half-bezel-solitaire"
"","","","","Engagement","Yellow Gold","The Luise Ring® - Oval Half Bezel Solitaire","857.00","yellow.jpg","images/the-luise-ring-oval-half-bezel-solitaire/yellow.jpg","the-luise-ring-oval-half-bezel-solitaire"
"","","","","Engagement","White Gold","The Luise Ring® - Oval Half Bezel Solitaire","857.00","white.jpg","images/the-luise-ring-oval-half-bezel-solitaire/white.jpg","the-luise-ring-oval-half-bezel-solitaire"
"","","","","Engagement","Rose Gold","The Luise Ring® - Oval Half Bezel Solitaire","857.00","rose.jpg","images/the-luise-ring-oval-half-bezel-solitaire/rose.jpg","the-luise-ring-oval-half-bezel-solitaire"
"","","","","Engagement","Yellow Gold","The Arie Ring - Marquise Half Bezel Solitaire","857.00","yellow.jpg","images/the-arie-ring-marquise-half-bezel-solitaire/yellow.jpg","the-arie-ring-marquise-half-bezel-solitaire"
"","","","","Engagement","White Gold","The Arie Ring - Marquise Half Bezel Solitaire","857.00","white.jpg","images/the-arie-ring-marquise-half-bezel-solitaire/white.jpg","the-arie-ring-marquise-half-bezel-solitaire"
"","","","","Engagement","Rose Gold","The Arie Ring - Marquise Half Bezel Solitaire","857.00","rose.jpg","images/the-arie-ring-marquise-half-bezel-solitaire/rose.jpg","the-arie-ring-marquise-half-bezel-solitaire"
"","","","","Engagement","Yellow Gold","The Audrey Ring - Emerald Half Bezel Solitaire","894.00","yellow.jpg","images/the-audrey-ring-emerald-half-bezel-solitaire/yellow.jpg","the-audrey-ring-emerald-half-bezel-solitaire"
"","","","","Engagement","White Gold","The Audrey Ring - Emerald Half Bezel Solitaire","894.00","white.jpg","images/the-audrey-ring-emerald-half-bezel-solitaire/white.jpg","the-audrey-ring-emerald-half-bezel-solitaire"
"","","","","Engagement","Rose Gold","The Audrey Ring - Emerald Half Bezel Solitaire","894.00","rose.jpg","images/the-audrey-ring-emerald-half-bezel-solitaire/rose.jpg","the-audrey-ring-emerald-half-bezel-solitaire"
"","","","","Engagement","Yellow Gold","The Celia Ring - Round Trilogy","974.00","yellow.jpg","images/the-celia-ring-round-trilogy/yellow.jpg","the-celia-ring-round-trilogy"
"","","","","Engagement","White Gold","The Celia Ring - Round Trilogy","974.00","white.jpg","images/the-celia-ring-round-trilogy/white.jpg","the-celia-ring-round-trilogy"
"","","","","Engagement","Rose Gold","The Celia Ring - Round Trilogy","974.00","rose.jpg","images/the-celia-ring-round-trilogy/rose.jpg","the-celia-ring-round-trilogy"
"","","","","Engagement","Yellow Gold","The Aurora Ring - Round with Round Brilliant Accents","1280.00","yellow.jpg","images/the-aurora-ring-round-with-round-brilliant-accents/yellow.jpg","the-aurora-ring-round-with-round-brilliant-accents"
"","","","","Engagement","White Gold","The Aurora Ring - Round with Round Brilliant Accents","1280.00","","","the-aurora-ring-round-with-round-brilliant-accents"
"","","","","Engagement","Rose Gold","The Aurora Ring - Round with Round Brilliant Accents","1280.00","rose.jpg","images/the-aurora-ring-round-with-round-brilliant-accents/rose.jpg","the-aurora-ring-round-with-round-brilliant-accents"
"","","","","Engagement","Yellow Gold","The Cora Ring - East-West Emerald Solitaire","825.00","","","the-cora-ring-horizontal-emerald-solitaire"
"","","","","Engagement","White Gold","The Cora Ring - East-West Emerald Solitaire","825.00","","","the-cora-ring-horizontal-emerald-solitaire"
"","","","","Engagement","Rose Gold","The Cora Ring - East-West Emerald Solitaire","825.00","","","the-cora-ring-horizontal-emerald-solitaire"
"","","","","Engagement","Yellow Gold","The Amira Ring™ - Marquise with Marquise Accents","1280.00","yellow.jpg","images/the-amira-ring-marquise-with-marquise-accents/yellow.jpg","the-amira-ring-marquise-with-marquise-accents"
"","","","","Engagement","White Gold","The Amira Ring™ - Marquise with Marquise Accents","1280.00","","","the-amira-ring-marquise-with-marquise-accents"
"","","","","Engagement","Rose Gold","The Amira Ring™ - Marquise with Marquise Accents","1280.00","rose.jpg","images/the-amira-ring-marquise-with-marquise-accents/rose.jpg","the-amira-ring-marquise-with-marquise-accents"
"","","","","Engagement","Yellow Gold","The Maya Ring - Oval Curved Solitaire","910.00","yellow.jpg","images/copy-of-the-maya-ring-oval-ascend-signature-solitaire/yellow.jpg","copy-of-the-maya-ring-oval-ascend-signature-solitaire"
"","","","","Engagement","White Gold","The Maya Ring - Oval Curved Solitaire","910.00","white.jpg","images/copy-of-the-maya-ring-oval-ascend-signature-solitaire/white.jpg","copy-of-the-maya-ring-oval-ascend-signature-solitaire"
"","","","","Engagement","Rose Gold","The Maya Ring - Oval Curved Solitaire","910.00","rose.jpg","images/copy-of-the-maya-ring-oval-ascend-signature-solitaire/rose.jpg","copy-of-the-maya-ring-oval-ascend-signature-solitaire"
"","","","","Engagement","Yellow Gold","The Odette Ring - Oval Trilogy","1069.00","yellow.jpg","images/the-odette-ring-oval-trilogy/yellow.jpg","the-odette-ring-oval-trilogy"
"","","","","Engagement","White Gold","The Odette Ring - Oval Trilogy","1069.00","white.jpg","images/the-odette-ring-oval-trilogy/white.jpg","the-odette-ring-oval-trilogy"
"","","","","Engagement","Rose Gold","The Odette Ring - Oval Trilogy","1069.00","rose.jpg","images/the-odette-ring-oval-trilogy/rose.jpg","the-odette-ring-oval-trilogy"
"","","","","Engagement","Yellow Gold","The Florence Ring - Elongated Cushion and Pear Cathedral Trilogy","1016.00","yellow.jpg","images/the-florence-ring-elongated-cushion-pear-trilogy/yellow.jpg","the-florence-ring-elongated-cushion-pear-trilogy"
"","","","","Engagement","White Gold","The Florence Ring - Elongated Cushion and Pear Cathedral Trilogy","1016.00","","","the-florence-ring-elongated-cushion-pear-trilogy"
"","","","","Engagement","Rose Gold","The Florence Ring - Elongated Cushion and Pear Cathedral Trilogy","1016.00","rose.jpg","images/the-florence-ring-elongated-cushion-pear-trilogy/rose.jpg","the-florence-ring-elongated-cushion-pear-trilogy"
"","","","","Engagement","Yellow Gold","The Sophia Ring - Pear Cathedral Solitaire","921.00","yellow.jpg","images/the-sophia-ring-pear-cathedral-solitaire/yellow.jpg","the-sophia-ring-pear-cathedral-solitaire"
"","","","","Engagement","White Gold","The Sophia Ring - Pear Cathedral Solitaire","921.00","white.jpg","images/the-sophia-ring-pear-cathedral-solitaire/white.jpg","the-sophia-ring-pear-cathedral-solitaire"
"","","","","Engagement","Rose Gold","The Sophia Ring - Pear Cathedral Solitaire","921.00","rose.jpg","images/the-sophia-ring-pear-cathedral-solitaire/rose.jpg","the-sophia-ring-pear-cathedral-solitaire"
"","","","","Engagement","Yellow Gold","The Florence Ring - Round and Pear Cathedral Trilogy","1227.00","yellow.jpg","images/the-florence-ring-round-and-pear-trilogy/yellow.jpg","the-florence-ring-round-and-pear-trilogy"
"","","","","Engagement","White Gold","The Florence Ring - Round and Pear Cathedral Trilogy","1227.00","","","the-florence-ring-round-and-pear-trilogy"
"","","","","Engagement","Rose Gold","The Florence Ring - Round and Pear Cathedral Trilogy","1227.00","rose.jpg","images/the-florence-ring-round-and-pear-trilogy/rose.jpg","the-florence-ring-round-and-pear-trilogy"
"","","","","Engagement","Yellow Gold","The Paloma Ring - Cushion Solitaire","841.00","yellow.jpg","images/the-paloma-ring-cushion-cut-solitaire/yellow.jpg","the-paloma-ring-cushion-cut-solitaire"
"","","","","Engagement","White Gold","The Paloma Ring - Cushion Solitaire","841.00","white.jpg","images/the-paloma-ring-cushion-cut-solitaire/white.jpg","the-paloma-ring-cushion-cut-solitaire"
"","","","","Engagement","Rose Gold","The Paloma Ring - Cushion Solitaire","841.00","rose.jpg","images/the-paloma-ring-cushion-cut-solitaire/rose.jpg","the-paloma-ring-cushion-cut-solitaire"
"","","","","Engagement","Yellow Gold","The Amira Ring™ - Pear with Marquise Accents","1280.00","yellow.jpg","images/the-amira-ring-pear-with-marquise-accents/yellow.jpg","the-amira-ring-pear-with-marquise-accents"
"","","","","Engagement","White Gold","The Amira Ring™ - Pear with Marquise Accents","1280.00","","","the-amira-ring-pear-with-marquise-accents"
"","","","","Engagement","Rose Gold","The Amira Ring™ - Pear with Marquise Accents","1280.00","rose.jpg","images/the-amira-ring-pear-with-marquise-accents/rose.jpg","the-amira-ring-pear-with-marquise-accents"
"","","","","Engagement","Yellow Gold","The Vienna Ring - Radiant Bezel Solitaire","852.00","yellow.jpg","images/the-vienna-ring-radiant-bezel-solitaire/yellow.jpg","the-vienna-ring-radiant-bezel-solitaire"
"","","","","Engagement","White Gold","The Vienna Ring - Radiant Bezel Solitaire","852.00","white.jpg","images/the-vienna-ring-radiant-bezel-solitaire/white.jpg","the-vienna-ring-radiant-bezel-solitaire"
"","","","","Engagement","Rose Gold","The Vienna Ring - Radiant Bezel Solitaire","852.00","rose.jpg","images/the-vienna-ring-radiant-bezel-solitaire/rose.jpg","the-vienna-ring-radiant-bezel-solitaire"
"","","","","Engagement","Yellow Gold","The Blaire Ring - Oval and Round Trilogy","1016.00","yellow.jpg","images/the-blaire-ring-oval-and-round-trilogy/yellow.jpg","the-blaire-ring-oval-and-round-trilogy"
"","","","","Engagement","White Gold","The Blaire Ring - Oval and Round Trilogy","1016.00","white.jpg","images/the-blaire-ring-oval-and-round-trilogy/white.jpg","the-blaire-ring-oval-and-round-trilogy"
"","","","","Engagement","Rose Gold","The Blaire Ring - Oval and Round Trilogy","1016.00","rose.jpg","images/the-blaire-ring-oval-and-round-trilogy/rose.jpg","the-blaire-ring-oval-and-round-trilogy"
"","","","","Engagement","Yellow Gold","The Athaliah Ring - Oval and Marquise Curved Toi et Moi","963.00","yellow.jpg","images/the-athaliah-ring-oval-and-marquise-curved-toi-et-moi/yellow.jpg","the-athaliah-ring-oval-and-marquise-curved-toi-et-moi"
"","","","","Engagement","White Gold","The Athaliah Ring - Oval and Marquise Curved Toi et Moi","963.00","white.jpg","images/the-athaliah-ring-oval-and-marquise-curved-toi-et-moi/white.jpg","the-athaliah-ring-oval-and-marquise-curved-toi-et-moi"
"","","","","Engagement","Rose Gold","The Athaliah Ring - Oval and Marquise Curved Toi et Moi","963.00","rose.jpg","images/the-athaliah-ring-oval-and-marquise-curved-toi-et-moi/rose.jpg","the-athaliah-ring-oval-and-marquise-curved-toi-et-moi"
"","","","","Engagement","Yellow Gold","The Amira Ring™ - Elongated Cushion with Marquise Accents","1280.00","yellow.jpg","images/the-amira-ring-elongated-cushion-with-marquise-accents/yellow.jpg","the-amira-ring-elongated-cushion-with-marquise-accents"
"","","","","Engagement","White Gold","The Amira Ring™ - Elongated Cushion with Marquise Accents","1280.00","","","the-amira-ring-elongated-cushion-with-marquise-accents"
"","","","","Engagement","Rose Gold","The Amira Ring™ - Elongated Cushion with Marquise Accents","1280.00","rose.jpg","images/the-amira-ring-elongated-cushion-with-marquise-accents/rose.jpg","the-amira-ring-elongated-cushion-with-marquise-accents"
"","","","","Engagement","Yellow Gold","The Eloise Ring - Oval Antique Halo","1280.00","yellow.jpg","images/the-eloise-ring-oval-antique-halo/yellow.jpg","the-eloise-ring-oval-antique-halo"
"","","","","Engagement","White Gold","The Eloise Ring - Oval Antique Halo","1280.00","white.jpg","images/the-eloise-ring-oval-antique-halo/white.jpg","the-eloise-ring-oval-antique-halo"
"","","","","Engagement","Rose Gold","The Eloise Ring - Oval Antique Halo","1280.00","rose.jpg","images/the-eloise-ring-oval-antique-halo/rose.jpg","the-eloise-ring-oval-antique-halo"
"","","","","Engagement","Yellow Gold","The Florence Ring - Radiant and Pear Cathedral Trilogy","1227.00","yellow.jpg","images/the-florence-ring-radiant-pear-trilogy/yellow.jpg","the-florence-ring-radiant-pear-trilogy"
"","","","","Engagement","White Gold","The Florence Ring - Radiant and Pear Cathedral Trilogy","1227.00","","","the-florence-ring-radiant-pear-trilogy"
"","","","","Engagement","Rose Gold","The Florence Ring - Radiant and Pear Cathedral Trilogy","1227.00","rose.jpg","images/the-florence-ring-radiant-pear-trilogy/rose.jpg","the-florence-ring-radiant-pear-trilogy"
"","","","","Engagement","Yellow Gold","The Juniper Ring - Ornate Emerald With Accent Stones","968.00","yellow.jpg","images/juniper-ornate-emerald/yellow.jpg","juniper-ornate-emerald"
"","","","","Engagement","White Gold","The Juniper Ring - Ornate Emerald With Accent Stones","968.00","white.jpg","images/juniper-ornate-emerald/white.jpg","juniper-ornate-emerald"
"","","","","Engagement","Rose Gold","The Juniper Ring - Ornate Emerald With Accent Stones","968.00","rose.jpg","images/juniper-ornate-emerald/rose.jpg","juniper-ornate-emerald"
"","","","","Engagement","Yellow Gold","The Aurora Ring - Oval with Round Brilliant Accents","1280.00","yellow.jpg","images/the-aurora-ring-oval-with-round-brilliant-accents/yellow.jpg","the-aurora-ring-oval-with-round-brilliant-accents"
"","","","","Engagement","White Gold","The Aurora Ring - Oval with Round Brilliant Accents","1280.00","","","the-aurora-ring-oval-with-round-brilliant-accents"
"","","","","Engagement","Rose Gold","The Aurora Ring - Oval with Round Brilliant Accents","1280.00","rose.jpg","images/the-aurora-ring-oval-with-round-brilliant-accents/rose.jpg","the-aurora-ring-oval-with-round-brilliant-accents"
"","","","","Engagement","Yellow Gold","The Amira Ring™ - Round with Marquise Accents","1280.00","yellow.jpg","images/the-amira-ring-round-with-marquise-accents/yellow.jpg","the-amira-ring-round-with-marquise-accents"
"","","","","Engagement","White Gold","The Amira Ring™ - Round with Marquise Accents","1280.00","","","the-amira-ring-round-with-marquise-accents"
"","","","","Engagement","Rose Gold","The Amira Ring™ - Round with Marquise Accents","1280.00","rose.jpg","images/the-amira-ring-round-with-marquise-accents/rose.jpg","the-amira-ring-round-with-marquise-accents"
"","","","","Engagement","Yellow Gold","The Maya Ring - Round Curved Solitaire","910.00","yellow.jpg","images/the-maya-ring-round-curved-solitaire/yellow.jpg","the-maya-ring-round-curved-solitaire"
"","","","","Engagement","White Gold","The Maya Ring - Round Curved Solitaire","910.00","white.jpg","images/the-maya-ring-round-curved-solitaire/white.jpg","the-maya-ring-round-curved-solitaire"
"","","","","Engagement","Rose Gold","The Maya Ring - Round Curved Solitaire","910.00","rose.jpg","images/the-maya-ring-round-curved-solitaire/rose.jpg","the-maya-ring-round-curved-solitaire"
"","","","","Engagement","Yellow Gold","The Paloma Ring - Cushion Cathedral Solitaire","921.00","yellow.jpg","images/the-paloma-ring-cushion-cathedral-solitaire/yellow.jpg","the-paloma-ring-cushion-cathedral-solitaire"
"","","","","Engagement","White Gold","The Paloma Ring - Cushion Cathedral Solitaire","921.00","white.jpg","images/the-paloma-ring-cushion-cathedral-solitaire/white.jpg","the-paloma-ring-cushion-cathedral-solitaire"
"","","","","Engagement","Rose Gold","The Paloma Ring - Cushion Cathedral Solitaire","921.00","rose.jpg","images/the-paloma-ring-cushion-cathedral-solitaire/rose.jpg","the-paloma-ring-cushion-cathedral-solitaire"
"","","","","Engagement","Yellow Gold","The Elora Ring - East-West Oval Solitaire","804.00","yellow.jpg","images/the-elora-ring-east-west-oval-solitaire/yellow.jpg","the-elora-ring-east-west-oval-solitaire"
"","","","","Engagement","White Gold","The Elora Ring - East-West Oval Solitaire","804.00","white.jpg","images/the-elora-ring-east-west-oval-solitaire/white.jpg","the-elora-ring-east-west-oval-solitaire"
"","","","","Engagement","Rose Gold","The Elora Ring - East-West Oval Solitaire","804.00","rose.jpg","images/the-elora-ring-east-west-oval-solitaire/rose.jpg","the-elora-ring-east-west-oval-solitaire"
"","","","","Engagement","Yellow Gold","The Elise Ring - Split Shank Emerald Solitaire","1116.00","yellow.jpg","images/the-elise-ring-split-shank-emerald-solitaire/yellow.jpg","the-elise-ring-split-shank-emerald-solitaire"
"","","","","Engagement","White Gold","The Elise Ring - Split Shank Emerald Solitaire","1116.00","white.jpg","images/the-elise-ring-split-shank-emerald-solitaire/white.jpg","the-elise-ring-split-shank-emerald-solitaire"
"","","","","Engagement","Rose Gold","The Elise Ring - Split Shank Emerald Solitaire","1116.00","rose.jpg","images/the-elise-ring-split-shank-emerald-solitaire/rose.jpg","the-elise-ring-split-shank-emerald-solitaire"
"","","","","Engagement","Yellow Gold","The Elise Ring - Split Shank Marquise Solitaire","1127.00","yellow.jpg","images/the-elise-ring-split-shank-marquise-solitaire/yellow.jpg","the-elise-ring-split-shank-marquise-solitaire"
"","","","","Engagement","White Gold","The Elise Ring - Split Shank Marquise Solitaire","1127.00","white.jpg","images/the-elise-ring-split-shank-marquise-solitaire/white.jpg","the-elise-ring-split-shank-marquise-solitaire"
"","","","","Engagement","Rose Gold","The Elise Ring - Split Shank Marquise Solitaire","1127.00","rose.jpg","images/the-elise-ring-split-shank-marquise-solitaire/rose.jpg","the-elise-ring-split-shank-marquise-solitaire"
"","","","","Engagement","Yellow Gold","The Elise Ring - Split Shank Radiant Solitaire","1127.00","yellow.jpg","images/the-elise-ring-split-shank-radiant-solitaire/yellow.jpg","the-elise-ring-split-shank-radiant-solitaire"
"","","","","Engagement","White Gold","The Elise Ring - Split Shank Radiant Solitaire","1127.00","white.jpg","images/the-elise-ring-split-shank-radiant-solitaire/white.jpg","the-elise-ring-split-shank-radiant-solitaire"
"","","","","Engagement","Rose Gold","The Elise Ring - Split Shank Radiant Solitaire","1127.00","rose.jpg","images/the-elise-ring-split-shank-radiant-solitaire/rose.jpg","the-elise-ring-split-shank-radiant-solitaire"
"","","","","Engagement","Yellow Gold","The Aleasa Ring - Split Shank East-West Pear Solitaire","1116.00","yellow.jpg","images/the-aleasa-ring-split-shank-east-west-pear-solitaire/yellow.jpg","the-aleasa-ring-split-shank-east-west-pear-solitaire"
"","","","","Engagement","White Gold","The Aleasa Ring - Split Shank East-West Pear Solitaire","1116.00","white.jpg","images/the-aleasa-ring-split-shank-east-west-pear-solitaire/white.jpg","the-aleasa-ring-split-shank-east-west-pear-solitaire"
"","","","","Engagement","Rose Gold","The Aleasa Ring - Split Shank East-West Pear Solitaire","1116.00","rose.jpg","images/the-aleasa-ring-split-shank-east-west-pear-solitaire/rose.jpg","the-aleasa-ring-split-shank-east-west-pear-solitaire"
"","","","","Engagement","Yellow Gold","The Aleasa Ring - Split Shank East-West Radiant Solitaire","1127.00","yellow.jpg","images/the-aleasa-ring-split-shank-east-west-radiant-solitaire/yellow.jpg","the-aleasa-ring-split-shank-east-west-radiant-solitaire"
"","","","","Engagement","White Gold","The Aleasa Ring - Split Shank East-West Radiant Solitaire","1127.00","white.jpg","images/the-aleasa-ring-split-shank-east-west-radiant-solitaire/white.jpg","the-aleasa-ring-split-shank-east-west-radiant-solitaire"
"","","","","Engagement","Rose Gold","The Aleasa Ring - Split Shank East-West Radiant Solitaire","1127.00","rose.jpg","images/the-aleasa-ring-split-shank-east-west-radiant-solitaire/rose.jpg","the-aleasa-ring-split-shank-east-west-radiant-solitaire"
"","","","","Engagement","Yellow Gold","The Aleasa Ring - Split Shank East-West Oval Solitaire","1106.00","yellow.jpg","images/the-aleasa-ring-split-shank-east-west-oval-solitaire/yellow.jpg","the-aleasa-ring-split-shank-east-west-oval-solitaire"
"","","","","Engagement","White Gold","The Aleasa Ring - Split Shank East-West Oval Solitaire","1106.00","white.jpg","images/the-aleasa-ring-split-shank-east-west-oval-solitaire/white.jpg","the-aleasa-ring-split-shank-east-west-oval-solitaire"
"","","","","Engagement","Rose Gold","The Aleasa Ring - Split Shank East-West Oval Solitaire","1106.00","rose.jpg","images/the-aleasa-ring-split-shank-east-west-oval-solitaire/rose.jpg","the-aleasa-ring-split-shank-east-west-oval-solitaire"
"","","","","Engagement","Yellow Gold","The Aleasa Ring - Split Shank East-West Marquise Solitaire","1127.00","yellow.jpg","images/the-aleasa-ring-split-shank-east-west-marquise-solitaire/yellow.jpg","the-aleasa-ring-split-shank-east-west-marquise-solitaire"
"","","","","Engagement","White Gold","The Aleasa Ring - Split Shank East-West Marquise Solitaire","1127.00","white.jpg","images/the-aleasa-ring-split-shank-east-west-marquise-solitaire/white.jpg","the-aleasa-ring-split-shank-east-west-marquise-solitaire"
"","","","","Engagement","Rose Gold","The Aleasa Ring - Split Shank East-West Marquise Solitaire","1127.00","rose.jpg","images/the-aleasa-ring-split-shank-east-west-marquise-solitaire/rose.jpg","the-aleasa-ring-split-shank-east-west-marquise-solitaire"
"","","","","Engagement","Yellow Gold","The Aleasa Ring - Split Shank East-West Emerald Solitaire","1116.00","yellow.jpg","images/the-aleasa-ring-split-shank-east-west-emerald-solitaire/yellow.jpg","the-aleasa-ring-split-shank-east-west-emerald-solitaire"
"","","","","Engagement","White Gold","The Aleasa Ring - Split Shank East-West Emerald Solitaire","1116.00","white.jpg","images/the-aleasa-ring-split-shank-east-west-emerald-solitaire/white.jpg","the-aleasa-ring-split-shank-east-west-emerald-solitaire"
"","","","","Engagement","Rose Gold","The Aleasa Ring - Split Shank East-West Emerald Solitaire","1116.00","rose.jpg","images/the-aleasa-ring-split-shank-east-west-emerald-solitaire/rose.jpg","the-aleasa-ring-split-shank-east-west-emerald-solitaire"
"","","","","Engagement","Yellow Gold","The Aleasa Ring - Split Shank East-West Elongated Cushion Solitaire","1116.00","yellow.jpg","images/the-aleasa-ring-split-shank-east-west-elongated-cushion-solitaire/yellow.jpg","the-aleasa-ring-split-shank-east-west-elongated-cushion-solitaire"
"","","","","Engagement","White Gold","The Aleasa Ring - Split Shank East-West Elongated Cushion Solitaire","1116.00","white.jpg","images/the-aleasa-ring-split-shank-east-west-elongated-cushion-solitaire/white.jpg","the-aleasa-ring-split-shank-east-west-elongated-cushion-solitaire"
"","","","","Engagement","Rose Gold","The Aleasa Ring - Split Shank East-West Elongated Cushion Solitaire","1116.00","rose.jpg","images/the-aleasa-ring-split-shank-east-west-elongated-cushion-solitaire/rose.jpg","the-aleasa-ring-split-shank-east-west-elongated-cushion-solitaire"
"","","","","Engagement","Yellow Gold","The Oriana Ring - Split Shank Round Trilogy","1709.00","yellow.jpg","images/the-elise-ring-split-shank-round-trilogy/yellow.jpg","the-elise-ring-split-shank-round-trilogy"
"","","","","Engagement","White Gold","The Oriana Ring - Split Shank Round Trilogy","1709.00","white.jpg","images/the-elise-ring-split-shank-round-trilogy/white.jpg","the-elise-ring-split-shank-round-trilogy"
"","","","","Engagement","Rose Gold","The Oriana Ring - Split Shank Round Trilogy","1709.00","rose.jpg","images/the-elise-ring-split-shank-round-trilogy/rose.jpg","the-elise-ring-split-shank-round-trilogy"
"","","","","Engagement","Yellow Gold","The Oriana Ring - Split Shank Elongated Cushion and Cushion Trilogy","1687.00","yellow.jpg","images/the-oriana-ring-split-shank-elongated-cushion-and-cushion-trilogy/yellow.jpg","the-oriana-ring-split-shank-elongated-cushion-and-cushion-trilogy"
"","","","","Engagement","White Gold","The Oriana Ring - Split Shank Elongated Cushion and Cushion Trilogy","1687.00","white.jpg","images/the-oriana-ring-split-shank-elongated-cushion-and-cushion-trilogy/white.jpg","the-oriana-ring-split-shank-elongated-cushion-and-cushion-trilogy"
"","","","","Engagement","Rose Gold","The Oriana Ring - Split Shank Elongated Cushion and Cushion Trilogy","1687.00","rose.jpg","images/the-oriana-ring-split-shank-elongated-cushion-and-cushion-trilogy/rose.jpg","the-oriana-ring-split-shank-elongated-cushion-and-cushion-trilogy"
"","","","","Engagement","Yellow Gold","The Oriana Ring - Split Shank Oval Trilogy","1709.00","yellow.jpg","images/the-oriana-ring-split-shank-oval-trilogy/yellow.jpg","the-oriana-ring-split-shank-oval-trilogy"
"","","","","Engagement","White Gold","The Oriana Ring - Split Shank Oval Trilogy","1709.00","white.jpg","images/the-oriana-ring-split-shank-oval-trilogy/white.jpg","the-oriana-ring-split-shank-oval-trilogy"
"","","","","Engagement","Rose Gold","The Oriana Ring - Split Shank Oval Trilogy","1709.00","rose.jpg","images/the-oriana-ring-split-shank-oval-trilogy/rose.jpg","the-oriana-ring-split-shank-oval-trilogy"
"","","","","Engagement","Yellow Gold","The Elise Ring - Split Shank Cushion Solitaire","1111.00","yellow.jpg","images/the-elise-ring-split-shank-cushion-solitaire/yellow.jpg","the-elise-ring-split-shank-cushion-solitaire"
"","","","","Engagement","White Gold","The Elise Ring - Split Shank Cushion Solitaire","1111.00","white.jpg","images/the-elise-ring-split-shank-cushion-solitaire/white.jpg","the-elise-ring-split-shank-cushion-solitaire"
"","","","","Engagement","Rose Gold","The Elise Ring - Split Shank Cushion Solitaire","1111.00","rose.jpg","images/the-elise-ring-split-shank-cushion-solitaire/rose.jpg","the-elise-ring-split-shank-cushion-solitaire"
"","","","","Engagement","Yellow Gold","The Elise Ring - Split Shank Asscher Solitaire","1116.00","yellow.jpg","images/the-elise-ring-split-shank-asscher-solitaire/yellow.jpg","the-elise-ring-split-shank-asscher-solitaire"
"","","","","Engagement","White Gold","The Elise Ring - Split Shank Asscher Solitaire","1116.00","white.jpg","images/the-elise-ring-split-shank-asscher-solitaire/white.jpg","the-elise-ring-split-shank-asscher-solitaire"
"","","","","Engagement","Rose Gold","The Elise Ring - Split Shank Asscher Solitaire","1116.00","rose.jpg","images/the-elise-ring-split-shank-asscher-solitaire/rose.jpg","the-elise-ring-split-shank-asscher-solitaire"
"","","","","Engagement","Yellow Gold","The Elise Ring - Split Shank Round Solitaire","1106.00","yellow.jpg","images/the-elise-ring-split-shank-round-solitaire/yellow.jpg","the-elise-ring-split-shank-round-solitaire"
"","","","","Engagement","White Gold","The Elise Ring - Split Shank Round Solitaire","1106.00","white.jpg","images/the-elise-ring-split-shank-round-solitaire/white.jpg","the-elise-ring-split-shank-round-solitaire"
"","","","","Engagement","Rose Gold","The Elise Ring - Split Shank Round Solitaire","1106.00","rose.jpg","images/the-elise-ring-split-shank-round-solitaire/rose.jpg","the-elise-ring-split-shank-round-solitaire"
"","","","","Engagement","Yellow Gold","The Elise Ring - Split Shank Pear Solitaire","1106.00","yellow.jpg","images/the-elise-ring-split-shank-pear-solitaire/yellow.jpg","the-elise-ring-split-shank-pear-solitaire"
"","","","","Engagement","White Gold","The Elise Ring - Split Shank Pear Solitaire","1106.00","white.jpg","images/the-elise-ring-split-shank-pear-solitaire/white.jpg","the-elise-ring-split-shank-pear-solitaire"
"","","","","Engagement","Rose Gold","The Elise Ring - Split Shank Pear Solitaire","1106.00","rose.jpg","images/the-elise-ring-split-shank-pear-solitaire/rose.jpg","the-elise-ring-split-shank-pear-solitaire"
"","","","","Engagement","Yellow Gold","The Elise Ring - Split Shank Elongated Cushion Solitaire","1127.00","yellow.jpg","images/the-elise-ring-split-shank-elongated-cushion-solitaire/yellow.jpg","the-elise-ring-split-shank-elongated-cushion-solitaire"
"","","","","Engagement","White Gold","The Elise Ring - Split Shank Elongated Cushion Solitaire","1127.00","white.jpg","images/the-elise-ring-split-shank-elongated-cushion-solitaire/white.jpg","the-elise-ring-split-shank-elongated-cushion-solitaire"
"","","","","Engagement","Rose Gold","The Elise Ring - Split Shank Elongated Cushion Solitaire","1127.00","rose.jpg","images/the-elise-ring-split-shank-elongated-cushion-solitaire/rose.jpg","the-elise-ring-split-shank-elongated-cushion-solitaire"
"","","","","Engagement","Yellow Gold","The Elise Ring - Split Shank Oval Solitaire","1106.00","yellow.jpg","images/the-elise-ring-split-shank-oval-solitaire/yellow.jpg","the-elise-ring-split-shank-oval-solitaire"
"","","","","Engagement","White Gold","The Elise Ring - Split Shank Oval Solitaire","1106.00","white.jpg","images/the-elise-ring-split-shank-oval-solitaire/white.jpg","the-elise-ring-split-shank-oval-solitaire"
"","","","","Engagement","Rose Gold","The Elise Ring - Split Shank Oval Solitaire","1106.00","rose.jpg","images/the-elise-ring-split-shank-oval-solitaire/rose.jpg","the-elise-ring-split-shank-oval-solitaire"
"","","","","Engagement","Yellow Gold","The Emerie Ring - Double Band Oval and Pear Toi Et Moi","1571.00","yellow.jpg","images/the-emerie-ring-oval-pear-toi-et-moi/yellow.jpg","the-emerie-ring-oval-pear-toi-et-moi"
"","","","","Engagement","White Gold","The Emerie Ring - Double Band Oval and Pear Toi Et Moi","1571.00","white.jpg","images/the-emerie-ring-oval-pear-toi-et-moi/white.jpg","the-emerie-ring-oval-pear-toi-et-moi"
"","","","","Engagement","Rose Gold","The Emerie Ring - Double Band Oval and Pear Toi Et Moi","1571.00","rose.jpg","images/the-emerie-ring-oval-pear-toi-et-moi/rose.jpg","the-emerie-ring-oval-pear-toi-et-moi"
"","","","","Engagement","Yellow Gold","The Elmira Ring - East-West Asscher Cathedral Solitaire","905.00","yellow.jpg","images/the-elmira-ring-east-west-asscher-cathedral-solitaire/yellow.jpg","the-elmira-ring-east-west-asscher-cathedral-solitaire"
"","","","","Engagement","White Gold","The Elmira Ring - East-West Asscher Cathedral Solitaire","905.00","white.jpg","images/the-elmira-ring-east-west-asscher-cathedral-solitaire/white.jpg","the-elmira-ring-east-west-asscher-cathedral-solitaire"
"","","","","Engagement","Rose Gold","The Elmira Ring - East-West Asscher Cathedral Solitaire","905.00","rose.jpg","images/the-elmira-ring-east-west-asscher-cathedral-solitaire/rose.jpg","the-elmira-ring-east-west-asscher-cathedral-solitaire"
"","","","","Engagement","Yellow Gold","The Elijah Ring - Floating Oval Solitaire with Pavé Band","1550.00","yellow.jpg","images/the-elijah-ring-floating-oval-solitaire-with-pave-band/yellow.jpg","the-elijah-ring-floating-oval-solitaire-with-pave-band"
"","","","","Engagement","White Gold","The Elijah Ring - Floating Oval Solitaire with Pavé Band","1550.00","white.jpg","images/the-elijah-ring-floating-oval-solitaire-with-pave-band/white.jpg","the-elijah-ring-floating-oval-solitaire-with-pave-band"
"","","","","Engagement","Rose Gold","The Elijah Ring - Floating Oval Solitaire with Pavé Band","1550.00","rose.jpg","images/the-elijah-ring-floating-oval-solitaire-with-pave-band/rose.jpg","the-elijah-ring-floating-oval-solitaire-with-pave-band"
"","","","","Engagement","Yellow Gold","The Sarina Ring - Floating Oval Solitaire with Twisted Band","1106.00","yellow.jpg","images/the-sarina-ring-floating-oval-solitaire-with-twisted-band/yellow.jpg","the-sarina-ring-floating-oval-solitaire-with-twisted-band"
"","","","","Engagement","White Gold","The Sarina Ring - Floating Oval Solitaire with Twisted Band","1106.00","white.jpg","images/the-sarina-ring-floating-oval-solitaire-with-twisted-band/white.jpg","the-sarina-ring-floating-oval-solitaire-with-twisted-band"
"","","","","Engagement","Rose Gold","The Sarina Ring - Floating Oval Solitaire with Twisted Band","1106.00","rose.jpg","images/the-sarina-ring-floating-oval-solitaire-with-twisted-band/rose.jpg","the-sarina-ring-floating-oval-solitaire-with-twisted-band"
"","","","","Engagement","Yellow Gold","The Amira Ring™ - Emerald with Marquise Accents","1280.00","yellow.jpg","images/the-amira-ring-emerald-with-marquise-accents/yellow.jpg","the-amira-ring-emerald-with-marquise-accents"
"","","","","Engagement","White Gold","The Amira Ring™ - Emerald with Marquise Accents","1280.00","","","the-amira-ring-emerald-with-marquise-accents"
"","","","","Engagement","Rose Gold","The Amira Ring™ - Emerald with Marquise Accents","1280.00","rose.jpg","images/the-amira-ring-emerald-with-marquise-accents/rose.jpg","the-amira-ring-emerald-with-marquise-accents"
"","","","","Engagement","Yellow Gold","The Noa Ring - Radiant and Trilliant Trilogy","1386.00","yellow.jpg","images/the-noa-ring-radiant-and-trilliant-trilogy/yellow.jpg","the-noa-ring-radiant-and-trilliant-trilogy"
"","","","","Engagement","White Gold","The Noa Ring - Radiant and Trilliant Trilogy","1386.00","white.jpg","images/the-noa-ring-radiant-and-trilliant-trilogy/white.jpg","the-noa-ring-radiant-and-trilliant-trilogy"
"","","","","Engagement","Rose Gold","The Noa Ring - Radiant and Trilliant Trilogy","1386.00","rose.jpg","images/the-noa-ring-radiant-and-trilliant-trilogy/rose.jpg","the-noa-ring-radiant-and-trilliant-trilogy"
"","","","","Engagement","Yellow Gold","The Anya Ring - Oval and Half Moon Trilogy","1280.00","yellow.jpg","images/the-anya-ring-oval-and-half-moon-trilogy/yellow.jpg","the-anya-ring-oval-and-half-moon-trilogy"
"","","","","Engagement","White Gold","The Anya Ring - Oval and Half Moon Trilogy","1280.00","white.jpg","images/the-anya-ring-oval-and-half-moon-trilogy/white.jpg","the-anya-ring-oval-and-half-moon-trilogy"
"","","","","Engagement","Rose Gold","The Anya Ring - Oval and Half Moon Trilogy","1280.00","rose.jpg","images/the-anya-ring-oval-and-half-moon-trilogy/rose.jpg","the-anya-ring-oval-and-half-moon-trilogy"
"","","","","Engagement","Yellow Gold","The Ludae Ring - Marquise Cigar Solitaire","1201.00","yellow.jpg","images/the-ludae-ring-marquise-cigar-solitaire/yellow.jpg","the-ludae-ring-marquise-cigar-solitaire"
"","","","","Engagement","White Gold","The Ludae Ring - Marquise Cigar Solitaire","1201.00","white.jpg","images/the-ludae-ring-marquise-cigar-solitaire/white.jpg","the-ludae-ring-marquise-cigar-solitaire"
"","","","","Engagement","Rose Gold","The Ludae Ring - Marquise Cigar Solitaire","1201.00","rose.jpg","images/the-ludae-ring-marquise-cigar-solitaire/rose.jpg","the-ludae-ring-marquise-cigar-solitaire"
"","","","","Engagement","Yellow Gold","The Ludae Ring - Oval Cigar Solitaire","1201.00","yellow.jpg","images/the-ludae-ring-oval-cigar-solitaire/yellow.jpg","the-ludae-ring-oval-cigar-solitaire"
"","","","","Engagement","White Gold","The Ludae Ring - Oval Cigar Solitaire","1201.00","white.jpg","images/the-ludae-ring-oval-cigar-solitaire/white.jpg","the-ludae-ring-oval-cigar-solitaire"
"","","","","Engagement","Rose Gold","The Ludae Ring - Oval Cigar Solitaire","1201.00","rose.jpg","images/the-ludae-ring-oval-cigar-solitaire/rose.jpg","the-ludae-ring-oval-cigar-solitaire"
"","","","","Engagement","Yellow Gold","The Eloise Ring - Radiant Antique Halo","1280.00","yellow.jpg","images/the-eloise-ring-radiant-antique-halo/yellow.jpg","the-eloise-ring-radiant-antique-halo"
"","","","","Engagement","White Gold","The Eloise Ring - Radiant Antique Halo","1280.00","white.jpg","images/the-eloise-ring-radiant-antique-halo/white.jpg","the-eloise-ring-radiant-antique-halo"
"","","","","Engagement","Rose Gold","The Eloise Ring - Radiant Antique Halo","1280.00","rose.jpg","images/the-eloise-ring-radiant-antique-halo/rose.jpg","the-eloise-ring-radiant-antique-halo"
"","","","","Engagement","Yellow Gold","The Emerie Ring - Oval Double Band Solitaire","1465.00","yellow.jpg","images/the-emerie-ring-oval-solitaire/yellow.jpg","the-emerie-ring-oval-solitaire"
"","","","","Engagement","White Gold","The Emerie Ring - Oval Double Band Solitaire","1465.00","white.jpg","images/the-emerie-ring-oval-solitaire/white.jpg","the-emerie-ring-oval-solitaire"
"","","","","Engagement","Rose Gold","The Emerie Ring - Oval Double Band Solitaire","1465.00","rose.jpg","images/the-emerie-ring-oval-solitaire/rose.jpg","the-emerie-ring-oval-solitaire"
"","","","","Engagement","Yellow Gold","The Althea Ring - Oval Cluster","1317.00","yellow.jpg","images/the-althea-ring-oval-trilogy-cluster/yellow.jpg","the-althea-ring-oval-trilogy-cluster"
"","","","","Engagement","White Gold","The Althea Ring - Oval Cluster","1317.00","","","the-althea-ring-oval-trilogy-cluster"
"","","","","Engagement","Rose Gold","The Althea Ring - Oval Cluster","1317.00","rose.jpg","images/the-althea-ring-oval-trilogy-cluster/rose.jpg","the-althea-ring-oval-trilogy-cluster"
"","","","","Engagement","Yellow Gold","The Astraea Ring - Round Brilliant Cluster","1291.00","yellow.jpg","images/the-astraea-ring-round-brilliant-trilogy-cluster/yellow.jpg","the-astraea-ring-round-brilliant-trilogy-cluster"
"","","","","Engagement","White Gold","The Astraea Ring - Round Brilliant Cluster","1291.00","","","the-astraea-ring-round-brilliant-trilogy-cluster"
"","","","","Engagement","Rose Gold","The Astraea Ring - Round Brilliant Cluster","1291.00","rose.jpg","images/the-astraea-ring-round-brilliant-trilogy-cluster/rose.jpg","the-astraea-ring-round-brilliant-trilogy-cluster"
"","","","","Engagement","Yellow Gold","The Luise Ring® - Oval Halo","1106.00","yellow.jpg","images/the-luise-ring-oval-halo/yellow.jpg","the-luise-ring-oval-halo"
"","","","","Engagement","White Gold","The Luise Ring® - Oval Halo","1106.00","white.jpg","images/the-luise-ring-oval-halo/white.jpg","the-luise-ring-oval-halo"
"","","","","Engagement","Rose Gold","The Luise Ring® - Oval Halo","1106.00","rose.jpg","images/the-luise-ring-oval-halo/rose.jpg","the-luise-ring-oval-halo"
"","","","","Engagement","Yellow Gold","The Sophia Ring - Pear Halo","1249.00","yellow.jpg","images/the-sophia-ring-pear-halo/yellow.jpg","the-sophia-ring-pear-halo"
"","","","","Engagement","White Gold","The Sophia Ring - Pear Halo","1249.00","white.jpg","images/the-sophia-ring-pear-halo/white.jpg","the-sophia-ring-pear-halo"
"","","","","Engagement","Rose Gold","The Sophia Ring - Pear Halo","1249.00","rose.jpg","images/the-sophia-ring-pear-halo/rose.jpg","the-sophia-ring-pear-halo"
"","","","","Engagement","Yellow Gold","The Isla Ring - Round Halo","1211.00","yellow.jpg","images/the-isla-ring-round-brilliant-halo/yellow.jpg","the-isla-ring-round-brilliant-halo"
"","","","","Engagement","White Gold","The Isla Ring - Round Halo","1211.00","white.jpg","images/the-isla-ring-round-brilliant-halo/white.jpg","the-isla-ring-round-brilliant-halo"
"","","","","Engagement","Rose Gold","The Isla Ring - Round Halo","1211.00","rose.jpg","images/the-isla-ring-round-brilliant-halo/rose.jpg","the-isla-ring-round-brilliant-halo"
"","","","","Engagement","Yellow Gold","The Audrey Ring - Emerald Halo","1249.00","yellow.jpg","images/the-audrey-ring-emerald-halo/yellow.jpg","the-audrey-ring-emerald-halo"
"","","","","Engagement","White Gold","The Audrey Ring - Emerald Halo","1249.00","white.jpg","images/the-audrey-ring-emerald-halo/white.jpg","the-audrey-ring-emerald-halo"
"","","","","Engagement","Rose Gold","The Audrey Ring - Emerald Halo","1249.00","rose.jpg","images/the-audrey-ring-emerald-halo/rose.jpg","the-audrey-ring-emerald-halo"
"","","","","Engagement","Yellow Gold","The Audrey Ring - 1.52ct Lab Diamond Emerald Cathedral Solitaire With Hidden Halo","2581.00","","","the-audrey-ring-1-52ct-lab-grown-emerald-cathedral-solitaire-with-hidden-halo-1"
"","","","","Engagement","White Gold","The Audrey Ring - 1.52ct Lab Diamond Emerald Cathedral Solitaire With Hidden Halo","2581.00","white.jpg","images/the-audrey-ring-1-52ct-lab-grown-emerald-cathedral-solitaire-with-hidden-halo-1/white.jpg","the-audrey-ring-1-52ct-lab-grown-emerald-cathedral-solitaire-with-hidden-halo-1"
"","","","","Engagement","Rose Gold","The Audrey Ring - 1.52ct Lab Diamond Emerald Cathedral Solitaire With Hidden Halo","2581.00","","","the-audrey-ring-1-52ct-lab-grown-emerald-cathedral-solitaire-with-hidden-halo-1"
"","","","","Engagement","Yellow Gold","The Isla Ring - 1.5ct Moissanite Round Cathedral Solitaire","1518.00","yellow.jpg","images/the-isla-ring-1-5ct-round-moissanite-cathedral-solitaire-2/yellow.jpg","the-isla-ring-1-5ct-round-moissanite-cathedral-solitaire-2"
"","","","","Engagement","White Gold","The Isla Ring - 1.5ct Moissanite Round Cathedral Solitaire","1518.00","","","the-isla-ring-1-5ct-round-moissanite-cathedral-solitaire-2"
"","","","","Engagement","Rose Gold","The Isla Ring - 1.5ct Moissanite Round Cathedral Solitaire","1518.00","","","the-isla-ring-1-5ct-round-moissanite-cathedral-solitaire-2"
"","","","","Engagement","Yellow Gold","The Audrey Ring - 1.9ct Moissanite Emerald Cathedral Solitaire","1867.00","yellow.jpg","images/the-audrey-ring-1-9ct-moissanite-emerald-cathedral-solitaire-copy/yellow.jpg","the-audrey-ring-1-9ct-moissanite-emerald-cathedral-solitaire-copy"
"","","","","Engagement","White Gold","The Audrey Ring - 1.9ct Moissanite Emerald Cathedral Solitaire","1867.00","","","the-audrey-ring-1-9ct-moissanite-emerald-cathedral-solitaire-copy"
"","","","","Engagement","Rose Gold","The Audrey Ring - 1.9ct Moissanite Emerald Cathedral Solitaire","1867.00","","","the-audrey-ring-1-9ct-moissanite-emerald-cathedral-solitaire-copy"
"","","","","Engagement","Yellow Gold","The Florence Ring - Emerald and Pear Cathedral Trilogy","1227.00","yellow.jpg","images/the-florence-ring-emerald-pear-trilogy/yellow.jpg","the-florence-ring-emerald-pear-trilogy"
"","","","","Engagement","White Gold","The Florence Ring - Emerald and Pear Cathedral Trilogy","1227.00","white.jpg","images/the-florence-ring-emerald-pear-trilogy/white.jpg","the-florence-ring-emerald-pear-trilogy"
"","","","","Engagement","Rose Gold","The Florence Ring - Emerald and Pear Cathedral Trilogy","1227.00","rose.jpg","images/the-florence-ring-emerald-pear-trilogy/rose.jpg","the-florence-ring-emerald-pear-trilogy"
"","","","","Engagement","Yellow Gold","The Arie Ring - 2.4ct Moissanite Marquise Solitaire","1677.00","","","the-arie-ring-2-4ct-moissanite-marquise-solitaire-1"
"","","","","Engagement","White Gold","The Arie Ring - 2.4ct Moissanite Marquise Solitaire","1677.00","","","the-arie-ring-2-4ct-moissanite-marquise-solitaire-1"
"","","","","Engagement","Rose Gold","The Arie Ring - 2.4ct Moissanite Marquise Solitaire","1677.00","rose.jpg","images/the-arie-ring-2-4ct-moissanite-marquise-solitaire-1/rose.jpg","the-arie-ring-2-4ct-moissanite-marquise-solitaire-1"
"","","","","Engagement","Yellow Gold","The Audrey Ring - 2.00ct Lab Diamond Emerald Solitaire","4125.00","yellow.jpg","images/the-audrey-ring-2-00ct-lab-grown-emerald-solitaire/yellow.jpg","the-audrey-ring-2-00ct-lab-grown-emerald-solitaire"
"","","","","Engagement","White Gold","The Audrey Ring - 2.00ct Lab Diamond Emerald Solitaire","4125.00","","","the-audrey-ring-2-00ct-lab-grown-emerald-solitaire"
"","","","","Engagement","Rose Gold","The Audrey Ring - 2.00ct Lab Diamond Emerald Solitaire","4125.00","","","the-audrey-ring-2-00ct-lab-grown-emerald-solitaire"
"","","","","Engagement","Yellow Gold","The Paloma Ring - 1.51ct Lab Diamond Square Cushion Halo Solitaire","2978.00","","","the-luise-ring-1-51ct-lab-grown-diamond-square-cushion-halo-solitaire"
"","","","","Engagement","White Gold","The Paloma Ring - 1.51ct Lab Diamond Square Cushion Halo Solitaire","2978.00","white.jpg","images/the-luise-ring-1-51ct-lab-grown-diamond-square-cushion-halo-solitaire/white.jpg","the-luise-ring-1-51ct-lab-grown-diamond-square-cushion-halo-solitaire"
"","","","","Engagement","Rose Gold","The Paloma Ring - 1.51ct Lab Diamond Square Cushion Halo Solitaire","2978.00","","","the-luise-ring-1-51ct-lab-grown-diamond-square-cushion-halo-solitaire"
"","","","","Engagement","Yellow Gold","The Ophelia Ring - Elongated Cushion Bezel Solitaire","868.00","yellow.jpg","images/the-ophelia-ring-elongated-cushion-bezel-solitaire-1/yellow.jpg","the-ophelia-ring-elongated-cushion-bezel-solitaire-1"
"","","","","Engagement","White Gold","The Ophelia Ring - Elongated Cushion Bezel Solitaire","868.00","white.jpg","images/the-ophelia-ring-elongated-cushion-bezel-solitaire-1/white.jpg","the-ophelia-ring-elongated-cushion-bezel-solitaire-1"
"","","","","Engagement","Rose Gold","The Ophelia Ring - Elongated Cushion Bezel Solitaire","868.00","rose.jpg","images/the-ophelia-ring-elongated-cushion-bezel-solitaire-1/rose.jpg","the-ophelia-ring-elongated-cushion-bezel-solitaire-1"
"","","","","Engagement","Yellow Gold","The Arie Ring - Marquise Bezel Solitaire","857.00","yellow.jpg","images/the-arie-ring-marquise-bezel-solitaire-1/yellow.jpg","the-arie-ring-marquise-bezel-solitaire-1"
"","","","","Engagement","White Gold","The Arie Ring - Marquise Bezel Solitaire","857.00","white.jpg","images/the-arie-ring-marquise-bezel-solitaire-1/white.jpg","the-arie-ring-marquise-bezel-solitaire-1"
"","","","","Engagement","Rose Gold","The Arie Ring - Marquise Bezel Solitaire","857.00","rose.jpg","images/the-arie-ring-marquise-bezel-solitaire-1/rose.jpg","the-arie-ring-marquise-bezel-solitaire-1"
"","","","","Engagement","Yellow Gold","The Sophia Ring - East-West Pear Cathedral Solitaire","921.00","yellow.jpg","images/the-sophia-ring-east-west-pear-cathedral-solitaire/yellow.jpg","the-sophia-ring-east-west-pear-cathedral-solitaire"
"","","","","Engagement","White Gold","The Sophia Ring - East-West Pear Cathedral Solitaire","921.00","white.jpg","images/the-sophia-ring-east-west-pear-cathedral-solitaire/white.jpg","the-sophia-ring-east-west-pear-cathedral-solitaire"
"","","","","Engagement","Rose Gold","The Sophia Ring - East-West Pear Cathedral Solitaire","921.00","rose.jpg","images/the-sophia-ring-east-west-pear-cathedral-solitaire/rose.jpg","the-sophia-ring-east-west-pear-cathedral-solitaire"
"","","","","Engagement","Yellow Gold","The Arie Ring - East-West Marquise Cathedral Solitaire","937.00","yellow.jpg","images/the-arie-ring-east-west-marquise-cathedral-solitaire/yellow.jpg","the-arie-ring-east-west-marquise-cathedral-solitaire"
"","","","","Engagement","White Gold","The Arie Ring - East-West Marquise Cathedral Solitaire","937.00","white.jpg","images/the-arie-ring-east-west-marquise-cathedral-solitaire/white.jpg","the-arie-ring-east-west-marquise-cathedral-solitaire"
"","","","","Engagement","Rose Gold","The Arie Ring - East-West Marquise Cathedral Solitaire","937.00","rose.jpg","images/the-arie-ring-east-west-marquise-cathedral-solitaire/rose.jpg","the-arie-ring-east-west-marquise-cathedral-solitaire"
"","","","","Engagement","Yellow Gold","The Audrey Ring -  East-West Emerald Cathedral Solitaire","931.00","yellow.jpg","images/the-audrey-ring-east-west-emerald-cathedral-solitaire/yellow.jpg","the-audrey-ring-east-west-emerald-cathedral-solitaire"
"","","","","Engagement","White Gold","The Audrey Ring -  East-West Emerald Cathedral Solitaire","931.00","white.jpg","images/the-audrey-ring-east-west-emerald-cathedral-solitaire/white.jpg","the-audrey-ring-east-west-emerald-cathedral-solitaire"
"","","","","Engagement","Rose Gold","The Audrey Ring -  East-West Emerald Cathedral Solitaire","931.00","rose.jpg","images/the-audrey-ring-east-west-emerald-cathedral-solitaire/rose.jpg","the-audrey-ring-east-west-emerald-cathedral-solitaire"
"","","","","Engagement","Yellow Gold","The Vienna Ring -  East-West Radiant Cathedral Solitaire","937.00","yellow.jpg","images/the-vienna-ring-east-west-radiant-cathedral-solitaire/yellow.jpg","the-vienna-ring-east-west-radiant-cathedral-solitaire"
"","","","","Engagement","White Gold","The Vienna Ring -  East-West Radiant Cathedral Solitaire","937.00","white.jpg","images/the-vienna-ring-east-west-radiant-cathedral-solitaire/white.jpg","the-vienna-ring-east-west-radiant-cathedral-solitaire"
"","","","","Engagement","Rose Gold","The Vienna Ring -  East-West Radiant Cathedral Solitaire","937.00","rose.jpg","images/the-vienna-ring-east-west-radiant-cathedral-solitaire/rose.jpg","the-vienna-ring-east-west-radiant-cathedral-solitaire"
"","","","","Engagement","Yellow Gold","The Luise Ring® - East-West Oval Cathedral Solitaire","910.00","yellow.jpg","images/the-luise-ring-east-west-oval-cathedral-solitaire/yellow.jpg","the-luise-ring-east-west-oval-cathedral-solitaire"
"","","","","Engagement","White Gold","The Luise Ring® - East-West Oval Cathedral Solitaire","910.00","white.jpg","images/the-luise-ring-east-west-oval-cathedral-solitaire/white.jpg","the-luise-ring-east-west-oval-cathedral-solitaire"
"","","","","Engagement","Rose Gold","The Luise Ring® - East-West Oval Cathedral Solitaire","910.00","rose.jpg","images/the-luise-ring-east-west-oval-cathedral-solitaire/rose.jpg","the-luise-ring-east-west-oval-cathedral-solitaire"
"","","","","Engagement","Yellow Gold","The Ophelia Ring - East-West Elongated Cushion Cathedral Solitaire","947.00","yellow.jpg","images/the-ophelia-ring-east-west-elongated-cushion-cathedral-solitaire/yellow.jpg","the-ophelia-ring-east-west-elongated-cushion-cathedral-solitaire"
"","","","","Engagement","White Gold","The Ophelia Ring - East-West Elongated Cushion Cathedral Solitaire","947.00","white.jpg","images/the-ophelia-ring-east-west-elongated-cushion-cathedral-solitaire/white.jpg","the-ophelia-ring-east-west-elongated-cushion-cathedral-solitaire"
"","","","","Engagement","Rose Gold","The Ophelia Ring - East-West Elongated Cushion Cathedral Solitaire","947.00","rose.jpg","images/the-ophelia-ring-east-west-elongated-cushion-cathedral-solitaire/rose.jpg","the-ophelia-ring-east-west-elongated-cushion-cathedral-solitaire"
"","","","","Engagement","Yellow Gold","The Sorelle Ring - Suspended Oval Solitaire Wrap Ring","989.00","yellow.jpg","images/the-sorelle-ring-suspended-oval-solitaire-wrap-ring/yellow.jpg","the-sorelle-ring-suspended-oval-solitaire-wrap-ring"
"","","","","Engagement","White Gold","The Sorelle Ring - Suspended Oval Solitaire Wrap Ring","989.00","white.jpg","images/the-sorelle-ring-suspended-oval-solitaire-wrap-ring/white.jpg","the-sorelle-ring-suspended-oval-solitaire-wrap-ring"
"","","","","Engagement","Rose Gold","The Sorelle Ring - Suspended Oval Solitaire Wrap Ring","989.00","rose.jpg","images/the-sorelle-ring-suspended-oval-solitaire-wrap-ring/rose.jpg","the-sorelle-ring-suspended-oval-solitaire-wrap-ring"
"","","","","Engagement","Yellow Gold","The Azariah Ring - Elongated Cushion Solitaire with Double Curved Band","1444.00","yellow.jpg","images/the-azariah-ring-elongated-cushion-solitaire-with-double-curved-band-1/yellow.jpg","the-azariah-ring-elongated-cushion-solitaire-with-double-curved-band-1"
"","","","","Engagement","White Gold","The Azariah Ring - Elongated Cushion Solitaire with Double Curved Band","1444.00","white.jpg","images/the-azariah-ring-elongated-cushion-solitaire-with-double-curved-band-1/white.jpg","the-azariah-ring-elongated-cushion-solitaire-with-double-curved-band-1"
"","","","","Engagement","Rose Gold","The Azariah Ring - Elongated Cushion Solitaire with Double Curved Band","1444.00","rose.jpg","images/the-azariah-ring-elongated-cushion-solitaire-with-double-curved-band-1/rose.jpg","the-azariah-ring-elongated-cushion-solitaire-with-double-curved-band-1"
"","","","","Engagement","Yellow Gold","The Azariah Ring - Oval Solitaire with Double Curved Band","1444.00","yellow.jpg","images/the-azariah-ring-elongated-cushion-solitaire-with-double-curved-band/yellow.jpg","the-azariah-ring-elongated-cushion-solitaire-with-double-curved-band"
"","","","","Engagement","White Gold","The Azariah Ring - Oval Solitaire with Double Curved Band","1444.00","white.jpg","images/the-azariah-ring-elongated-cushion-solitaire-with-double-curved-band/white.jpg","the-azariah-ring-elongated-cushion-solitaire-with-double-curved-band"
"","","","","Engagement","Rose Gold","The Azariah Ring - Oval Solitaire with Double Curved Band","1444.00","rose.jpg","images/the-azariah-ring-elongated-cushion-solitaire-with-double-curved-band/rose.jpg","the-azariah-ring-elongated-cushion-solitaire-with-double-curved-band"
"","","","","Engagement","Yellow Gold","The Thérèse Ring - Floating Oval Solitaire with Twisted Band","1148.00","yellow.jpg","images/the-therese-ring-floating-oval-solitaire-with-twisted-band/yellow.jpg","the-therese-ring-floating-oval-solitaire-with-twisted-band"
"","","","","Engagement","White Gold","The Thérèse Ring - Floating Oval Solitaire with Twisted Band","1148.00","white.jpg","images/the-therese-ring-floating-oval-solitaire-with-twisted-band/white.jpg","the-therese-ring-floating-oval-solitaire-with-twisted-band"
"","","","","Engagement","Rose Gold","The Thérèse Ring - Floating Oval Solitaire with Twisted Band","1148.00","rose.jpg","images/the-therese-ring-floating-oval-solitaire-with-twisted-band/rose.jpg","the-therese-ring-floating-oval-solitaire-with-twisted-band"
"","","","","Engagement","Yellow Gold","The Adella Ring - Round Brilliant Solitaire with Wrapped Band","1169.00","yellow.jpg","images/the-adella-ring-round-brilliant-solitaire-with-wrapped-band/yellow.jpg","the-adella-ring-round-brilliant-solitaire-with-wrapped-band"
"","","","","Engagement","White Gold","The Adella Ring - Round Brilliant Solitaire with Wrapped Band","1169.00","white.jpg","images/the-adella-ring-round-brilliant-solitaire-with-wrapped-band/white.jpg","the-adella-ring-round-brilliant-solitaire-with-wrapped-band"
"","","","","Engagement","Rose Gold","The Adella Ring - Round Brilliant Solitaire with Wrapped Band","1169.00","rose.jpg","images/the-adella-ring-round-brilliant-solitaire-with-wrapped-band/rose.jpg","the-adella-ring-round-brilliant-solitaire-with-wrapped-band"
"","","","","Engagement","Yellow Gold","The Audrey Ring - 1.52ct Lab Diamond Emerald Cathedral Solitaire With Hidden Halo","2581.00","","","the-audrey-ring-1-52ct-lab-grown-emerald-cathedral-solitaire-with-hidden-halo"
"","","","","Engagement","White Gold","The Audrey Ring - 1.52ct Lab Diamond Emerald Cathedral Solitaire With Hidden Halo","2581.00","white.jpg","images/the-audrey-ring-1-52ct-lab-grown-emerald-cathedral-solitaire-with-hidden-halo/white.jpg","the-audrey-ring-1-52ct-lab-grown-emerald-cathedral-solitaire-with-hidden-halo"
"","","","","Engagement","Rose Gold","The Audrey Ring - 1.52ct Lab Diamond Emerald Cathedral Solitaire With Hidden Halo","2581.00","","","the-audrey-ring-1-52ct-lab-grown-emerald-cathedral-solitaire-with-hidden-halo"
"","","","","Engagement","Yellow Gold","The Vienna Ring - 1.77ct Lab Diamond Radiant Solitaire","2645.00","","","the-vienna-ring-1-77ct-lab-grown-diamond-radiant-solitaire"
"","","","","Engagement","White Gold","The Vienna Ring - 1.77ct Lab Diamond Radiant Solitaire","2645.00","white.jpg","images/the-vienna-ring-1-77ct-lab-grown-diamond-radiant-solitaire/white.jpg","the-vienna-ring-1-77ct-lab-grown-diamond-radiant-solitaire"
"","","","","Engagement","Rose Gold","The Vienna Ring - 1.77ct Lab Diamond Radiant Solitaire","2645.00","","","the-vienna-ring-1-77ct-lab-grown-diamond-radiant-solitaire"
"","","","","Engagement","Yellow Gold","The Jean Ring - Marquise Bezel Split Band Solitaire","979.00","yellow.jpg","images/the-jean-ring-marquise-bezel-split-band-solitaire/yellow.jpg","the-jean-ring-marquise-bezel-split-band-solitaire"
"","","","","Engagement","White Gold","The Jean Ring - Marquise Bezel Split Band Solitaire","979.00","white.jpg","images/the-jean-ring-marquise-bezel-split-band-solitaire/white.jpg","the-jean-ring-marquise-bezel-split-band-solitaire"
"","","","","Engagement","Rose Gold","The Jean Ring - Marquise Bezel Split Band Solitaire","979.00","rose.jpg","images/the-jean-ring-marquise-bezel-split-band-solitaire/rose.jpg","the-jean-ring-marquise-bezel-split-band-solitaire"
"","","","","Engagement","Yellow Gold","The Margot Ring - Moval and Half Moon Bezel Trilogy","1360.00","yellow.jpg","images/the-margot-ring-oval-and-half-moon-bezel-trilogy/yellow.jpg","the-margot-ring-oval-and-half-moon-bezel-trilogy"
"","","","","Engagement","White Gold","The Margot Ring - Moval and Half Moon Bezel Trilogy","1360.00","white.jpg","images/the-margot-ring-oval-and-half-moon-bezel-trilogy/white.jpg","the-margot-ring-oval-and-half-moon-bezel-trilogy"
"","","","","Engagement","Rose Gold","The Margot Ring - Moval and Half Moon Bezel Trilogy","1360.00","rose.jpg","images/the-margot-ring-oval-and-half-moon-bezel-trilogy/rose.jpg","the-margot-ring-oval-and-half-moon-bezel-trilogy"
"","","","","Engagement","Yellow Gold","The René Ring - Emerald and Tapered Baguette Trilogy","1323.00","yellow.jpg","images/the-rene-ring-emerald-and-tapered-baguette-trilogy/yellow.jpg","the-rene-ring-emerald-and-tapered-baguette-trilogy"
"","","","","Engagement","White Gold","The René Ring - Emerald and Tapered Baguette Trilogy","1323.00","white.jpg","images/the-rene-ring-emerald-and-tapered-baguette-trilogy/white.jpg","the-rene-ring-emerald-and-tapered-baguette-trilogy"
"","","","","Engagement","Rose Gold","The René Ring - Emerald and Tapered Baguette Trilogy","1323.00","rose.jpg","images/the-rene-ring-emerald-and-tapered-baguette-trilogy/rose.jpg","the-rene-ring-emerald-and-tapered-baguette-trilogy"
"","","","","Engagement","Yellow Gold","The Elmira Ring - Asscher Bezel Solitaire","868.00","yellow.jpg","images/the-elmira-ring-asscher-bezel-solitaire/yellow.jpg","the-elmira-ring-asscher-bezel-solitaire"
"","","","","Engagement","White Gold","The Elmira Ring - Asscher Bezel Solitaire","868.00","white.jpg","images/the-elmira-ring-asscher-bezel-solitaire/white.jpg","the-elmira-ring-asscher-bezel-solitaire"
"","","","","Engagement","Rose Gold","The Elmira Ring - Asscher Bezel Solitaire","868.00","rose.jpg","images/the-elmira-ring-asscher-bezel-solitaire/rose.jpg","the-elmira-ring-asscher-bezel-solitaire"
"","","","","Engagement","Yellow Gold","The Aurora Ring - Pear with Round Brilliant Accents","1280.00","yellow.jpg","images/the-aurora-ring-pear-with-round-brilliant-accents/yellow.jpg","the-aurora-ring-pear-with-round-brilliant-accents"
"","","","","Engagement","White Gold","The Aurora Ring - Pear with Round Brilliant Accents","1280.00","","","the-aurora-ring-pear-with-round-brilliant-accents"
"","","","","Engagement","Rose Gold","The Aurora Ring - Pear with Round Brilliant Accents","1280.00","rose.jpg","images/the-aurora-ring-pear-with-round-brilliant-accents/rose.jpg","the-aurora-ring-pear-with-round-brilliant-accents"
"","","","","Engagement","Yellow Gold","The Aurora Ring - Marquise with Round Brilliant Accents","1280.00","yellow.jpg","images/the-aurora-ring-marquise-with-round-brilliant-accents-1/yellow.jpg","the-aurora-ring-marquise-with-round-brilliant-accents-1"
"","","","","Engagement","White Gold","The Aurora Ring - Marquise with Round Brilliant Accents","1280.00","","","the-aurora-ring-marquise-with-round-brilliant-accents-1"
"","","","","Engagement","Rose Gold","The Aurora Ring - Marquise with Round Brilliant Accents","1280.00","rose.jpg","images/the-aurora-ring-marquise-with-round-brilliant-accents-1/rose.jpg","the-aurora-ring-marquise-with-round-brilliant-accents-1"
"","","","","Engagement","Yellow Gold","The Neave Ring - Asscher and Baguette Trilogy","1270.00","yellow.jpg","images/the-neave-ring-asscher-and-baguette-trilogy/yellow.jpg","the-neave-ring-asscher-and-baguette-trilogy"
"","","","","Engagement","White Gold","The Neave Ring - Asscher and Baguette Trilogy","1270.00","white.jpg","images/the-neave-ring-asscher-and-baguette-trilogy/white.jpg","the-neave-ring-asscher-and-baguette-trilogy"
"","","","","Engagement","Rose Gold","The Neave Ring - Asscher and Baguette Trilogy","1270.00","rose.jpg","images/the-neave-ring-asscher-and-baguette-trilogy/rose.jpg","the-neave-ring-asscher-and-baguette-trilogy"
"","","","","Engagement","Yellow Gold","The Ines Ring - Emerald and Trapezoid Trilogy","1227.00","yellow.jpg","images/the-ines-ring-emerald-and-trapezoid-trilogy/yellow.jpg","the-ines-ring-emerald-and-trapezoid-trilogy"
"","","","","Engagement","White Gold","The Ines Ring - Emerald and Trapezoid Trilogy","1227.00","white.jpg","images/the-ines-ring-emerald-and-trapezoid-trilogy/white.jpg","the-ines-ring-emerald-and-trapezoid-trilogy"
"","","","","Engagement","Rose Gold","The Ines Ring - Emerald and Trapezoid Trilogy","1227.00","rose.jpg","images/the-ines-ring-emerald-and-trapezoid-trilogy/rose.jpg","the-ines-ring-emerald-and-trapezoid-trilogy"
"","","","","Engagement","Yellow Gold","The Ludae Ring - Toi Et Moi Cigar Ring","1201.00","yellow.jpg","images/the-ludae-ring-toi-et-moi-cigar-ring/yellow.jpg","the-ludae-ring-toi-et-moi-cigar-ring"
"","","","","Engagement","White Gold","The Ludae Ring - Toi Et Moi Cigar Ring","1201.00","white.jpg","images/the-ludae-ring-toi-et-moi-cigar-ring/white.jpg","the-ludae-ring-toi-et-moi-cigar-ring"
"","","","","Engagement","Rose Gold","The Ludae Ring - Toi Et Moi Cigar Ring","1201.00","rose.jpg","images/the-ludae-ring-toi-et-moi-cigar-ring/rose.jpg","the-ludae-ring-toi-et-moi-cigar-ring"
"","","","","Engagement","Yellow Gold","The Ludae Ring - Pear Cigar Solitaire","1211.00","yellow.jpg","images/the-ludae-ring-pear-cigar-solitaire/yellow.jpg","the-ludae-ring-pear-cigar-solitaire"
"","","","","Engagement","White Gold","The Ludae Ring - Pear Cigar Solitaire","1211.00","white.jpg","images/the-ludae-ring-pear-cigar-solitaire/white.jpg","the-ludae-ring-pear-cigar-solitaire"
"","","","","Engagement","Rose Gold","The Ludae Ring - Pear Cigar Solitaire","1211.00","rose.jpg","images/the-ludae-ring-pear-cigar-solitaire/rose.jpg","the-ludae-ring-pear-cigar-solitaire"
"","","","","Engagement","Yellow Gold","The Ludae Ring - Elongated Cushion Cigar Solitaire","1211.00","yellow.jpg","images/the-ludae-ring-elongated-cushion-cigar-solitaire/yellow.jpg","the-ludae-ring-elongated-cushion-cigar-solitaire"
"","","","","Engagement","White Gold","The Ludae Ring - Elongated Cushion Cigar Solitaire","1211.00","white.jpg","images/the-ludae-ring-elongated-cushion-cigar-solitaire/white.jpg","the-ludae-ring-elongated-cushion-cigar-solitaire"
"","","","","Engagement","Rose Gold","The Ludae Ring - Elongated Cushion Cigar Solitaire","1211.00","rose.jpg","images/the-ludae-ring-elongated-cushion-cigar-solitaire/rose.jpg","the-ludae-ring-elongated-cushion-cigar-solitaire"
"","","","","Engagement","Yellow Gold","The Ludae Ring - Emerald Cigar Solitaire","1196.00","yellow.jpg","images/the-ludae-ring-emerald-cigar-solitaire/yellow.jpg","the-ludae-ring-emerald-cigar-solitaire"
"","","","","Engagement","White Gold","The Ludae Ring - Emerald Cigar Solitaire","1196.00","white.jpg","images/the-ludae-ring-emerald-cigar-solitaire/white.jpg","the-ludae-ring-emerald-cigar-solitaire"
"","","","","Engagement","Rose Gold","The Ludae Ring - Emerald Cigar Solitaire","1196.00","rose.jpg","images/the-ludae-ring-emerald-cigar-solitaire/rose.jpg","the-ludae-ring-emerald-cigar-solitaire"
"","","","","Engagement","Yellow Gold","The Isla Ring - 1.29ct Lab Grown Diamond Round Brilliant Solitaire","2867.00","","","the-isla-ring-1-29ct-lab-grown-diamond-round-brilliant-solitaire"
"","","","","Engagement","White Gold","The Isla Ring - 1.29ct Lab Grown Diamond Round Brilliant Solitaire","2867.00","white.jpg","images/the-isla-ring-1-29ct-lab-grown-diamond-round-brilliant-solitaire/white.jpg","the-isla-ring-1-29ct-lab-grown-diamond-round-brilliant-solitaire"
"","","","","Engagement","Rose Gold","The Isla Ring - 1.29ct Lab Grown Diamond Round Brilliant Solitaire","2867.00","","","the-isla-ring-1-29ct-lab-grown-diamond-round-brilliant-solitaire"
"","","","","Engagement","Yellow Gold","The Eloise Ring - Marquise Antique Halo","1280.00","yellow.jpg","images/the-eloise-ring-marquise-antique-halo/yellow.jpg","the-eloise-ring-marquise-antique-halo"
"","","","","Engagement","White Gold","The Eloise Ring - Marquise Antique Halo","1280.00","white.jpg","images/the-eloise-ring-marquise-antique-halo/white.jpg","the-eloise-ring-marquise-antique-halo"
"","","","","Engagement","Rose Gold","The Eloise Ring - Marquise Antique Halo","1280.00","rose.jpg","images/the-eloise-ring-marquise-antique-halo/rose.jpg","the-eloise-ring-marquise-antique-halo"
"","","","","Engagement","Yellow Gold","The Eloise Ring - Emerald Antique Halo","1280.00","yellow.jpg","images/the-eloise-ring-emerald-antique-halo/yellow.jpg","the-eloise-ring-emerald-antique-halo"
"","","","","Engagement","White Gold","The Eloise Ring - Emerald Antique Halo","1280.00","white.jpg","images/the-eloise-ring-emerald-antique-halo/white.jpg","the-eloise-ring-emerald-antique-halo"
"","","","","Engagement","Rose Gold","The Eloise Ring - Emerald Antique Halo","1280.00","rose.jpg","images/the-eloise-ring-emerald-antique-halo/rose.jpg","the-eloise-ring-emerald-antique-halo"
"","","","","Engagement","Yellow Gold","The Eloise Ring - Pear Antique Halo","1280.00","yellow.jpg","images/the-eloise-ring-pear-antique-halo/yellow.jpg","the-eloise-ring-pear-antique-halo"
"","","","","Engagement","White Gold","The Eloise Ring - Pear Antique Halo","1280.00","white.jpg","images/the-eloise-ring-pear-antique-halo/white.jpg","the-eloise-ring-pear-antique-halo"
"","","","","Engagement","Rose Gold","The Eloise Ring - Pear Antique Halo","1280.00","rose.jpg","images/the-eloise-ring-pear-antique-halo/rose.jpg","the-eloise-ring-pear-antique-halo"
"","","","","Engagement","Yellow Gold","The Eloise Ring - Elongated Cushion Antique Halo","1280.00","yellow.jpg","images/the-eloise-ring-elongated-cushion-antique-halo/yellow.jpg","the-eloise-ring-elongated-cushion-antique-halo"
"","","","","Engagement","White Gold","The Eloise Ring - Elongated Cushion Antique Halo","1280.00","white.jpg","images/the-eloise-ring-elongated-cushion-antique-halo/white.jpg","the-eloise-ring-elongated-cushion-antique-halo"
"","","","","Engagement","Rose Gold","The Eloise Ring - Elongated Cushion Antique Halo","1280.00","rose.jpg","images/the-eloise-ring-elongated-cushion-antique-halo/rose.jpg","the-eloise-ring-elongated-cushion-antique-halo"
"","","","","Engagement","Yellow Gold","The Eloise Ring - Round Antique Halo","1280.00","yellow.jpg","images/the-eloise-ring-round-antique-halo/yellow.jpg","the-eloise-ring-round-antique-halo"
"","","","","Engagement","White Gold","The Eloise Ring - Round Antique Halo","1280.00","white.jpg","images/the-eloise-ring-round-antique-halo/white.jpg","the-eloise-ring-round-antique-halo"
"","","","","Engagement","Rose Gold","The Eloise Ring - Round Antique Halo","1280.00","rose.jpg","images/the-eloise-ring-round-antique-halo/rose.jpg","the-eloise-ring-round-antique-halo"
"","","","","Engagement","Yellow Gold","The Audrey Ring - 1.9ct Moissanite Emerald Solitaire","1894.00","","","the-audrey-ring-8x6mm-1-9ct-moissanite-emerald-solitaire-with-hidden-halo"
"","","","","Engagement","White Gold","The Audrey Ring - 1.9ct Moissanite Emerald Solitaire","1894.00","white.jpg","images/the-audrey-ring-8x6mm-1-9ct-moissanite-emerald-solitaire-with-hidden-halo/white.jpg","the-audrey-ring-8x6mm-1-9ct-moissanite-emerald-solitaire-with-hidden-halo"
"","","","","Engagement","Rose Gold","The Audrey Ring - 1.9ct Moissanite Emerald Solitaire","1894.00","","","the-audrey-ring-8x6mm-1-9ct-moissanite-emerald-solitaire-with-hidden-halo"
"","","","","Engagement","Yellow Gold","The Emerie Ring - Elongated Cushion Double Band Solitaire","1465.00","yellow.jpg","images/the-emerie-ring-elongated-cushion-solitaire/yellow.jpg","the-emerie-ring-elongated-cushion-solitaire"
"","","","","Engagement","White Gold","The Emerie Ring - Elongated Cushion Double Band Solitaire","1465.00","white.jpg","images/the-emerie-ring-elongated-cushion-solitaire/white.jpg","the-emerie-ring-elongated-cushion-solitaire"
"","","","","Engagement","Rose Gold","The Emerie Ring - Elongated Cushion Double Band Solitaire","1465.00","rose.jpg","images/the-emerie-ring-elongated-cushion-solitaire/rose.jpg","the-emerie-ring-elongated-cushion-solitaire"
"","","","","Engagement","Yellow Gold","The Emerie Ring - Radiant Double Band Solitaire","1465.00","yellow.jpg","images/the-emerie-radiant-solitaire/yellow.jpg","the-emerie-radiant-solitaire"
"","","","","Engagement","White Gold","The Emerie Ring - Radiant Double Band Solitaire","1465.00","white.jpg","images/the-emerie-radiant-solitaire/white.jpg","the-emerie-radiant-solitaire"
"","","","","Engagement","Rose Gold","The Emerie Ring - Radiant Double Band Solitaire","1465.00","rose.jpg","images/the-emerie-radiant-solitaire/rose.jpg","the-emerie-radiant-solitaire"
"","","","","Engagement","Yellow Gold","The Emerie Ring - Marquise Double Band Solitaire","1465.00","yellow.jpg","images/the-emerie-marquise-solitaire/yellow.jpg","the-emerie-marquise-solitaire"
"","","","","Engagement","White Gold","The Emerie Ring - Marquise Double Band Solitaire","1465.00","white.jpg","images/the-emerie-marquise-solitaire/white.jpg","the-emerie-marquise-solitaire"
"","","","","Engagement","Rose Gold","The Emerie Ring - Marquise Double Band Solitaire","1465.00","rose.jpg","images/the-emerie-marquise-solitaire/rose.jpg","the-emerie-marquise-solitaire"
"","","","","Engagement","Yellow Gold","The Emerie Ring - Pear Double Band Solitaire","1465.00","yellow.jpg","images/the-emerie-ring-pear-solitaire/yellow.jpg","the-emerie-ring-pear-solitaire"
"","","","","Engagement","White Gold","The Emerie Ring - Pear Double Band Solitaire","1465.00","white.jpg","images/the-emerie-ring-pear-solitaire/white.jpg","the-emerie-ring-pear-solitaire"
"","","","","Engagement","Rose Gold","The Emerie Ring - Pear Double Band Solitaire","1465.00","rose.jpg","images/the-emerie-ring-pear-solitaire/rose.jpg","the-emerie-ring-pear-solitaire"
"","","","","Engagement","Yellow Gold","The Emerie Ring - Emerald Double Band Solitaire","1465.00","yellow.jpg","images/the-emerie-ring-emerald-solitaire/yellow.jpg","the-emerie-ring-emerald-solitaire"
"","","","","Engagement","White Gold","The Emerie Ring - Emerald Double Band Solitaire","1465.00","white.jpg","images/the-emerie-ring-emerald-solitaire/white.jpg","the-emerie-ring-emerald-solitaire"
"","","","","Engagement","Rose Gold","The Emerie Ring - Emerald Double Band Solitaire","1465.00","rose.jpg","images/the-emerie-ring-emerald-solitaire/rose.jpg","the-emerie-ring-emerald-solitaire"
"","","","","Engagement","Yellow Gold","The Elmira Ring - Asscher Solitaire","825.00","yellow.jpg","images/the-elmira-ring-asscher-solitaire-1/yellow.jpg","the-elmira-ring-asscher-solitaire-1"
"","","","","Engagement","White Gold","The Elmira Ring - Asscher Solitaire","825.00","white.jpg","images/the-elmira-ring-asscher-solitaire-1/white.jpg","the-elmira-ring-asscher-solitaire-1"
"","","","","Engagement","Rose Gold","The Elmira Ring - Asscher Solitaire","825.00","rose.jpg","images/the-elmira-ring-asscher-solitaire-1/rose.jpg","the-elmira-ring-asscher-solitaire-1"
"","","","","Engagement","Yellow Gold","The Laurel Ring - Oval with Pear and Marquise Accents","1317.00","yellow.jpg","images/the-laurel-ring-oval-trilogy-with-pear-and-marquise-accents/yellow.jpg","the-laurel-ring-oval-trilogy-with-pear-and-marquise-accents"
"","","","","Engagement","White Gold","The Laurel Ring - Oval with Pear and Marquise Accents","1317.00","","","the-laurel-ring-oval-trilogy-with-pear-and-marquise-accents"
"","","","","Engagement","Rose Gold","The Laurel Ring - Oval with Pear and Marquise Accents","1317.00","rose.jpg","images/the-laurel-ring-oval-trilogy-with-pear-and-marquise-accents/rose.jpg","the-laurel-ring-oval-trilogy-with-pear-and-marquise-accents"
"","","","","Engagement","Yellow Gold","The Paloma Ring - Cushion Halo","1249.00","yellow.jpg","images/the-paloma-ring-cushion-halo/yellow.jpg","the-paloma-ring-cushion-halo"
"","","","","Engagement","White Gold","The Paloma Ring - Cushion Halo","1249.00","white.jpg","images/the-paloma-ring-cushion-halo/white.jpg","the-paloma-ring-cushion-halo"
"","","","","Engagement","Rose Gold","The Paloma Ring - Cushion Halo","1249.00","rose.jpg","images/the-paloma-ring-cushion-halo/rose.jpg","the-paloma-ring-cushion-halo"
"","","","","Engagement","Yellow Gold","The Luise Ring® - Oval Solitaire With Knife Edge Band","910.00","yellow.jpg","images/the-luise-ring-oval-solitaire-with-knife-edge-band/yellow.jpg","the-luise-ring-oval-solitaire-with-knife-edge-band"
"","","","","Engagement","White Gold","The Luise Ring® - Oval Solitaire With Knife Edge Band","910.00","white.jpg","images/the-luise-ring-oval-solitaire-with-knife-edge-band/white.jpg","the-luise-ring-oval-solitaire-with-knife-edge-band"
"","","","","Engagement","Rose Gold","The Luise Ring® - Oval Solitaire With Knife Edge Band","910.00","rose.jpg","images/the-luise-ring-oval-solitaire-with-knife-edge-band/rose.jpg","the-luise-ring-oval-solitaire-with-knife-edge-band"
"","","","","Engagement","Yellow Gold","The Fleur Ring - Oval With Round Brilliant Accent Stones","1180.00","yellow.jpg","images/the-fleur-ring-oval-with-round-brilliant-accent-stones/yellow.jpg","the-fleur-ring-oval-with-round-brilliant-accent-stones"
"","","","","Engagement","White Gold","The Fleur Ring - Oval With Round Brilliant Accent Stones","1180.00","white.jpg","images/the-fleur-ring-oval-with-round-brilliant-accent-stones/white.jpg","the-fleur-ring-oval-with-round-brilliant-accent-stones"
"","","","","Engagement","Rose Gold","The Fleur Ring - Oval With Round Brilliant Accent Stones","1180.00","rose.jpg","images/the-fleur-ring-oval-with-round-brilliant-accent-stones/rose.jpg","the-fleur-ring-oval-with-round-brilliant-accent-stones"
"","","","","Engagement","Yellow Gold","The Arie Ring - Marquise Halo","1264.00","yellow.jpg","images/the-arie-ring-marquise-halo/yellow.jpg","the-arie-ring-marquise-halo"
"","","","","Engagement","White Gold","The Arie Ring - Marquise Halo","1264.00","white.jpg","images/the-arie-ring-marquise-halo/white.jpg","the-arie-ring-marquise-halo"
"","","","","Engagement","Rose Gold","The Arie Ring - Marquise Halo","1264.00","rose.jpg","images/the-arie-ring-marquise-halo/rose.jpg","the-arie-ring-marquise-halo"
"","","","","Engagement","Yellow Gold","The Ophelia Ring - Elongated Cushion Halo","1211.00","yellow.jpg","images/the-ophelia-ring-elongated-cushion-halo/yellow.jpg","the-ophelia-ring-elongated-cushion-halo"
"","","","","Engagement","White Gold","The Ophelia Ring - Elongated Cushion Halo","1211.00","white.jpg","images/the-ophelia-ring-elongated-cushion-halo/white.jpg","the-ophelia-ring-elongated-cushion-halo"
"","","","","Engagement","Rose Gold","The Ophelia Ring - Elongated Cushion Halo","1211.00","rose.jpg","images/the-ophelia-ring-elongated-cushion-halo/rose.jpg","the-ophelia-ring-elongated-cushion-halo"
"","","","","Engagement","Yellow Gold","The Vienna Ring - Radiant Halo","1264.00","yellow.jpg","images/the-vienna-ring-radiant-halo/yellow.jpg","the-vienna-ring-radiant-halo"
"","","","","Engagement","White Gold","The Vienna Ring - Radiant Halo","1264.00","white.jpg","images/the-vienna-ring-radiant-halo/white.jpg","the-vienna-ring-radiant-halo"
"","","","","Engagement","Rose Gold","The Vienna Ring - Radiant Halo","1264.00","rose.jpg","images/the-vienna-ring-radiant-halo/rose.jpg","the-vienna-ring-radiant-halo"
"","","","","Engagement & Wedding","Yellow Gold","The Winslow Ring -  Oval Half Bezel Signet","1037.00","yellow.jpg","images/the-winslow-ring-oval-half-bezel-signet/yellow.jpg","the-winslow-ring-oval-half-bezel-signet"
"","","","","Engagement & Wedding","White Gold","The Winslow Ring -  Oval Half Bezel Signet","1037.00","white.jpg","images/the-winslow-ring-oval-half-bezel-signet/white.jpg","the-winslow-ring-oval-half-bezel-signet"
"","","","","Engagement & Wedding","Rose Gold","The Winslow Ring -  Oval Half Bezel Signet","1037.00","rose.jpg","images/the-winslow-ring-oval-half-bezel-signet/rose.jpg","the-winslow-ring-oval-half-bezel-signet"
"","","","","Engagement & Wedding","Yellow Gold","The Winslow Ring - Emerald Half Bezel Signet","1037.00","yellow.jpg","images/the-winslow-ring-emerald-half-bezel-signet/yellow.jpg","the-winslow-ring-emerald-half-bezel-signet"
"","","","","Engagement & Wedding","White Gold","The Winslow Ring - Emerald Half Bezel Signet","1037.00","white.jpg","images/the-winslow-ring-emerald-half-bezel-signet/white.jpg","the-winslow-ring-emerald-half-bezel-signet"
"","","","","Engagement & Wedding","Rose Gold","The Winslow Ring - Emerald Half Bezel Signet","1037.00","rose.jpg","images/the-winslow-ring-emerald-half-bezel-signet/rose.jpg","the-winslow-ring-emerald-half-bezel-signet"
"","","","","Engagement & Wedding","Yellow Gold","The Winslow Ring - Radiant Half Bezel Signet","1037.00","yellow.jpg","images/the-winslow-ring-radiant-half-bezel-signet/yellow.jpg","the-winslow-ring-radiant-half-bezel-signet"
"","","","","Engagement & Wedding","White Gold","The Winslow Ring - Radiant Half Bezel Signet","1037.00","white.jpg","images/the-winslow-ring-radiant-half-bezel-signet/white.jpg","the-winslow-ring-radiant-half-bezel-signet"
"","","","","Engagement & Wedding","Rose Gold","The Winslow Ring - Radiant Half Bezel Signet","1037.00","rose.jpg","images/the-winslow-ring-radiant-half-bezel-signet/rose.jpg","the-winslow-ring-radiant-half-bezel-signet"
"","","","","Engagement & Wedding","Yellow Gold","The Winslow Ring - Elongated Cushion Half Bezel Signet","1037.00","yellow.jpg","images/the-winslow-ring-elongated-cushion-half-bezel-signet/yellow.jpg","the-winslow-ring-elongated-cushion-half-bezel-signet"
"","","","","Engagement & Wedding","White Gold","The Winslow Ring - Elongated Cushion Half Bezel Signet","1037.00","white.jpg","images/the-winslow-ring-elongated-cushion-half-bezel-signet/white.jpg","the-winslow-ring-elongated-cushion-half-bezel-signet"
"","","","","Engagement & Wedding","Rose Gold","The Winslow Ring - Elongated Cushion Half Bezel Signet","1037.00","rose.jpg","images/the-winslow-ring-elongated-cushion-half-bezel-signet/rose.jpg","the-winslow-ring-elongated-cushion-half-bezel-signet"
"","","","","Engagement & Wedding","Yellow Gold","The Winslow Ring - Round Half Bezel Signet","1037.00","yellow.jpg","images/the-winslow-ring-round-half-bezel-signet/yellow.jpg","the-winslow-ring-round-half-bezel-signet"
"","","","","Engagement & Wedding","White Gold","The Winslow Ring - Round Half Bezel Signet","1037.00","white.jpg","images/the-winslow-ring-round-half-bezel-signet/white.jpg","the-winslow-ring-round-half-bezel-signet"
"","","","","Engagement & Wedding","Rose Gold","The Winslow Ring - Round Half Bezel Signet","1037.00","rose.jpg","images/the-winslow-ring-round-half-bezel-signet/rose.jpg","the-winslow-ring-round-half-bezel-signet"
"","","","","Engagement & Wedding","Yellow Gold","The Winslow Ring -  Pear Half Bezel Signet","1011.00","yellow.jpg","images/the-winslow-ring-pear-half-bezel-signet/yellow.jpg","the-winslow-ring-pear-half-bezel-signet"
"","","","","Engagement & Wedding","White Gold","The Winslow Ring -  Pear Half Bezel Signet","1011.00","white.jpg","images/the-winslow-ring-pear-half-bezel-signet/white.jpg","the-winslow-ring-pear-half-bezel-signet"
"","","","","Engagement & Wedding","Rose Gold","The Winslow Ring -  Pear Half Bezel Signet","1011.00","rose.jpg","images/the-winslow-ring-pear-half-bezel-signet/rose.jpg","the-winslow-ring-pear-half-bezel-signet"
"","","","","Engagement","Yellow Gold","The Luise Ring® - 1.03ct Coloured Lab Diamond Oval Solitaire","1904.00","","","the-luise-ring-1-03ct-fancy-vivid-blue-lab-grown-diamond-oval-solitaire"
"","","","","Engagement","White Gold","The Luise Ring® - 1.03ct Coloured Lab Diamond Oval Solitaire","1904.00","","","the-luise-ring-1-03ct-fancy-vivid-blue-lab-grown-diamond-oval-solitaire"
"","","","","Engagement","Rose Gold","The Luise Ring® - 1.03ct Coloured Lab Diamond Oval Solitaire","1904.00","","","the-luise-ring-1-03ct-fancy-vivid-blue-lab-grown-diamond-oval-solitaire"
"","","","","Engagement","Yellow Gold","The Elise Ring - 1.53ct Lab Diamond Split Shank Asscher Solitaire","2465.00","yellow.jpg","images/the-elise-ring-1-53ct-lab-diamond-split-shank-asscher-solitaire/yellow.jpg","the-elise-ring-1-53ct-lab-diamond-split-shank-asscher-solitaire"
"","","","","Engagement","White Gold","The Elise Ring - 1.53ct Lab Diamond Split Shank Asscher Solitaire","2465.00","","","the-elise-ring-1-53ct-lab-diamond-split-shank-asscher-solitaire"
"","","","","Engagement","Rose Gold","The Elise Ring - 1.53ct Lab Diamond Split Shank Asscher Solitaire","2465.00","","","the-elise-ring-1-53ct-lab-diamond-split-shank-asscher-solitaire"
"","","","","Engagement","Yellow Gold","The Aleasa Ring - 1.83ct Lab Diamond Split Shank East-West Marquise Solitaire","2798.00","","","the-aleasa-ring-1-83ct-lab-diamond-split-shank-east-west-marquise-solitaire"
"","","","","Engagement","White Gold","The Aleasa Ring - 1.83ct Lab Diamond Split Shank East-West Marquise Solitaire","2798.00","white.jpg","images/the-aleasa-ring-1-83ct-lab-diamond-split-shank-east-west-marquise-solitaire/white.jpg","the-aleasa-ring-1-83ct-lab-diamond-split-shank-east-west-marquise-solitaire"
"","","","","Engagement","Rose Gold","The Aleasa Ring - 1.83ct Lab Diamond Split Shank East-West Marquise Solitaire","2798.00","","","the-aleasa-ring-1-83ct-lab-diamond-split-shank-east-west-marquise-solitaire"
"","","","","Engagement","Yellow Gold","The Aleasa Ring - 1.30ct Lab Diamond Split Shank East-West Radiant Solitaire","2095.00","yellow.jpg","images/the-aleasa-ring-1-30ct-lab-diamond-split-shank-east-west-radiant-solitaire/yellow.jpg","the-aleasa-ring-1-30ct-lab-diamond-split-shank-east-west-radiant-solitaire"
"","","","","Engagement","White Gold","The Aleasa Ring - 1.30ct Lab Diamond Split Shank East-West Radiant Solitaire","2095.00","","","the-aleasa-ring-1-30ct-lab-diamond-split-shank-east-west-radiant-solitaire"
"","","","","Engagement","Rose Gold","The Aleasa Ring - 1.30ct Lab Diamond Split Shank East-West Radiant Solitaire","2095.00","","","the-aleasa-ring-1-30ct-lab-diamond-split-shank-east-west-radiant-solitaire"
"","","","","Engagement","Yellow Gold","The Elise Ring - 2.8ct Moissanite Split Shank Emerald Solitaire","2317.00","","","the-aleasa-ring-3-5ct-moissanite-split-shank-east-west-emerald-solitaire"
"","","","","Engagement","White Gold","The Elise Ring - 2.8ct Moissanite Split Shank Emerald Solitaire","2317.00","white.jpg","images/the-aleasa-ring-3-5ct-moissanite-split-shank-east-west-emerald-solitaire/white.jpg","the-aleasa-ring-3-5ct-moissanite-split-shank-east-west-emerald-solitaire"
"","","","","Engagement","Rose Gold","The Elise Ring - 2.8ct Moissanite Split Shank Emerald Solitaire","2317.00","","","the-aleasa-ring-3-5ct-moissanite-split-shank-east-west-emerald-solitaire"
"","","","","Engagement","Yellow Gold","The Maya Ring - 1.5ct Moissanite Oval Curved Solitaire","1481.00","","","the-maya-ring-1-5ct-moissanite-oval-curved-solitaire"
"","","","","Engagement","White Gold","The Maya Ring - 1.5ct Moissanite Oval Curved Solitaire","1481.00","white.jpg","images/the-maya-ring-1-5ct-moissanite-oval-curved-solitaire/white.jpg","the-maya-ring-1-5ct-moissanite-oval-curved-solitaire"
"","","","","Engagement","Rose Gold","The Maya Ring - 1.5ct Moissanite Oval Curved Solitaire","1481.00","","","the-maya-ring-1-5ct-moissanite-oval-curved-solitaire"
"","","","","Engagement","Yellow Gold","The Luise Ring® - Oval Georgian Solitaire","937.00","yellow.jpg","images/the-luise-ring-oval-georgian-solitaire/yellow.jpg","the-luise-ring-oval-georgian-solitaire"
"","","","","Engagement","White Gold","The Luise Ring® - Oval Georgian Solitaire","937.00","white.jpg","images/the-luise-ring-oval-georgian-solitaire/white.jpg","the-luise-ring-oval-georgian-solitaire"
"","","","","Engagement","Rose Gold","The Luise Ring® - Oval Georgian Solitaire","937.00","rose.jpg","images/the-luise-ring-oval-georgian-solitaire/rose.jpg","the-luise-ring-oval-georgian-solitaire"
"","","","","Engagement","Yellow Gold","The Luise Ring® - Oval Cathedral Georgian Solitaire","963.00","yellow.jpg","images/the-luise-ring-oval-cathedral-georgian-solitaire/yellow.jpg","the-luise-ring-oval-cathedral-georgian-solitaire"
"","","","","Engagement","White Gold","The Luise Ring® - Oval Cathedral Georgian Solitaire","963.00","white.jpg","images/the-luise-ring-oval-cathedral-georgian-solitaire/white.jpg","the-luise-ring-oval-cathedral-georgian-solitaire"
"","","","","Engagement","Rose Gold","The Luise Ring® - Oval Cathedral Georgian Solitaire","963.00","rose.jpg","images/the-luise-ring-oval-cathedral-georgian-solitaire/rose.jpg","the-luise-ring-oval-cathedral-georgian-solitaire"
"","","","","Engagement","Yellow Gold","The Sophia Ring - Pear Georgian Solitaire","841.00","yellow.jpg","images/the-sophia-ring-pear-georgian-solitaire/yellow.jpg","the-sophia-ring-pear-georgian-solitaire"
"","","","","Engagement","White Gold","The Sophia Ring - Pear Georgian Solitaire","841.00","white.jpg","images/the-sophia-ring-pear-georgian-solitaire/white.jpg","the-sophia-ring-pear-georgian-solitaire"
"","","","","Engagement","Rose Gold","The Sophia Ring - Pear Georgian Solitaire","841.00","rose.jpg","images/the-sophia-ring-pear-georgian-solitaire/rose.jpg","the-sophia-ring-pear-georgian-solitaire"
"","","","","Engagement","Yellow Gold","The Sophia Ring - Pear Cathedral Georgian Solitaire","974.00","yellow.jpg","images/the-sophia-ring-pear-cathedral-georgian-solitaire/yellow.jpg","the-sophia-ring-pear-cathedral-georgian-solitaire"
"","","","","Engagement","White Gold","The Sophia Ring - Pear Cathedral Georgian Solitaire","974.00","white.jpg","images/the-sophia-ring-pear-cathedral-georgian-solitaire/white.jpg","the-sophia-ring-pear-cathedral-georgian-solitaire"
"","","","","Engagement","Rose Gold","The Sophia Ring - Pear Cathedral Georgian Solitaire","974.00","rose.jpg","images/the-sophia-ring-pear-cathedral-georgian-solitaire/rose.jpg","the-sophia-ring-pear-cathedral-georgian-solitaire"
"","","","","Engagement","Yellow Gold","The Audrey Ring - Emerald Georgian Solitaire","931.00","yellow.jpg","images/the-audrey-ring-emerald-georgian-solitaire/yellow.jpg","the-audrey-ring-emerald-georgian-solitaire"
"","","","","Engagement","White Gold","The Audrey Ring - Emerald Georgian Solitaire","931.00","white.jpg","images/the-audrey-ring-emerald-georgian-solitaire/white.jpg","the-audrey-ring-emerald-georgian-solitaire"
"","","","","Engagement","Rose Gold","The Audrey Ring - Emerald Georgian Solitaire","931.00","rose.jpg","images/the-audrey-ring-emerald-georgian-solitaire/rose.jpg","the-audrey-ring-emerald-georgian-solitaire"
"","","","","Engagement","Yellow Gold","The Audrey Ring - Emerald Cathedral Georgian Solitaire","931.00","yellow.jpg","images/the-audrey-ring-emerald-cathedral-georgian-solitaire/yellow.jpg","the-audrey-ring-emerald-cathedral-georgian-solitaire"
"","","","","Engagement","White Gold","The Audrey Ring - Emerald Cathedral Georgian Solitaire","931.00","white.jpg","images/the-audrey-ring-emerald-cathedral-georgian-solitaire/white.jpg","the-audrey-ring-emerald-cathedral-georgian-solitaire"
"","","","","Engagement","Rose Gold","The Audrey Ring - Emerald Cathedral Georgian Solitaire","931.00","rose.jpg","images/the-audrey-ring-emerald-cathedral-georgian-solitaire/rose.jpg","the-audrey-ring-emerald-cathedral-georgian-solitaire"
"","","","","Engagement","Yellow Gold","The Ophelia Ring - Elongated Cushion Georgian Solitaire","947.00","yellow.jpg","images/the-ophelia-ring-elongated-cushion-georgian-solitaire/yellow.jpg","the-ophelia-ring-elongated-cushion-georgian-solitaire"
"","","","","Engagement","White Gold","The Ophelia Ring - Elongated Cushion Georgian Solitaire","947.00","white.jpg","images/the-ophelia-ring-elongated-cushion-georgian-solitaire/white.jpg","the-ophelia-ring-elongated-cushion-georgian-solitaire"
"","","","","Engagement","Rose Gold","The Ophelia Ring - Elongated Cushion Georgian Solitaire","947.00","rose.jpg","images/the-ophelia-ring-elongated-cushion-georgian-solitaire/rose.jpg","the-ophelia-ring-elongated-cushion-georgian-solitaire"
"","","","","Engagement","Yellow Gold","The Ophelia Ring - Elongated Cushion Cathedral Georgian Solitaire","1000.00","yellow.jpg","images/the-ophelia-ring-elongated-cushion-cathedral-georgian-solitaire/yellow.jpg","the-ophelia-ring-elongated-cushion-cathedral-georgian-solitaire"
"","","","","Engagement","White Gold","The Ophelia Ring - Elongated Cushion Cathedral Georgian Solitaire","1000.00","white.jpg","images/the-ophelia-ring-elongated-cushion-cathedral-georgian-solitaire/white.jpg","the-ophelia-ring-elongated-cushion-cathedral-georgian-solitaire"
"","","","","Engagement","Rose Gold","The Ophelia Ring - Elongated Cushion Cathedral Georgian Solitaire","1000.00","rose.jpg","images/the-ophelia-ring-elongated-cushion-cathedral-georgian-solitaire/rose.jpg","the-ophelia-ring-elongated-cushion-cathedral-georgian-solitaire"
"","","","","Engagement","Yellow Gold","The Maëlys Ring - Oval and Pear Contoured Toi et Moi","1211.00","yellow.jpg","images/the-maelys-ring-oval-and-pear-contoured-toi-et-moi/yellow.jpg","the-maelys-ring-oval-and-pear-contoured-toi-et-moi"
"","","","","Engagement","White Gold","The Maëlys Ring - Oval and Pear Contoured Toi et Moi","1211.00","white.jpg","images/the-maelys-ring-oval-and-pear-contoured-toi-et-moi/white.jpg","the-maelys-ring-oval-and-pear-contoured-toi-et-moi"
"","","","","Engagement","Rose Gold","The Maëlys Ring - Oval and Pear Contoured Toi et Moi","1211.00","rose.jpg","images/the-maelys-ring-oval-and-pear-contoured-toi-et-moi/rose.jpg","the-maelys-ring-oval-and-pear-contoured-toi-et-moi"
"","","","","Engagement","Yellow Gold","The Vivienne Ring - Oval and Pear Curved Toi et Moi","937.00","yellow.jpg","images/the-vivienne-ring-oval-and-pear-curved-toi-et-moi/yellow.jpg","the-vivienne-ring-oval-and-pear-curved-toi-et-moi"
"","","","","Engagement","White Gold","The Vivienne Ring - Oval and Pear Curved Toi et Moi","937.00","white.jpg","images/the-vivienne-ring-oval-and-pear-curved-toi-et-moi/white.jpg","the-vivienne-ring-oval-and-pear-curved-toi-et-moi"
"","","","","Engagement","Rose Gold","The Vivienne Ring - Oval and Pear Curved Toi et Moi","937.00","rose.jpg","images/the-vivienne-ring-oval-and-pear-curved-toi-et-moi/rose.jpg","the-vivienne-ring-oval-and-pear-curved-toi-et-moi"
"","","","","Engagement","Yellow Gold","The Nadine Ring - Pear and Oval Organic Curved Toi et Moi","937.00","yellow.jpg","images/the-nadine-ring-pear-and-oval-organic-curved-toi-et-moi/yellow.jpg","the-nadine-ring-pear-and-oval-organic-curved-toi-et-moi"
"","","","","Engagement","White Gold","The Nadine Ring - Pear and Oval Organic Curved Toi et Moi","937.00","white.jpg","images/the-nadine-ring-pear-and-oval-organic-curved-toi-et-moi/white.jpg","the-nadine-ring-pear-and-oval-organic-curved-toi-et-moi"
"","","","","Engagement","Rose Gold","The Nadine Ring - Pear and Oval Organic Curved Toi et Moi","937.00","rose.jpg","images/the-nadine-ring-pear-and-oval-organic-curved-toi-et-moi/rose.jpg","the-nadine-ring-pear-and-oval-organic-curved-toi-et-moi"
"","","","","Engagement","Yellow Gold","The Anaïs Ring - Elongated Cushion and Pear Bezel Toi et Moi","963.00","yellow.jpg","images/the-anais-ring-elongated-cushion-and-pear-bezel-toi-et-moi/yellow.jpg","the-anais-ring-elongated-cushion-and-pear-bezel-toi-et-moi"
"","","","","Engagement","White Gold","The Anaïs Ring - Elongated Cushion and Pear Bezel Toi et Moi","963.00","white.jpg","images/the-anais-ring-elongated-cushion-and-pear-bezel-toi-et-moi/white.jpg","the-anais-ring-elongated-cushion-and-pear-bezel-toi-et-moi"
"","","","","Engagement","Rose Gold","The Anaïs Ring - Elongated Cushion and Pear Bezel Toi et Moi","963.00","rose.jpg","images/the-anais-ring-elongated-cushion-and-pear-bezel-toi-et-moi/rose.jpg","the-anais-ring-elongated-cushion-and-pear-bezel-toi-et-moi"
"","","","","Engagement","Yellow Gold","The Zélie Ring - Oval and Pear Bezel Toi et Moi","963.00","yellow.jpg","images/the-zelie-ring-oval-and-pear-bezel-toi-et-moi/yellow.jpg","the-zelie-ring-oval-and-pear-bezel-toi-et-moi"
"","","","","Engagement","White Gold","The Zélie Ring - Oval and Pear Bezel Toi et Moi","963.00","white.jpg","images/the-zelie-ring-oval-and-pear-bezel-toi-et-moi/white.jpg","the-zelie-ring-oval-and-pear-bezel-toi-et-moi"
"","","","","Engagement","Rose Gold","The Zélie Ring - Oval and Pear Bezel Toi et Moi","963.00","rose.jpg","images/the-zelie-ring-oval-and-pear-bezel-toi-et-moi/rose.jpg","the-zelie-ring-oval-and-pear-bezel-toi-et-moi"
"","","","","Engagement","Yellow Gold","The Sophia Ring - Pear Bezel Solitaire","868.00","yellow.jpg","images/the-sophia-ring-pear-bezel-solitaire/yellow.jpg","the-sophia-ring-pear-bezel-solitaire"
"","","","","Engagement","White Gold","The Sophia Ring - Pear Bezel Solitaire","868.00","white.jpg","images/the-sophia-ring-pear-bezel-solitaire/white.jpg","the-sophia-ring-pear-bezel-solitaire"
"","","","","Engagement","Rose Gold","The Sophia Ring - Pear Bezel Solitaire","868.00","rose.jpg","images/the-sophia-ring-pear-bezel-solitaire/rose.jpg","the-sophia-ring-pear-bezel-solitaire"
"","","","","Engagement","Yellow Gold","The Isla Ring - Round Bezel Solitaire","857.00","yellow.jpg","images/the-isla-ring-round-bezel-solitaire/yellow.jpg","the-isla-ring-round-bezel-solitaire"
"","","","","Engagement","White Gold","The Isla Ring - Round Bezel Solitaire","857.00","white.jpg","images/the-isla-ring-round-bezel-solitaire/white.jpg","the-isla-ring-round-bezel-solitaire"
"","","","","Engagement","Rose Gold","The Isla Ring - Round Bezel Solitaire","857.00","rose.jpg","images/the-isla-ring-round-bezel-solitaire/rose.jpg","the-isla-ring-round-bezel-solitaire"
"","","","","Engagement","Yellow Gold","The Paloma Ring - Cushion Bezel Solitaire","868.00","yellow.jpg","images/the-paloma-ring-cushion-bezel-solitaire/yellow.jpg","the-paloma-ring-cushion-bezel-solitaire"
"","","","","Engagement","White Gold","The Paloma Ring - Cushion Bezel Solitaire","868.00","white.jpg","images/the-paloma-ring-cushion-bezel-solitaire/white.jpg","the-paloma-ring-cushion-bezel-solitaire"
"","","","","Engagement","Rose Gold","The Paloma Ring - Cushion Bezel Solitaire","868.00","rose.jpg","images/the-paloma-ring-cushion-bezel-solitaire/rose.jpg","the-paloma-ring-cushion-bezel-solitaire"
"","","","","Engagement","Yellow Gold","The Isabeau Ring - Twisted Pear Toi et Moi","947.00","yellow.jpg","images/the-isabeau-ring-twisted-pear-toi-et-moi/yellow.jpg","the-isabeau-ring-twisted-pear-toi-et-moi"
"","","","","Engagement","White Gold","The Isabeau Ring - Twisted Pear Toi et Moi","947.00","white.jpg","images/the-isabeau-ring-twisted-pear-toi-et-moi/white.jpg","the-isabeau-ring-twisted-pear-toi-et-moi"
"","","","","Engagement","Rose Gold","The Isabeau Ring - Twisted Pear Toi et Moi","947.00","rose.jpg","images/the-isabeau-ring-twisted-pear-toi-et-moi/rose.jpg","the-isabeau-ring-twisted-pear-toi-et-moi"
"","","","","Engagement","Yellow Gold","The Isabeau Ring - Twisted Knife Edge Pear Toi et Moi","974.00","yellow.jpg","images/the-isabeau-ring-twisted-knife-edge-pear-toi-et-moi/yellow.jpg","the-isabeau-ring-twisted-knife-edge-pear-toi-et-moi"
"","","","","Engagement","White Gold","The Isabeau Ring - Twisted Knife Edge Pear Toi et Moi","974.00","white.jpg","images/the-isabeau-ring-twisted-knife-edge-pear-toi-et-moi/white.jpg","the-isabeau-ring-twisted-knife-edge-pear-toi-et-moi"
"","","","","Engagement","Rose Gold","The Isabeau Ring - Twisted Knife Edge Pear Toi et Moi","974.00","rose.jpg","images/the-isabeau-ring-twisted-knife-edge-pear-toi-et-moi/rose.jpg","the-isabeau-ring-twisted-knife-edge-pear-toi-et-moi"
"","","","","Engagement","Yellow Gold","The Luise Ring® - Oval Toi et Moi","937.00","yellow.jpg","images/the-luise-ring-oval-toi-et-moi/yellow.jpg","the-luise-ring-oval-toi-et-moi"
"","","","","Engagement","White Gold","The Luise Ring® - Oval Toi et Moi","937.00","white.jpg","images/the-luise-ring-oval-toi-et-moi/white.jpg","the-luise-ring-oval-toi-et-moi"
"","","","","Engagement","Rose Gold","The Luise Ring® - Oval Toi et Moi","937.00","rose.jpg","images/the-luise-ring-oval-toi-et-moi/rose.jpg","the-luise-ring-oval-toi-et-moi"
"","","","","Engagement","Yellow Gold","The Sophia Ring - Pear Toi et Moi","937.00","yellow.jpg","images/the-sophia-ring-pear-toi-et-moi/yellow.jpg","the-sophia-ring-pear-toi-et-moi"
"","","","","Engagement","White Gold","The Sophia Ring - Pear Toi et Moi","937.00","white.jpg","images/the-sophia-ring-pear-toi-et-moi/white.jpg","the-sophia-ring-pear-toi-et-moi"
"","","","","Engagement","Rose Gold","The Sophia Ring - Pear Toi et Moi","937.00","rose.jpg","images/the-sophia-ring-pear-toi-et-moi/rose.jpg","the-sophia-ring-pear-toi-et-moi"
"","","","","Engagement","Yellow Gold","The Audrey Ring - Emerald Toi et Moi","937.00","yellow.jpg","images/the-audrey-ring-emerald-toi-et-moi/yellow.jpg","the-audrey-ring-emerald-toi-et-moi"
"","","","","Engagement","White Gold","The Audrey Ring - Emerald Toi et Moi","937.00","white.jpg","images/the-audrey-ring-emerald-toi-et-moi/white.jpg","the-audrey-ring-emerald-toi-et-moi"
"","","","","Engagement","Rose Gold","The Audrey Ring - Emerald Toi et Moi","937.00","rose.jpg","images/the-audrey-ring-emerald-toi-et-moi/rose.jpg","the-audrey-ring-emerald-toi-et-moi"
"","","","","Engagement","Yellow Gold","The Arie Ring - Marquise Toi et Moi","937.00","yellow.jpg","images/the-arie-ring-marquise-toi-et-moi/yellow.jpg","the-arie-ring-marquise-toi-et-moi"
"","","","","Engagement","White Gold","The Arie Ring - Marquise Toi et Moi","937.00","white.jpg","images/the-arie-ring-marquise-toi-et-moi/white.jpg","the-arie-ring-marquise-toi-et-moi"
"","","","","Engagement","Rose Gold","The Arie Ring - Marquise Toi et Moi","937.00","rose.jpg","images/the-arie-ring-marquise-toi-et-moi/rose.jpg","the-arie-ring-marquise-toi-et-moi"
"","","","","Engagement","Yellow Gold","The Aleasa Ring - Split Shank East-West Asscher Solitaire","1116.00","yellow.jpg","images/the-aleasa-ring-split-shank-east-west-asscher-solitaire/yellow.jpg","the-aleasa-ring-split-shank-east-west-asscher-solitaire"
"","","","","Engagement","White Gold","The Aleasa Ring - Split Shank East-West Asscher Solitaire","1116.00","white.jpg","images/the-aleasa-ring-split-shank-east-west-asscher-solitaire/white.jpg","the-aleasa-ring-split-shank-east-west-asscher-solitaire"
"","","","","Engagement","Rose Gold","The Aleasa Ring - Split Shank East-West Asscher Solitaire","1116.00","rose.jpg","images/the-aleasa-ring-split-shank-east-west-asscher-solitaire/rose.jpg","the-aleasa-ring-split-shank-east-west-asscher-solitaire"
"","","","","Engagement","Yellow Gold","The Audrey Ring - 1.9ct Moissanite Emerald Cathedral Solitaire","1761.00","yellow.jpg","images/the-audrey-ring-1-9ct-moissanite-emerald-cathedral-solitaire-with-hidden-halo-1/yellow.jpg","the-audrey-ring-1-9ct-moissanite-emerald-cathedral-solitaire-with-hidden-halo-1"
"","","","","Engagement","White Gold","The Audrey Ring - 1.9ct Moissanite Emerald Cathedral Solitaire","1761.00","","","the-audrey-ring-1-9ct-moissanite-emerald-cathedral-solitaire-with-hidden-halo-1"
"","","","","Engagement","Rose Gold","The Audrey Ring - 1.9ct Moissanite Emerald Cathedral Solitaire","1761.00","","","the-audrey-ring-1-9ct-moissanite-emerald-cathedral-solitaire-with-hidden-halo-1"
"","","","","Engagement","Yellow Gold","The Vienna Ring - 1.0ct Moissanite Radiant Solitaire","1180.00","","","the-vienna-ring-1ct-moissanite-radiant-solitaire"
"","","","","Engagement","White Gold","The Vienna Ring - 1.0ct Moissanite Radiant Solitaire","1180.00","","","the-vienna-ring-1ct-moissanite-radiant-solitaire"
"","","","","Engagement","Rose Gold","The Vienna Ring - 1.0ct Moissanite Radiant Solitaire","1180.00","rose.jpg","images/the-vienna-ring-1ct-moissanite-radiant-solitaire/rose.jpg","the-vienna-ring-1ct-moissanite-radiant-solitaire"
"","","","","Engagement","Yellow Gold","The Eloise Ring - 0.72ct Lab Diamond Pear Antique Halo","1867.00","yellow.jpg","images/the-eloise-ring-0-72ct-lab-grown-diamond-pear-antique-halo/yellow.jpg","the-eloise-ring-0-72ct-lab-grown-diamond-pear-antique-halo"
"","","","","Engagement","White Gold","The Eloise Ring - 0.72ct Lab Diamond Pear Antique Halo","1867.00","","","the-eloise-ring-0-72ct-lab-grown-diamond-pear-antique-halo"
"","","","","Engagement","Rose Gold","The Eloise Ring - 0.72ct Lab Diamond Pear Antique Halo","1867.00","","","the-eloise-ring-0-72ct-lab-grown-diamond-pear-antique-halo"
"","","","","Engagement","Yellow Gold","The Luise Ring® - 2.53ct Lab Diamond Oval Solitaire","3739.00","","","the-luise-ring®-2-53ct-lab-grown-diamond-oval-solitaire"
"","","","","Engagement","White Gold","The Luise Ring® - 2.53ct Lab Diamond Oval Solitaire","3739.00","white.jpg","images/the-luise-ring®-2-53ct-lab-grown-diamond-oval-solitaire/white.jpg","the-luise-ring®-2-53ct-lab-grown-diamond-oval-solitaire"
"","","","","Engagement","Rose Gold","The Luise Ring® - 2.53ct Lab Diamond Oval Solitaire","3739.00","","","the-luise-ring®-2-53ct-lab-grown-diamond-oval-solitaire"
"","","","","Engagement","Yellow Gold","The Luise Ring® - 1.25ct Lab Diamond Oval Solitaire","1735.00","yellow.jpg","images/the-luise-ring®-1-25ct-lab-grown-diamond-oval-solitaire/yellow.jpg","the-luise-ring®-1-25ct-lab-grown-diamond-oval-solitaire"
"","","","","Engagement","White Gold","The Luise Ring® - 1.25ct Lab Diamond Oval Solitaire","1735.00","","","the-luise-ring®-1-25ct-lab-grown-diamond-oval-solitaire"
"","","","","Engagement","Rose Gold","The Luise Ring® - 1.25ct Lab Diamond Oval Solitaire","1735.00","","","the-luise-ring®-1-25ct-lab-grown-diamond-oval-solitaire"
"","","","","Engagement","Yellow Gold","The Luise Ring® - 1.50ct Lab Diamond Oval Solitaire","2518.00","yellow.jpg","images/the-luise-ring®-1-50ct-lab-grown-diamond-oval-solitaire-1/yellow.jpg","the-luise-ring®-1-50ct-lab-grown-diamond-oval-solitaire-1"
"","","","","Engagement","White Gold","The Luise Ring® - 1.50ct Lab Diamond Oval Solitaire","2518.00","","","the-luise-ring®-1-50ct-lab-grown-diamond-oval-solitaire-1"
"","","","","Engagement","Rose Gold","The Luise Ring® - 1.50ct Lab Diamond Oval Solitaire","2518.00","","","the-luise-ring®-1-50ct-lab-grown-diamond-oval-solitaire-1"
"","","","","Engagement","Yellow Gold","The Luise Ring® - 1.52ct Lab Diamond Oval Solitaire","2322.00","yellow.jpg","images/the-luise-ring®-1-52ct-lab-grown-diamond-oval-solitaire/yellow.jpg","the-luise-ring®-1-52ct-lab-grown-diamond-oval-solitaire"
"","","","","Engagement","White Gold","The Luise Ring® - 1.52ct Lab Diamond Oval Solitaire","2322.00","","","the-luise-ring®-1-52ct-lab-grown-diamond-oval-solitaire"
"","","","","Engagement","Rose Gold","The Luise Ring® - 1.52ct Lab Diamond Oval Solitaire","2322.00","","","the-luise-ring®-1-52ct-lab-grown-diamond-oval-solitaire"
"","","","","Engagement","Yellow Gold","The Luise Ring® - 1.52ct Lab Diamond Low Set Oval Solitaire","2243.00","yellow.jpg","images/the-luise-ring®-1-52ct-lab-grown-diamond-oval-solitaire-1/yellow.jpg","the-luise-ring®-1-52ct-lab-grown-diamond-oval-solitaire-1"
"","","","","Engagement","White Gold","The Luise Ring® - 1.52ct Lab Diamond Low Set Oval Solitaire","2243.00","","","the-luise-ring®-1-52ct-lab-grown-diamond-oval-solitaire-1"
"","","","","Engagement","Rose Gold","The Luise Ring® - 1.52ct Lab Diamond Low Set Oval Solitaire","2243.00","","","the-luise-ring®-1-52ct-lab-grown-diamond-oval-solitaire-1"
"","","","","Engagement","Yellow Gold","The Luise Ring® - 0.98ct Lab Diamond Oval Solitaire","1656.00","yellow.jpg","images/the-luise-ring®-0-98ct-lab-grown-diamond-oval-solitaire/yellow.jpg","the-luise-ring®-0-98ct-lab-grown-diamond-oval-solitaire"
"","","","","Engagement","White Gold","The Luise Ring® - 0.98ct Lab Diamond Oval Solitaire","1656.00","","","the-luise-ring®-0-98ct-lab-grown-diamond-oval-solitaire"
"","","","","Engagement","Rose Gold","The Luise Ring® - 0.98ct Lab Diamond Oval Solitaire","1656.00","","","the-luise-ring®-0-98ct-lab-grown-diamond-oval-solitaire"
"","","","","Engagement","Yellow Gold","The Luise Ring® - 1.19ct Lab Diamond Oval Solitaire","1746.00","yellow.jpg","images/the-luise-ring®-1-19ct-lab-grown-diamond-oval-solitaire/yellow.jpg","the-luise-ring®-1-19ct-lab-grown-diamond-oval-solitaire"
"","","","","Engagement","White Gold","The Luise Ring® - 1.19ct Lab Diamond Oval Solitaire","1746.00","","","the-luise-ring®-1-19ct-lab-grown-diamond-oval-solitaire"
"","","","","Engagement","Rose Gold","The Luise Ring® - 1.19ct Lab Diamond Oval Solitaire","1746.00","","","the-luise-ring®-1-19ct-lab-grown-diamond-oval-solitaire"
"","","","","Engagement","Yellow Gold","The Luise Ring® - 1.22ct Lab Diamond Oval Solitaire","1904.00","yellow.jpg","images/the-luise-ring®-1-22ct-lab-grown-diamond-oval-solitaire/yellow.jpg","the-luise-ring®-1-22ct-lab-grown-diamond-oval-solitaire"
"","","","","Engagement","White Gold","The Luise Ring® - 1.22ct Lab Diamond Oval Solitaire","1904.00","","","the-luise-ring®-1-22ct-lab-grown-diamond-oval-solitaire"
"","","","","Engagement","Rose Gold","The Luise Ring® - 1.22ct Lab Diamond Oval Solitaire","1904.00","","","the-luise-ring®-1-22ct-lab-grown-diamond-oval-solitaire"
"","","","","Engagement","Yellow Gold","The Luise Ring® - 1.59ct Lab Diamond Low Set Oval Solitaire","2163.00","yellow.jpg","images/the-luise-ring®-1-59ct-lab-grown-diamond-oval-solitaire/yellow.jpg","the-luise-ring®-1-59ct-lab-grown-diamond-oval-solitaire"
"","","","","Engagement","White Gold","The Luise Ring® - 1.59ct Lab Diamond Low Set Oval Solitaire","2163.00","","","the-luise-ring®-1-59ct-lab-grown-diamond-oval-solitaire"
"","","","","Engagement","Rose Gold","The Luise Ring® - 1.59ct Lab Diamond Low Set Oval Solitaire","2163.00","","","the-luise-ring®-1-59ct-lab-grown-diamond-oval-solitaire"
"","","","","Engagement","Yellow Gold","The Luise Ring® - 1.59ct Lab Diamond Low Set Oval Solitaire","2613.00","yellow.jpg","images/the-luise-ring®-1-59ct-lab-grown-diamond-oval-solitaire-1/yellow.jpg","the-luise-ring®-1-59ct-lab-grown-diamond-oval-solitaire-1"
"","","","","Engagement","White Gold","The Luise Ring® - 1.59ct Lab Diamond Low Set Oval Solitaire","2613.00","","","the-luise-ring®-1-59ct-lab-grown-diamond-oval-solitaire-1"
"","","","","Engagement","Rose Gold","The Luise Ring® - 1.59ct Lab Diamond Low Set Oval Solitaire","2613.00","","","the-luise-ring®-1-59ct-lab-grown-diamond-oval-solitaire-1"
"","","","","Engagement","Yellow Gold","The Luise Ring® - 1.59ct Lab Diamond Low Set Oval Solitaire","2280.00","yellow.jpg","images/the-luise-ring®-1-59ct-lab-grown-diamond-low-set-oval-solitaire/yellow.jpg","the-luise-ring®-1-59ct-lab-grown-diamond-low-set-oval-solitaire"
"","","","","Engagement","White Gold","The Luise Ring® - 1.59ct Lab Diamond Low Set Oval Solitaire","2280.00","","","the-luise-ring®-1-59ct-lab-grown-diamond-low-set-oval-solitaire"
"","","","","Engagement","Rose Gold","The Luise Ring® - 1.59ct Lab Diamond Low Set Oval Solitaire","2280.00","","","the-luise-ring®-1-59ct-lab-grown-diamond-low-set-oval-solitaire"
"","","","","Engagement","Yellow Gold","The Luise Ring® - 1.02ct Lab Diamond Oval Solitaire","1682.00","yellow.jpg","images/the-luise-ring®-1-02ct-lab-grown-diamond-oval-solitaire/yellow.jpg","the-luise-ring®-1-02ct-lab-grown-diamond-oval-solitaire"
"","","","","Engagement","White Gold","The Luise Ring® - 1.02ct Lab Diamond Oval Solitaire","1682.00","","","the-luise-ring®-1-02ct-lab-grown-diamond-oval-solitaire"
"","","","","Engagement","Rose Gold","The Luise Ring® - 1.02ct Lab Diamond Oval Solitaire","1682.00","","","the-luise-ring®-1-02ct-lab-grown-diamond-oval-solitaire"
"","","","","Engagement","Yellow Gold","The Luise Ring® - 1.06ct Lab Diamond Oval Solitaire","1714.00","yellow.jpg","images/the-luise-ring®-1-06ct-lab-grown-diamond-oval-solitaire/yellow.jpg","the-luise-ring®-1-06ct-lab-grown-diamond-oval-solitaire"
"","","","","Engagement","White Gold","The Luise Ring® - 1.06ct Lab Diamond Oval Solitaire","1714.00","","","the-luise-ring®-1-06ct-lab-grown-diamond-oval-solitaire"
"","","","","Engagement","Rose Gold","The Luise Ring® - 1.06ct Lab Diamond Oval Solitaire","1714.00","","","the-luise-ring®-1-06ct-lab-grown-diamond-oval-solitaire"
"","","","","Engagement","Yellow Gold","The Luise Ring® - 1.00ct Lab Diamond Oval Solitaire","1672.00","yellow.jpg","images/the-luise-ring®-1-00ct-lab-grown-diamond-oval-solitaire-3/yellow.jpg","the-luise-ring®-1-00ct-lab-grown-diamond-oval-solitaire-3"
"","","","","Engagement","White Gold","The Luise Ring® - 1.00ct Lab Diamond Oval Solitaire","1672.00","","","the-luise-ring®-1-00ct-lab-grown-diamond-oval-solitaire-3"
"","","","","Engagement","Rose Gold","The Luise Ring® - 1.00ct Lab Diamond Oval Solitaire","1672.00","","","the-luise-ring®-1-00ct-lab-grown-diamond-oval-solitaire-3"
"","","","","Engagement","Yellow Gold","The Luise Ring® - 1.59ct Lab Diamond Low Set Oval Solitaire","2412.00","yellow.jpg","images/the-luise-ring®-1-59ct-lab-grown-diamond-oval-solitaire-2/yellow.jpg","the-luise-ring®-1-59ct-lab-grown-diamond-oval-solitaire-2"
"","","","","Engagement","White Gold","The Luise Ring® - 1.59ct Lab Diamond Low Set Oval Solitaire","2412.00","","","the-luise-ring®-1-59ct-lab-grown-diamond-oval-solitaire-2"
"","","","","Engagement","Rose Gold","The Luise Ring® - 1.59ct Lab Diamond Low Set Oval Solitaire","2412.00","","","the-luise-ring®-1-59ct-lab-grown-diamond-oval-solitaire-2"
"","","","","Engagement","Yellow Gold","The Luise Ring® - 1.51ct Lab Diamond Low Set Oval Solitaire","2163.00","yellow.jpg","images/the-luise-ring®-1-51ct-lab-grown-diamond-low-set-oval-solitaire/yellow.jpg","the-luise-ring®-1-51ct-lab-grown-diamond-low-set-oval-solitaire"
"","","","","Engagement","White Gold","The Luise Ring® - 1.51ct Lab Diamond Low Set Oval Solitaire","2163.00","","","the-luise-ring®-1-51ct-lab-grown-diamond-low-set-oval-solitaire"
"","","","","Engagement","Rose Gold","The Luise Ring® - 1.51ct Lab Diamond Low Set Oval Solitaire","2163.00","","","the-luise-ring®-1-51ct-lab-grown-diamond-low-set-oval-solitaire"
"","","","","Engagement","Yellow Gold","The Luise Ring® - 1.50ct Lab Grown Diamond Oval Solitaire","2348.00","yellow.jpg","images/the-luise-ring®-1-50ct-lab-grown-diamond-oval-solitaire-4/yellow.jpg","the-luise-ring®-1-50ct-lab-grown-diamond-oval-solitaire-4"
"","","","","Engagement","White Gold","The Luise Ring® - 1.50ct Lab Grown Diamond Oval Solitaire","2348.00","","","the-luise-ring®-1-50ct-lab-grown-diamond-oval-solitaire-4"
"","","","","Engagement","Rose Gold","The Luise Ring® - 1.50ct Lab Grown Diamond Oval Solitaire","2348.00","","","the-luise-ring®-1-50ct-lab-grown-diamond-oval-solitaire-4"
"","","","","Engagement","Yellow Gold","The Arie Ring - 1.55ct Marquise Lab Diamond Solitaire","2512.00","yellow.jpg","images/the-arie-ring-1-55ct-marquise-lab-diamond-solitaire/yellow.jpg","the-arie-ring-1-55ct-marquise-lab-diamond-solitaire"
"","","","","Engagement","White Gold","The Arie Ring - 1.55ct Marquise Lab Diamond Solitaire","2512.00","","","the-arie-ring-1-55ct-marquise-lab-diamond-solitaire"
"","","","","Engagement","Rose Gold","The Arie Ring - 1.55ct Marquise Lab Diamond Solitaire","2512.00","","","the-arie-ring-1-55ct-marquise-lab-diamond-solitaire"
"","","","","Engagement","Yellow Gold","The Arie Ring - 1.58ct Lab Diamond Marquise Solitaire","2142.00","yellow.jpg","images/the-arie-ring-1-58ct-marquise-lab-diamond-solitaire/yellow.jpg","the-arie-ring-1-58ct-marquise-lab-diamond-solitaire"
"","","","","Engagement","White Gold","The Arie Ring - 1.58ct Lab Diamond Marquise Solitaire","2142.00","","","the-arie-ring-1-58ct-marquise-lab-diamond-solitaire"
"","","","","Engagement","Rose Gold","The Arie Ring - 1.58ct Lab Diamond Marquise Solitaire","2142.00","","","the-arie-ring-1-58ct-marquise-lab-diamond-solitaire"
"","","","","Engagement","Yellow Gold","The Arie Ring - 1.58ct Lab Diamond Marquise Solitaire","2211.00","yellow.jpg","images/the-arie-ring-1-58ct-marquise-lab-diamond-solitaire-1/yellow.jpg","the-arie-ring-1-58ct-marquise-lab-diamond-solitaire-1"
"","","","","Engagement","White Gold","The Arie Ring - 1.58ct Lab Diamond Marquise Solitaire","2211.00","","","the-arie-ring-1-58ct-marquise-lab-diamond-solitaire-1"
"","","","","Engagement","Rose Gold","The Arie Ring - 1.58ct Lab Diamond Marquise Solitaire","2211.00","","","the-arie-ring-1-58ct-marquise-lab-diamond-solitaire-1"
"","","","","Engagement","Yellow Gold","The Cara Ring - Moval Solitaire","831.00","yellow.jpg","images/the-cara-ring-moval-solitaire/yellow.jpg","the-cara-ring-moval-solitaire"
"","","","","Engagement","White Gold","The Cara Ring - Moval Solitaire","831.00","white.jpg","images/the-cara-ring-moval-solitaire/white.jpg","the-cara-ring-moval-solitaire"
"","","","","Engagement","Rose Gold","The Cara Ring - Moval Solitaire","831.00","rose.jpg","images/the-cara-ring-moval-solitaire/rose.jpg","the-cara-ring-moval-solitaire"
"","","","","Engagement","Yellow Gold","The Cara Ring - Moval Cathedral Solitaire","937.00","yellow.jpg","images/the-cara-ring-moval-cathedral-solitaire/yellow.jpg","the-cara-ring-moval-cathedral-solitaire"
"","","","","Engagement","White Gold","The Cara Ring - Moval Cathedral Solitaire","937.00","white.jpg","images/the-cara-ring-moval-cathedral-solitaire/white.jpg","the-cara-ring-moval-cathedral-solitaire"
"","","","","Engagement","Rose Gold","The Cara Ring - Moval Cathedral Solitaire","937.00","rose.jpg","images/the-cara-ring-moval-cathedral-solitaire/rose.jpg","the-cara-ring-moval-cathedral-solitaire"
"","","","","Engagement","Yellow Gold","The Cara Ring - Moval Bezel Solitaire","857.00","yellow.jpg","images/the-cara-ring-moval-bezel-solitaire/yellow.jpg","the-cara-ring-moval-bezel-solitaire"
"","","","","Engagement","White Gold","The Cara Ring - Moval Bezel Solitaire","857.00","white.jpg","images/the-cara-ring-moval-bezel-solitaire/white.jpg","the-cara-ring-moval-bezel-solitaire"
"","","","","Engagement","Rose Gold","The Cara Ring - Moval Bezel Solitaire","857.00","rose.jpg","images/the-cara-ring-moval-bezel-solitaire/rose.jpg","the-cara-ring-moval-bezel-solitaire"
"","","","","Engagement","Yellow Gold","The Arie Ring - 2.8ct Moissanite Marquise Cathedral Solitaire","2407.00","yellow.jpg","images/the-arie-ring-2-8ct-moissanite-marquise-solitaire/yellow.jpg","the-arie-ring-2-8ct-moissanite-marquise-solitaire"
"","","","","Engagement","White Gold","The Arie Ring - 2.8ct Moissanite Marquise Cathedral Solitaire","2407.00","","","the-arie-ring-2-8ct-moissanite-marquise-solitaire"
"","","","","Engagement","Rose Gold","The Arie Ring - 2.8ct Moissanite Marquise Cathedral Solitaire","2407.00","","","the-arie-ring-2-8ct-moissanite-marquise-solitaire"
"","","","","Engagement","Yellow Gold","The Avery Ring - 1.08ct Lab Diamond Oval Solitaire with Marquise and Round Band","2259.00","yellow.jpg","images/the-avery-ring-1-08ct-lab-diamond-oval-solitaire-with-marquise-band/yellow.jpg","the-avery-ring-1-08ct-lab-diamond-oval-solitaire-with-marquise-band"
"","","","","Engagement","White Gold","The Avery Ring - 1.08ct Lab Diamond Oval Solitaire with Marquise and Round Band","2259.00","","","the-avery-ring-1-08ct-lab-diamond-oval-solitaire-with-marquise-band"
"","","","","Engagement","Rose Gold","The Avery Ring - 1.08ct Lab Diamond Oval Solitaire with Marquise and Round Band","2259.00","","","the-avery-ring-1-08ct-lab-diamond-oval-solitaire-with-marquise-band"
"","","","","Engagement","Yellow Gold","The Ophelia Ring - 3.04ct Lab Grown Diamond Elongated Cushion Solitaire","3866.00","yellow.jpg","images/the-ophelia-ring-3-04ct-lab-grown-diamond-elongated-cushion-solitaire/yellow.jpg","the-ophelia-ring-3-04ct-lab-grown-diamond-elongated-cushion-solitaire"
"","","","","Engagement","White Gold","The Ophelia Ring - 3.04ct Lab Grown Diamond Elongated Cushion Solitaire","3866.00","","","the-ophelia-ring-3-04ct-lab-grown-diamond-elongated-cushion-solitaire"
"","","","","Engagement","Rose Gold","The Ophelia Ring - 3.04ct Lab Grown Diamond Elongated Cushion Solitaire","3866.00","","","the-ophelia-ring-3-04ct-lab-grown-diamond-elongated-cushion-solitaire"
"","","","","Engagement","Yellow Gold","The Amira Ring - 2.1ct Moissanite Oval with Marquise Accents","1888.00","","","the-amira-ring-2-1ct-moissanite-oval-with-marquise-accents-20"
"","","","","Engagement","White Gold","The Amira Ring - 2.1ct Moissanite Oval with Marquise Accents","1888.00","","","the-amira-ring-2-1ct-moissanite-oval-with-marquise-accents-20"
"","","","","Engagement","Rose Gold","The Amira Ring - 2.1ct Moissanite Oval with Marquise Accents","1888.00","","","the-amira-ring-2-1ct-moissanite-oval-with-marquise-accents-20"
"","","","","Engagement","Yellow Gold","The Amira Ring - 2.1ct Moissanite Oval with Marquise Accents","2021.00","","","the-amira-ring-2-1ct-moissanite-oval-with-marquise-accents-21"
"","","","","Engagement","White Gold","The Amira Ring - 2.1ct Moissanite Oval with Marquise Accents","2021.00","","","the-amira-ring-2-1ct-moissanite-oval-with-marquise-accents-21"
"","","","","Engagement","Rose Gold","The Amira Ring - 2.1ct Moissanite Oval with Marquise Accents","2021.00","","","the-amira-ring-2-1ct-moissanite-oval-with-marquise-accents-21"
"","","","","Engagement","Yellow Gold","The Amira Ring - 2.1ct Moissanite Oval with Marquise Accents","1888.00","","","the-amira-ring-2-1ct-moissanite-oval-with-marquise-accents-22"
"","","","","Engagement","White Gold","The Amira Ring - 2.1ct Moissanite Oval with Marquise Accents","1888.00","","","the-amira-ring-2-1ct-moissanite-oval-with-marquise-accents-22"
"","","","","Engagement","Rose Gold","The Amira Ring - 2.1ct Moissanite Oval with Marquise Accents","1888.00","","","the-amira-ring-2-1ct-moissanite-oval-with-marquise-accents-22"
"","","","","Engagement","Yellow Gold","The Amira Ring - 2.1ct Moissanite Oval with Marquise Accents","1888.00","","","the-amira-ring-2-1ct-moissanite-oval-with-marquise-accents-23"
"","","","","Engagement","White Gold","The Amira Ring - 2.1ct Moissanite Oval with Marquise Accents","1888.00","","","the-amira-ring-2-1ct-moissanite-oval-with-marquise-accents-23"
"","","","","Engagement","Rose Gold","The Amira Ring - 2.1ct Moissanite Oval with Marquise Accents","1888.00","","","the-amira-ring-2-1ct-moissanite-oval-with-marquise-accents-23"
"","","","","Engagement","Yellow Gold","The Amira Ring - 1.0ct Moissanite Oval with Marquise Accents","1344.00","","","the-amira-ring-1-0ct-moissanite-oval-with-marquise-accents-9"
"","","","","Engagement","White Gold","The Amira Ring - 1.0ct Moissanite Oval with Marquise Accents","1344.00","","","the-amira-ring-1-0ct-moissanite-oval-with-marquise-accents-9"
"","","","","Engagement","Rose Gold","The Amira Ring - 1.0ct Moissanite Oval with Marquise Accents","1344.00","","","the-amira-ring-1-0ct-moissanite-oval-with-marquise-accents-9"
"","","","","Engagement","Yellow Gold","The Amira Ring - 1.5ct Moissanite Oval with Marquise Accents","1862.00","","","the-amira-ring-1-5ct-moissanite-oval-with-marquise-accents-15"
"","","","","Engagement","White Gold","The Amira Ring - 1.5ct Moissanite Oval with Marquise Accents","1862.00","","","the-amira-ring-1-5ct-moissanite-oval-with-marquise-accents-15"
"","","","","Engagement","Rose Gold","The Amira Ring - 1.5ct Moissanite Oval with Marquise Accents","1862.00","","","the-amira-ring-1-5ct-moissanite-oval-with-marquise-accents-15"
"","","","","Engagement","Yellow Gold","The Amira Ring - 1.5ct Moissanite Oval with Marquise Accents","1703.00","","","the-amira-ring-1-5ct-moissanite-oval-with-marquise-accents-16"
"","","","","Engagement","White Gold","The Amira Ring - 1.5ct Moissanite Oval with Marquise Accents","1703.00","","","the-amira-ring-1-5ct-moissanite-oval-with-marquise-accents-16"
"","","","","Engagement","Rose Gold","The Amira Ring - 1.5ct Moissanite Oval with Marquise Accents","1703.00","","","the-amira-ring-1-5ct-moissanite-oval-with-marquise-accents-16"
"","","","","Engagement","Yellow Gold","The Amira Ring - 1.5ct Moissanite Oval with Marquise Accents","1703.00","","","the-amira-ring-1-5ct-moissanite-oval-with-marquise-accents-17"
"","","","","Engagement","White Gold","The Amira Ring - 1.5ct Moissanite Oval with Marquise Accents","1703.00","","","the-amira-ring-1-5ct-moissanite-oval-with-marquise-accents-17"
"","","","","Engagement","Rose Gold","The Amira Ring - 1.5ct Moissanite Oval with Marquise Accents","1703.00","","","the-amira-ring-1-5ct-moissanite-oval-with-marquise-accents-17"
"","","","","Engagement","Yellow Gold","The Amira Ring - 1.5ct Moissanite Oval with Marquise Accents","1703.00","","","the-amira-ring-1-5ct-moissanite-oval-with-marquise-accents-18"
"","","","","Engagement","White Gold","The Amira Ring - 1.5ct Moissanite Oval with Marquise Accents","1703.00","","","the-amira-ring-1-5ct-moissanite-oval-with-marquise-accents-18"
"","","","","Engagement","Rose Gold","The Amira Ring - 1.5ct Moissanite Oval with Marquise Accents","1703.00","","","the-amira-ring-1-5ct-moissanite-oval-with-marquise-accents-18"
"","","","","Engagement","Yellow Gold","The Vienna Ring - 2.8ct Moissanite Radiant Solitaire","1973.00","yellow.jpg","images/the-vienna-ring-2-8ct-moissanite-radiant-solitaire-6/yellow.jpg","the-vienna-ring-2-8ct-moissanite-radiant-solitaire-6"
"","","","","Engagement","White Gold","The Vienna Ring - 2.8ct Moissanite Radiant Solitaire","1973.00","","","the-vienna-ring-2-8ct-moissanite-radiant-solitaire-6"
"","","","","Engagement","Rose Gold","The Vienna Ring - 2.8ct Moissanite Radiant Solitaire","1973.00","","","the-vienna-ring-2-8ct-moissanite-radiant-solitaire-6"
"","","","","Engagement","Yellow Gold","The Vienna Ring - 2.8ct Moissanite Radiant Solitaire","1973.00","yellow.jpg","images/the-vienna-ring-2-8ct-moissanite-radiant-solitaire-7/yellow.jpg","the-vienna-ring-2-8ct-moissanite-radiant-solitaire-7"
"","","","","Engagement","White Gold","The Vienna Ring - 2.8ct Moissanite Radiant Solitaire","1973.00","","","the-vienna-ring-2-8ct-moissanite-radiant-solitaire-7"
"","","","","Engagement","Rose Gold","The Vienna Ring - 2.8ct Moissanite Radiant Solitaire","1973.00","","","the-vienna-ring-2-8ct-moissanite-radiant-solitaire-7"
"","","","","Engagement","Yellow Gold","The Luise Ring® - 1.52ct Lab Diamond Low Set Oval Solitaire","2200.00","yellow.jpg","images/the-luise-ring®-1-52ct-lab-diamond-low-set-oval-solitaire/yellow.jpg","the-luise-ring®-1-52ct-lab-diamond-low-set-oval-solitaire"
"","","","","Engagement","White Gold","The Luise Ring® - 1.52ct Lab Diamond Low Set Oval Solitaire","2200.00","","","the-luise-ring®-1-52ct-lab-diamond-low-set-oval-solitaire"
"","","","","Engagement","Rose Gold","The Luise Ring® - 1.52ct Lab Diamond Low Set Oval Solitaire","2200.00","","","the-luise-ring®-1-52ct-lab-diamond-low-set-oval-solitaire"
"","","","","Engagement","Yellow Gold","The Audrey Ring - 3.00ct Lab Diamond Emerald Solitaire","3094.00","yellow.jpg","images/the-audrey-ring-3-00ct-lab-diamond-emerald-solitaire/yellow.jpg","the-audrey-ring-3-00ct-lab-diamond-emerald-solitaire"
"","","","","Engagement","White Gold","The Audrey Ring - 3.00ct Lab Diamond Emerald Solitaire","3094.00","","","the-audrey-ring-3-00ct-lab-diamond-emerald-solitaire"
"","","","","Engagement","Rose Gold","The Audrey Ring - 3.00ct Lab Diamond Emerald Solitaire","3094.00","","","the-audrey-ring-3-00ct-lab-diamond-emerald-solitaire"
"","","","","Engagement","Yellow Gold","The Avery Ring - 1.54ct Lab Diamond Oval Solitaire with Marquise and Round Band","2655.00","yellow.jpg","images/the-avery-ring-1-54ct-lab-diamond-oval-solitaire-with-marquise-and-round-band/yellow.jpg","the-avery-ring-1-54ct-lab-diamond-oval-solitaire-with-marquise-and-round-band"
"","","","","Engagement","White Gold","The Avery Ring - 1.54ct Lab Diamond Oval Solitaire with Marquise and Round Band","2655.00","","","the-avery-ring-1-54ct-lab-diamond-oval-solitaire-with-marquise-and-round-band"
"","","","","Engagement","Rose Gold","The Avery Ring - 1.54ct Lab Diamond Oval Solitaire with Marquise and Round Band","2655.00","","","the-avery-ring-1-54ct-lab-diamond-oval-solitaire-with-marquise-and-round-band"
"","","","","Engagement","Yellow Gold","The Ophelia Ring - 3.02ct Lab Grown Diamond Elongated Cushion Solitaire","2999.00","yellow.jpg","images/the-ophelia-ring-3-02ct-lab-grown-diamond-elongated-cushion-solitaire/yellow.jpg","the-ophelia-ring-3-02ct-lab-grown-diamond-elongated-cushion-solitaire"
"","","","","Engagement","White Gold","The Ophelia Ring - 3.02ct Lab Grown Diamond Elongated Cushion Solitaire","2999.00","","","the-ophelia-ring-3-02ct-lab-grown-diamond-elongated-cushion-solitaire"
"","","","","Engagement","Rose Gold","The Ophelia Ring - 3.02ct Lab Grown Diamond Elongated Cushion Solitaire","2999.00","","","the-ophelia-ring-3-02ct-lab-grown-diamond-elongated-cushion-solitaire"
"","","","","Engagement","Yellow Gold","The Emilia Ring - Oval and Pear Basket Trilogy","1227.00","yellow.jpg","images/the-emilia-ring-oval-and-pear-trilogy/yellow.jpg","the-emilia-ring-oval-and-pear-trilogy"
"","","","","Engagement","White Gold","The Emilia Ring - Oval and Pear Basket Trilogy","1227.00","white.jpg","images/the-emilia-ring-oval-and-pear-trilogy/white.jpg","the-emilia-ring-oval-and-pear-trilogy"
"","","","","Engagement","Rose Gold","The Emilia Ring - Oval and Pear Basket Trilogy","1227.00","rose.jpg","images/the-emilia-ring-oval-and-pear-trilogy/rose.jpg","the-emilia-ring-oval-and-pear-trilogy"
"","","","","Engagement","Yellow Gold","The Emilia Ring - Pear Basket Trilogy","1016.00","yellow.jpg","images/the-emilia-ring-pear-trilogy/yellow.jpg","the-emilia-ring-pear-trilogy"
"","","","","Engagement","White Gold","The Emilia Ring - Pear Basket Trilogy","1016.00","white.jpg","images/the-emilia-ring-pear-trilogy/white.jpg","the-emilia-ring-pear-trilogy"
"","","","","Engagement","Rose Gold","The Emilia Ring - Pear Basket Trilogy","1016.00","rose.jpg","images/the-emilia-ring-pear-trilogy/rose.jpg","the-emilia-ring-pear-trilogy"
"","","","","Engagement","Yellow Gold","The Emilia Ring - Elongated Cushion and Pear Basket Trilogy","1016.00","yellow.jpg","images/the-emilia-ring-elongated-cushion-pear-trilogy/yellow.jpg","the-emilia-ring-elongated-cushion-pear-trilogy"
"","","","","Engagement","White Gold","The Emilia Ring - Elongated Cushion and Pear Basket Trilogy","1016.00","white.jpg","images/the-emilia-ring-elongated-cushion-pear-trilogy/white.jpg","the-emilia-ring-elongated-cushion-pear-trilogy"
"","","","","Engagement","Rose Gold","The Emilia Ring - Elongated Cushion and Pear Basket Trilogy","1016.00","rose.jpg","images/the-emilia-ring-elongated-cushion-pear-trilogy/rose.jpg","the-emilia-ring-elongated-cushion-pear-trilogy"
"","","","","Engagement","Yellow Gold","The Emilia Ring - Radiant and Pear Basket Trilogy","1227.00","yellow.jpg","images/the-emilia-ring-radiant-and-pear-trilogy/yellow.jpg","the-emilia-ring-radiant-and-pear-trilogy"
"","","","","Engagement","White Gold","The Emilia Ring - Radiant and Pear Basket Trilogy","1227.00","white.jpg","images/the-emilia-ring-radiant-and-pear-trilogy/white.jpg","the-emilia-ring-radiant-and-pear-trilogy"
"","","","","Engagement","Rose Gold","The Emilia Ring - Radiant and Pear Basket Trilogy","1227.00","rose.jpg","images/the-emilia-ring-radiant-and-pear-trilogy/rose.jpg","the-emilia-ring-radiant-and-pear-trilogy"
"","","","","Engagement","Yellow Gold","The Emilia Ring - Round and Pear Basket Trilogy","1227.00","yellow.jpg","images/the-emilia-ring-round-and-pear-trilogy/yellow.jpg","the-emilia-ring-round-and-pear-trilogy"
"","","","","Engagement","White Gold","The Emilia Ring - Round and Pear Basket Trilogy","1227.00","white.jpg","images/the-emilia-ring-round-and-pear-trilogy/white.jpg","the-emilia-ring-round-and-pear-trilogy"
"","","","","Engagement","Rose Gold","The Emilia Ring - Round and Pear Basket Trilogy","1227.00","rose.jpg","images/the-emilia-ring-round-and-pear-trilogy/rose.jpg","the-emilia-ring-round-and-pear-trilogy"
"","","","","Engagement","Yellow Gold","The Emilia Ring - Marquise and Pear Basket Trilogy","1016.00","yellow.jpg","images/the-emilia-ring-marquise-pear-trilogy/yellow.jpg","the-emilia-ring-marquise-pear-trilogy"
"","","","","Engagement","White Gold","The Emilia Ring - Marquise and Pear Basket Trilogy","1016.00","white.jpg","images/the-emilia-ring-marquise-pear-trilogy/white.jpg","the-emilia-ring-marquise-pear-trilogy"
"","","","","Engagement","Rose Gold","The Emilia Ring - Marquise and Pear Basket Trilogy","1016.00","rose.jpg","images/the-emilia-ring-marquise-pear-trilogy/rose.jpg","the-emilia-ring-marquise-pear-trilogy"
"","","","","Engagement","Yellow Gold","The Emilia Ring - Emerald and Pear Basket Trilogy","1227.00","yellow.jpg","images/the-emilia-ring-emerald-and-pear-trilogy/yellow.jpg","the-emilia-ring-emerald-and-pear-trilogy"
"","","","","Engagement","White Gold","The Emilia Ring - Emerald and Pear Basket Trilogy","1227.00","white.jpg","images/the-emilia-ring-emerald-and-pear-trilogy/white.jpg","the-emilia-ring-emerald-and-pear-trilogy"
"","","","","Engagement","Rose Gold","The Emilia Ring - Emerald and Pear Basket Trilogy","1227.00","rose.jpg","images/the-emilia-ring-emerald-and-pear-trilogy/rose.jpg","the-emilia-ring-emerald-and-pear-trilogy"
"","","","","Engagement","Yellow Gold","The Amira Ring - 2.1ct Moissanite Oval with Marquise Accents","1888.00","","","the-amira-ring-2-1ct-moissanite-oval-with-marquise-accents-24"
"","","","","Engagement","White Gold","The Amira Ring - 2.1ct Moissanite Oval with Marquise Accents","1888.00","","","the-amira-ring-2-1ct-moissanite-oval-with-marquise-accents-24"
"","","","","Engagement","Rose Gold","The Amira Ring - 2.1ct Moissanite Oval with Marquise Accents","1888.00","","","the-amira-ring-2-1ct-moissanite-oval-with-marquise-accents-24"
"","","","","Engagement","Yellow Gold","The Amira Ring - 2.1ct Moissanite Oval with Marquise Accents","1888.00","","","the-amira-ring-2-1ct-moissanite-oval-with-marquise-accents-25"
"","","","","Engagement","White Gold","The Amira Ring - 2.1ct Moissanite Oval with Marquise Accents","1888.00","","","the-amira-ring-2-1ct-moissanite-oval-with-marquise-accents-25"
"","","","","Engagement","Rose Gold","The Amira Ring - 2.1ct Moissanite Oval with Marquise Accents","1888.00","","","the-amira-ring-2-1ct-moissanite-oval-with-marquise-accents-25"
"","","","","Engagement","Yellow Gold","The Amira Ring - 2.1ct Moissanite Oval with Marquise Accents","1888.00","","","the-amira-ring-2-1ct-moissanite-oval-with-marquise-accents-26"
"","","","","Engagement","White Gold","The Amira Ring - 2.1ct Moissanite Oval with Marquise Accents","1888.00","","","the-amira-ring-2-1ct-moissanite-oval-with-marquise-accents-26"
"","","","","Engagement","Rose Gold","The Amira Ring - 2.1ct Moissanite Oval with Marquise Accents","1888.00","","","the-amira-ring-2-1ct-moissanite-oval-with-marquise-accents-26"
"","","","","Engagement","Yellow Gold","The Luise Ring® - 1.53ct Lab Diamond Oval Solitaire","2211.00","yellow.jpg","images/the-luise-ring®-1-53ct-lab-diamond-oval-solitaire/yellow.jpg","the-luise-ring®-1-53ct-lab-diamond-oval-solitaire"
"","","","","Engagement","White Gold","The Luise Ring® - 1.53ct Lab Diamond Oval Solitaire","2211.00","","","the-luise-ring®-1-53ct-lab-diamond-oval-solitaire"
"","","","","Engagement","Rose Gold","The Luise Ring® - 1.53ct Lab Diamond Oval Solitaire","2211.00","","","the-luise-ring®-1-53ct-lab-diamond-oval-solitaire"
"","","","","Engagement","Yellow Gold","The Vienna Ring - 3.76ct Lab Diamond Radiant Solitaire","4554.00","yellow.jpg","images/the-vienna-ring-3-76ct-lab-diamond-radiant-solitaire/yellow.jpg","the-vienna-ring-3-76ct-lab-diamond-radiant-solitaire"
"","","","","Engagement","White Gold","The Vienna Ring - 3.76ct Lab Diamond Radiant Solitaire","4554.00","","","the-vienna-ring-3-76ct-lab-diamond-radiant-solitaire"
"","","","","Engagement","Rose Gold","The Vienna Ring - 3.76ct Lab Diamond Radiant Solitaire","4554.00","","","the-vienna-ring-3-76ct-lab-diamond-radiant-solitaire"
"","","","","Engagement","Yellow Gold","The Blaire Ring - 1.51ct Lab Diamond Oval & Round Trilogy","2375.00","yellow.jpg","images/the-blaire-ring-1-51ct-lab-diamond-oval-round-trilogy/yellow.jpg","the-blaire-ring-1-51ct-lab-diamond-oval-round-trilogy"
"","","","","Engagement","White Gold","The Blaire Ring - 1.51ct Lab Diamond Oval & Round Trilogy","2375.00","","","the-blaire-ring-1-51ct-lab-diamond-oval-round-trilogy"
"","","","","Engagement","Rose Gold","The Blaire Ring - 1.51ct Lab Diamond Oval & Round Trilogy","2375.00","","","the-blaire-ring-1-51ct-lab-diamond-oval-round-trilogy"
"","","","","Engagement","Yellow Gold","The Luise Ring® - 2.5ct Moissanite Oval Solitaire","1857.00","yellow.jpg","images/the-luise-ring®-2-5ct-moissanite-oval-solitaire-4/yellow.jpg","the-luise-ring®-2-5ct-moissanite-oval-solitaire-4"
"","","","","Engagement","White Gold","The Luise Ring® - 2.5ct Moissanite Oval Solitaire","1857.00","","","the-luise-ring®-2-5ct-moissanite-oval-solitaire-4"
"","","","","Engagement","Rose Gold","The Luise Ring® - 2.5ct Moissanite Oval Solitaire","1857.00","","","the-luise-ring®-2-5ct-moissanite-oval-solitaire-4"
"","","","","Engagement","Yellow Gold","The Luise Ring® - 2.5ct Moissanite Oval Solitaire","1857.00","yellow.jpg","images/the-luise-ring®-2-5ct-moissanite-oval-solitaire-5/yellow.jpg","the-luise-ring®-2-5ct-moissanite-oval-solitaire-5"
"","","","","Engagement","White Gold","The Luise Ring® - 2.5ct Moissanite Oval Solitaire","1857.00","","","the-luise-ring®-2-5ct-moissanite-oval-solitaire-5"
"","","","","Engagement","Rose Gold","The Luise Ring® - 2.5ct Moissanite Oval Solitaire","1857.00","","","the-luise-ring®-2-5ct-moissanite-oval-solitaire-5"
"","","","","Engagement","Yellow Gold","The Luise Ring® - 1.51ct Lab Diamond Low Set Oval Solitaire","2179.00","yellow.jpg","images/the-luise-ring®-1-51ct-lab-diamond-low-set-oval-solitaire/yellow.jpg","the-luise-ring®-1-51ct-lab-diamond-low-set-oval-solitaire"
"","","","","Engagement","White Gold","The Luise Ring® - 1.51ct Lab Diamond Low Set Oval Solitaire","2179.00","","","the-luise-ring®-1-51ct-lab-diamond-low-set-oval-solitaire"
"","","","","Engagement","Rose Gold","The Luise Ring® - 1.51ct Lab Diamond Low Set Oval Solitaire","2179.00","","","the-luise-ring®-1-51ct-lab-diamond-low-set-oval-solitaire"
"","","","","Engagement","Yellow Gold","The Luise Ring® - 1.03ct Lab Diamond Oval Solitaire","1650.00","yellow.jpg","images/the-luise-ring®-1-03ct-lab-diamond-oval-solitaire/yellow.jpg","the-luise-ring®-1-03ct-lab-diamond-oval-solitaire"
"","","","","Engagement","White Gold","The Luise Ring® - 1.03ct Lab Diamond Oval Solitaire","1650.00","","","the-luise-ring®-1-03ct-lab-diamond-oval-solitaire"
"","","","","Engagement","Rose Gold","The Luise Ring® - 1.03ct Lab Diamond Oval Solitaire","1650.00","","","the-luise-ring®-1-03ct-lab-diamond-oval-solitaire"
"","","","","Engagement","Yellow Gold","The Luise Ring® - 2.02ct Lab Diamond Oval Solitaire","2412.00","yellow.jpg","images/the-luise-ring®-2-02ct-lab-diamond-oval-solitaire-1/yellow.jpg","the-luise-ring®-2-02ct-lab-diamond-oval-solitaire-1"
"","","","","Engagement","White Gold","The Luise Ring® - 2.02ct Lab Diamond Oval Solitaire","2412.00","","","the-luise-ring®-2-02ct-lab-diamond-oval-solitaire-1"
"","","","","Engagement","Rose Gold","The Luise Ring® - 2.02ct Lab Diamond Oval Solitaire","2412.00","","","the-luise-ring®-2-02ct-lab-diamond-oval-solitaire-1"
"","","","","Engagement","Yellow Gold","The Avery Ring - 1.53ct Lab Diamond Oval Solitaire with Marquise and Round Band","2581.00","yellow.jpg","images/the-avery-ring-1-53ct-lab-diamond-oval-solitaire-with-marquise-and-round-band/yellow.jpg","the-avery-ring-1-53ct-lab-diamond-oval-solitaire-with-marquise-and-round-band"
"","","","","Engagement","White Gold","The Avery Ring - 1.53ct Lab Diamond Oval Solitaire with Marquise and Round Band","2581.00","","","the-avery-ring-1-53ct-lab-diamond-oval-solitaire-with-marquise-and-round-band"
"","","","","Engagement","Rose Gold","The Avery Ring - 1.53ct Lab Diamond Oval Solitaire with Marquise and Round Band","2581.00","","","the-avery-ring-1-53ct-lab-diamond-oval-solitaire-with-marquise-and-round-band"
"","","","","Engagement","Yellow Gold","The Avery Ring - 1.53ct Lab Diamond Oval Solitaire with Marquise and Round Band","2581.00","yellow.jpg","images/the-avery-ring-1-53ct-lab-diamond-oval-solitaire-with-marquise-and-round-band-1/yellow.jpg","the-avery-ring-1-53ct-lab-diamond-oval-solitaire-with-marquise-and-round-band-1"
"","","","","Engagement","White Gold","The Avery Ring - 1.53ct Lab Diamond Oval Solitaire with Marquise and Round Band","2581.00","","","the-avery-ring-1-53ct-lab-diamond-oval-solitaire-with-marquise-and-round-band-1"
"","","","","Engagement","Rose Gold","The Avery Ring - 1.53ct Lab Diamond Oval Solitaire with Marquise and Round Band","2581.00","","","the-avery-ring-1-53ct-lab-diamond-oval-solitaire-with-marquise-and-round-band-1"
"","","","","Engagement","Yellow Gold","The Avery Ring - 2.1ct Moissanite Oval Solitaire with Marquise and Round Band","2259.00","yellow.jpg","images/the-avery-ring-2-1ct-moissanite-oval-solitaire-with-marquise-and-round-band-1/yellow.jpg","the-avery-ring-2-1ct-moissanite-oval-solitaire-with-marquise-and-round-band-1"
"","","","","Engagement","White Gold","The Avery Ring - 2.1ct Moissanite Oval Solitaire with Marquise and Round Band","2259.00","","","the-avery-ring-2-1ct-moissanite-oval-solitaire-with-marquise-and-round-band-1"
"","","","","Engagement","Rose Gold","The Avery Ring - 2.1ct Moissanite Oval Solitaire with Marquise and Round Band","2259.00","","","the-avery-ring-2-1ct-moissanite-oval-solitaire-with-marquise-and-round-band-1"
"","","","","Engagement","Yellow Gold","The Luise Ring® - 1.5ct Moissanite Oval Solitaire","1465.00","yellow.jpg","images/the-luise-ring®-1-5ct-moissanite-oval-solitaire/yellow.jpg","the-luise-ring®-1-5ct-moissanite-oval-solitaire"
"","","","","Engagement","White Gold","The Luise Ring® - 1.5ct Moissanite Oval Solitaire","1465.00","","","the-luise-ring®-1-5ct-moissanite-oval-solitaire"
"","","","","Engagement","Rose Gold","The Luise Ring® - 1.5ct Moissanite Oval Solitaire","1465.00","","","the-luise-ring®-1-5ct-moissanite-oval-solitaire"
"","","","","Engagement","Yellow Gold","The Luise Ring® - 2.1ct Moissanite Oval Solitaire","1756.00","yellow.jpg","images/the-luise-ring®-2-1ct-moissanite-oval-solitaire/yellow.jpg","the-luise-ring®-2-1ct-moissanite-oval-solitaire"
"","","","","Engagement","White Gold","The Luise Ring® - 2.1ct Moissanite Oval Solitaire","1756.00","","","the-luise-ring®-2-1ct-moissanite-oval-solitaire"
"","","","","Engagement","Rose Gold","The Luise Ring® - 2.1ct Moissanite Oval Solitaire","1756.00","","","the-luise-ring®-2-1ct-moissanite-oval-solitaire"
"","","","","Engagement","Yellow Gold","The Ophelia Ring - 1.75ct Moissanite Elongated Cushion Solitaire","1587.00","yellow.jpg","images/the-ophelia-ring-1-75ct-moissanite-elongated-cushion-solitaire-4/yellow.jpg","the-ophelia-ring-1-75ct-moissanite-elongated-cushion-solitaire-4"
"","","","","Engagement","White Gold","The Ophelia Ring - 1.75ct Moissanite Elongated Cushion Solitaire","1587.00","","","the-ophelia-ring-1-75ct-moissanite-elongated-cushion-solitaire-4"
"","","","","Engagement","Rose Gold","The Ophelia Ring - 1.75ct Moissanite Elongated Cushion Solitaire","1587.00","","","the-ophelia-ring-1-75ct-moissanite-elongated-cushion-solitaire-4"
"","","","","Engagement","Yellow Gold","The Luise Ring® - 1.54ct Lab Diamond Oval Solitaire","2095.00","yellow.jpg","images/the-luise-ring®-1-54ct-lab-diamond-oval-solitaire/yellow.jpg","the-luise-ring®-1-54ct-lab-diamond-oval-solitaire"
"","","","","Engagement","White Gold","The Luise Ring® - 1.54ct Lab Diamond Oval Solitaire","2095.00","","","the-luise-ring®-1-54ct-lab-diamond-oval-solitaire"
"","","","","Engagement","Rose Gold","The Luise Ring® - 1.54ct Lab Diamond Oval Solitaire","2095.00","","","the-luise-ring®-1-54ct-lab-diamond-oval-solitaire"
"","","","","Wedding / Ceremonial","Yellow Gold","The Ava Ring  - Pavé Wedding Ring","688.00","yellow.jpg","images/the-ava-ring-pave-wedding-band/yellow.jpg","the-ava-ring-pave-wedding-band"
"","","","","Wedding / Ceremonial","White Gold","The Ava Ring  - Pavé Wedding Ring","688.00","white.jpg","images/the-ava-ring-pave-wedding-band/white.jpg","the-ava-ring-pave-wedding-band"
"","","","","Wedding / Ceremonial","Rose Gold","The Ava Ring  - Pavé Wedding Ring","688.00","rose.jpg","images/the-ava-ring-pave-wedding-band/rose.jpg","the-ava-ring-pave-wedding-band"
"","","","","Wedding / Ceremonial","Yellow Gold","The Classic Comfort Fit Ring","476.00","yellow.jpg","images/the-classic-comfort-fit-ring-plain-wedding-band/yellow.jpg","the-classic-comfort-fit-ring-plain-wedding-band"
"","","","","Wedding / Ceremonial","White Gold","The Classic Comfort Fit Ring","476.00","white.jpg","images/the-classic-comfort-fit-ring-plain-wedding-band/white.jpg","the-classic-comfort-fit-ring-plain-wedding-band"
"","","","","Wedding / Ceremonial","Rose Gold","The Classic Comfort Fit Ring","476.00","rose.jpg","images/the-classic-comfort-fit-ring-plain-wedding-band/rose.jpg","the-classic-comfort-fit-ring-plain-wedding-band"
"","","","","Wedding / Ceremonial","Yellow Gold","The Eve Ring - Curved Marquise Wedding Ring","1005.00","yellow.jpg","images/the-eve-ring-marquise-ceremonial-ring/yellow.jpg","the-eve-ring-marquise-ceremonial-ring"
"","","","","Wedding / Ceremonial","White Gold","The Eve Ring - Curved Marquise Wedding Ring","1005.00","white.jpg","images/the-eve-ring-marquise-ceremonial-ring/white.jpg","the-eve-ring-marquise-ceremonial-ring"
"","","","","Wedding / Ceremonial","Rose Gold","The Eve Ring - Curved Marquise Wedding Ring","1005.00","rose.jpg","images/the-eve-ring-marquise-ceremonial-ring/rose.jpg","the-eve-ring-marquise-ceremonial-ring"
"","","","","Wedding / Ceremonial","Yellow Gold","The Genevieve Ring - Horizontal Oval Wedding Ring","1111.00","yellow.jpg","images/the-genevieve-ring-horizontal-oval-wedding-band/yellow.jpg","the-genevieve-ring-horizontal-oval-wedding-band"
"","","","","Wedding / Ceremonial","White Gold","The Genevieve Ring - Horizontal Oval Wedding Ring","1111.00","white.jpg","images/the-genevieve-ring-horizontal-oval-wedding-band/white.jpg","the-genevieve-ring-horizontal-oval-wedding-band"
"","","","","Wedding / Ceremonial","Rose Gold","The Genevieve Ring - Horizontal Oval Wedding Ring","1111.00","rose.jpg","images/the-genevieve-ring-horizontal-oval-wedding-band/rose.jpg","the-genevieve-ring-horizontal-oval-wedding-band"
"","","","","Wedding / Ceremonial","Yellow Gold","The Skylar Ring - Large Pavé Ring","1153.00","yellow.jpg","images/the-skylar-ring-large-pave-band/yellow.jpg","the-skylar-ring-large-pave-band"
"","","","","Wedding / Ceremonial","White Gold","The Skylar Ring - Large Pavé Ring","1153.00","white.jpg","images/the-skylar-ring-large-pave-band/white.jpg","the-skylar-ring-large-pave-band"
"","","","","Wedding / Ceremonial","Rose Gold","The Skylar Ring - Large Pavé Ring","1153.00","rose.jpg","images/the-skylar-ring-large-pave-band/rose.jpg","the-skylar-ring-large-pave-band"
"","","","","Wedding / Ceremonial","Yellow Gold","The Freya Ring - Marquise and Round Brilliant Ring","1032.00","yellow.jpg","images/the-freya-wedding-ring-marquise-and-round-brilliant-band/yellow.jpg","the-freya-wedding-ring-marquise-and-round-brilliant-band"
"","","","","Wedding / Ceremonial","White Gold","The Freya Ring - Marquise and Round Brilliant Ring","1032.00","white.jpg","images/the-freya-wedding-ring-marquise-and-round-brilliant-band/white.jpg","the-freya-wedding-ring-marquise-and-round-brilliant-band"
"","","","","Wedding / Ceremonial","Rose Gold","The Freya Ring - Marquise and Round Brilliant Ring","1032.00","rose.jpg","images/the-freya-wedding-ring-marquise-and-round-brilliant-band/rose.jpg","the-freya-wedding-ring-marquise-and-round-brilliant-band"
"","","","","Wedding / Ceremonial","Yellow Gold","The Theo Ring - Classic Comfort Fit Men's Wedding Band","529.00","yellow.jpg","images/plain-comfort-fit-mens-ceremonial-band/yellow.jpg","plain-comfort-fit-mens-ceremonial-band"
"","","","","Wedding / Ceremonial","White Gold","The Theo Ring - Classic Comfort Fit Men's Wedding Band","529.00","white.jpg","images/plain-comfort-fit-mens-ceremonial-band/white.jpg","plain-comfort-fit-mens-ceremonial-band"
"","","","","Wedding / Ceremonial","Rose Gold","The Theo Ring - Classic Comfort Fit Men's Wedding Band","529.00","rose.jpg","images/plain-comfort-fit-mens-ceremonial-band/rose.jpg","plain-comfort-fit-mens-ceremonial-band"
"","","","","Wedding / Ceremonial","Yellow Gold","The Leon Ring - Flat Bevelled Edge Brushed Men's Wedding Band","582.00","yellow.jpg","images/brushed-gold-flat-beveled-edge-mens-ceremonial-band/yellow.jpg","brushed-gold-flat-beveled-edge-mens-ceremonial-band"
"","","","","Wedding / Ceremonial","White Gold","The Leon Ring - Flat Bevelled Edge Brushed Men's Wedding Band","582.00","white.jpg","images/brushed-gold-flat-beveled-edge-mens-ceremonial-band/white.jpg","brushed-gold-flat-beveled-edge-mens-ceremonial-band"
"","","","","Wedding / Ceremonial","Rose Gold","The Leon Ring - Flat Bevelled Edge Brushed Men's Wedding Band","582.00","rose.jpg","images/brushed-gold-flat-beveled-edge-mens-ceremonial-band/rose.jpg","brushed-gold-flat-beveled-edge-mens-ceremonial-band"
"","","","","Wedding / Ceremonial","Yellow Gold","The Nikolas Ring - Brushed Classic Comfort Fit Men's Wedding Band","529.00","yellow.jpg","images/brushed-metal-classic-comfort-ceremonial-ring/yellow.jpg","brushed-metal-classic-comfort-ceremonial-ring"
"","","","","Wedding / Ceremonial","White Gold","The Nikolas Ring - Brushed Classic Comfort Fit Men's Wedding Band","529.00","white.jpg","images/brushed-metal-classic-comfort-ceremonial-ring/white.jpg","brushed-metal-classic-comfort-ceremonial-ring"
"","","","","Wedding / Ceremonial","Rose Gold","The Nikolas Ring - Brushed Classic Comfort Fit Men's Wedding Band","529.00","rose.jpg","images/brushed-metal-classic-comfort-ceremonial-ring/rose.jpg","brushed-metal-classic-comfort-ceremonial-ring"
"","","","","Wedding / Ceremonial","Yellow Gold","The Calihan Ring - Brushed Chamfered Edge Men's Wedding Band","688.00","yellow.jpg","images/the-calihan-ring-brushed-chamfered-edge-mens-ceremonial-band/yellow.jpg","the-calihan-ring-brushed-chamfered-edge-mens-ceremonial-band"
"","","","","Wedding / Ceremonial","White Gold","The Calihan Ring - Brushed Chamfered Edge Men's Wedding Band","688.00","white.jpg","images/the-calihan-ring-brushed-chamfered-edge-mens-ceremonial-band/white.jpg","the-calihan-ring-brushed-chamfered-edge-mens-ceremonial-band"
"","","","","Wedding / Ceremonial","Rose Gold","The Calihan Ring - Brushed Chamfered Edge Men's Wedding Band","688.00","rose.jpg","images/the-calihan-ring-brushed-chamfered-edge-mens-ceremonial-band/rose.jpg","the-calihan-ring-brushed-chamfered-edge-mens-ceremonial-band"
"","","","","Wedding / Ceremonial","Yellow Gold","The Classic Statement Ring","847.00","yellow.jpg","images/the-classic-statement-ring/yellow.jpg","the-classic-statement-ring"
"","","","","Wedding / Ceremonial","White Gold","The Classic Statement Ring","847.00","white.jpg","images/the-classic-statement-ring/white.jpg","the-classic-statement-ring"
"","","","","Wedding / Ceremonial","Rose Gold","The Classic Statement Ring","847.00","rose.jpg","images/the-classic-statement-ring/rose.jpg","the-classic-statement-ring"
"","","","","Wedding / Ceremonial","Yellow Gold","The Gia Ring - Half Oval Ring","1561.00","yellow.jpg","images/the-gia-oval-band/yellow.jpg","the-gia-oval-band"
"","","","","Wedding / Ceremonial","White Gold","The Gia Ring - Half Oval Ring","1561.00","white.jpg","images/the-gia-oval-band/white.jpg","the-gia-oval-band"
"","","","","Wedding / Ceremonial","Rose Gold","The Gia Ring - Half Oval Ring","1561.00","rose.jpg","images/the-gia-oval-band/rose.jpg","the-gia-oval-band"
"","","","","Wedding / Ceremonial","Yellow Gold","The Classic Curved Ring - Plain Wedding Ring","461.00","yellow.jpg","images/the-classic-curved-ring-plain-wedding-band/yellow.jpg","the-classic-curved-ring-plain-wedding-band"
"","","","","Wedding / Ceremonial","White Gold","The Classic Curved Ring - Plain Wedding Ring","461.00","white.jpg","images/the-classic-curved-ring-plain-wedding-band/white.jpg","the-classic-curved-ring-plain-wedding-band"
"","","","","Wedding / Ceremonial","Rose Gold","The Classic Curved Ring - Plain Wedding Ring","461.00","rose.jpg","images/the-classic-curved-ring-plain-wedding-band/rose.jpg","the-classic-curved-ring-plain-wedding-band"
"","","","","Wedding / Ceremonial","Yellow Gold","The Eve Ring - Curved Round Brilliant Wedding Ring","1005.00","yellow.jpg","images/the-eve-ring-round-brilliant-ceremonial-ring/yellow.jpg","the-eve-ring-round-brilliant-ceremonial-ring"
"","","","","Wedding / Ceremonial","White Gold","The Eve Ring - Curved Round Brilliant Wedding Ring","1005.00","white.jpg","images/the-eve-ring-round-brilliant-ceremonial-ring/white.jpg","the-eve-ring-round-brilliant-ceremonial-ring"
"","","","","Wedding / Ceremonial","Rose Gold","The Eve Ring - Curved Round Brilliant Wedding Ring","1005.00","rose.jpg","images/the-eve-ring-round-brilliant-ceremonial-ring/rose.jpg","the-eve-ring-round-brilliant-ceremonial-ring"
"","","","","Wedding / Ceremonial","Yellow Gold","The Eve Ring - Curved Wedding Ring","662.00","yellow.jpg","images/the-eve-ring-curved-ceremonial-ring/yellow.jpg","the-eve-ring-curved-ceremonial-ring"
"","","","","Wedding / Ceremonial","White Gold","The Eve Ring - Curved Wedding Ring","662.00","white.jpg","images/the-eve-ring-curved-ceremonial-ring/white.jpg","the-eve-ring-curved-ceremonial-ring"
"","","","","Wedding / Ceremonial","Rose Gold","The Eve Ring - Curved Wedding Ring","662.00","rose.jpg","images/the-eve-ring-curved-ceremonial-ring/rose.jpg","the-eve-ring-curved-ceremonial-ring"
"","","","","Wedding / Ceremonial","Yellow Gold","The Eve Ring - Curved Pear Wedding Ring","1005.00","yellow.jpg","images/the-eve-ring-curved-pear-ceremonial-ring/yellow.jpg","the-eve-ring-curved-pear-ceremonial-ring"
"","","","","Wedding / Ceremonial","White Gold","The Eve Ring - Curved Pear Wedding Ring","1005.00","white.jpg","images/the-eve-ring-curved-pear-ceremonial-ring/white.jpg","the-eve-ring-curved-pear-ceremonial-ring"
"","","","","Wedding / Ceremonial","Rose Gold","The Eve Ring - Curved Pear Wedding Ring","1005.00","rose.jpg","images/the-eve-ring-curved-pear-ceremonial-ring/rose.jpg","the-eve-ring-curved-pear-ceremonial-ring"
"","","","","Wedding / Ceremonial","Yellow Gold","The Eve Ring - Curved Oval Wedding Ring","1005.00","yellow.jpg","images/the-eve-ring-curved-oval-ceremonial-ring/yellow.jpg","the-eve-ring-curved-oval-ceremonial-ring"
"","","","","Wedding / Ceremonial","White Gold","The Eve Ring - Curved Oval Wedding Ring","1005.00","white.jpg","images/the-eve-ring-curved-oval-ceremonial-ring/white.jpg","the-eve-ring-curved-oval-ceremonial-ring"
"","","","","Wedding / Ceremonial","Rose Gold","The Eve Ring - Curved Oval Wedding Ring","1005.00","rose.jpg","images/the-eve-ring-curved-oval-ceremonial-ring/rose.jpg","the-eve-ring-curved-oval-ceremonial-ring"
"","","","","Wedding / Ceremonial","Yellow Gold","The Aurelia Ring - Pavé Edge Contour Wedding Ring","1428.00","yellow.jpg","images/the-aurelia-ring-pave-edge-contour-ceremonial-ring/yellow.jpg","the-aurelia-ring-pave-edge-contour-ceremonial-ring"
"","","","","Wedding / Ceremonial","White Gold","The Aurelia Ring - Pavé Edge Contour Wedding Ring","1428.00","white.jpg","images/the-aurelia-ring-pave-edge-contour-ceremonial-ring/white.jpg","the-aurelia-ring-pave-edge-contour-ceremonial-ring"
"","","","","Wedding / Ceremonial","Rose Gold","The Aurelia Ring - Pavé Edge Contour Wedding Ring","1428.00","rose.jpg","images/the-aurelia-ring-pave-edge-contour-ceremonial-ring/rose.jpg","the-aurelia-ring-pave-edge-contour-ceremonial-ring"
"","","","","Wedding / Ceremonial","Yellow Gold","The Arielle Ring - Emerald Curved Wedding Ring","1608.00","yellow.jpg","images/the-arielle-ring-emerald-curved-ceremonial-ring/yellow.jpg","the-arielle-ring-emerald-curved-ceremonial-ring"
"","","","","Wedding / Ceremonial","White Gold","The Arielle Ring - Emerald Curved Wedding Ring","1608.00","white.jpg","images/the-arielle-ring-emerald-curved-ceremonial-ring/white.jpg","the-arielle-ring-emerald-curved-ceremonial-ring"
"","","","","Wedding / Ceremonial","Rose Gold","The Arielle Ring - Emerald Curved Wedding Ring","1608.00","rose.jpg","images/the-arielle-ring-emerald-curved-ceremonial-ring/rose.jpg","the-arielle-ring-emerald-curved-ceremonial-ring"
"","","","","Wedding / Ceremonial","Yellow Gold","The Narelle Ring - Emerald Contour Wedding Ring","1608.00","yellow.jpg","images/the-narelle-ring-emerald-contour-ceremonial-ring/yellow.jpg","the-narelle-ring-emerald-contour-ceremonial-ring"
"","","","","Wedding / Ceremonial","White Gold","The Narelle Ring - Emerald Contour Wedding Ring","1608.00","white.jpg","images/the-narelle-ring-emerald-contour-ceremonial-ring/white.jpg","the-narelle-ring-emerald-contour-ceremonial-ring"
"","","","","Wedding / Ceremonial","Rose Gold","The Narelle Ring - Emerald Contour Wedding Ring","1608.00","rose.jpg","images/the-narelle-ring-emerald-contour-ceremonial-ring/rose.jpg","the-narelle-ring-emerald-contour-ceremonial-ring"
"","","","","Wedding / Ceremonial","Yellow Gold","The Nalaya Ring - Scattered Pear and Round Contour Wedding Ring","1550.00","yellow.jpg","images/the-nalaya-ring-scattered-pear-and-round-contour-ceremonial-ring/yellow.jpg","the-nalaya-ring-scattered-pear-and-round-contour-ceremonial-ring"
"","","","","Wedding / Ceremonial","White Gold","The Nalaya Ring - Scattered Pear and Round Contour Wedding Ring","1550.00","white.jpg","images/the-nalaya-ring-scattered-pear-and-round-contour-ceremonial-ring/white.jpg","the-nalaya-ring-scattered-pear-and-round-contour-ceremonial-ring"
"","","","","Wedding / Ceremonial","Rose Gold","The Nalaya Ring - Scattered Pear and Round Contour Wedding Ring","1550.00","rose.jpg","images/the-nalaya-ring-scattered-pear-and-round-contour-ceremonial-ring/rose.jpg","the-nalaya-ring-scattered-pear-and-round-contour-ceremonial-ring"
"","","","","Wedding / Ceremonial","Yellow Gold","The Nara Ring - Pavé Edge Statement Wedding Ring","1375.00","yellow.jpg","images/the-nara-ring-pave-edge-statement-ceremonial-ring/yellow.jpg","the-nara-ring-pave-edge-statement-ceremonial-ring"
"","","","","Wedding / Ceremonial","White Gold","The Nara Ring - Pavé Edge Statement Wedding Ring","1375.00","white.jpg","images/the-nara-ring-pave-edge-statement-ceremonial-ring/white.jpg","the-nara-ring-pave-edge-statement-ceremonial-ring"
"","","","","Wedding / Ceremonial","Rose Gold","The Nara Ring - Pavé Edge Statement Wedding Ring","1375.00","rose.jpg","images/the-nara-ring-pave-edge-statement-ceremonial-ring/rose.jpg","the-nara-ring-pave-edge-statement-ceremonial-ring"
"","","","","Wedding / Ceremonial","Yellow Gold","The Lira Ring - Inset Statement Wedding Ring","1238.00","yellow.jpg","images/the-lira-ring-inset-statement-ceremonial-ring/yellow.jpg","the-lira-ring-inset-statement-ceremonial-ring"
"","","","","Wedding / Ceremonial","White Gold","The Lira Ring - Inset Statement Wedding Ring","1238.00","white.jpg","images/the-lira-ring-inset-statement-ceremonial-ring/white.jpg","the-lira-ring-inset-statement-ceremonial-ring"
"","","","","Wedding / Ceremonial","Rose Gold","The Lira Ring - Inset Statement Wedding Ring","1238.00","rose.jpg","images/the-lira-ring-inset-statement-ceremonial-ring/rose.jpg","the-lira-ring-inset-statement-ceremonial-ring"
"","","","","Wedding / Ceremonial","Yellow Gold","The Saphira Ring - Slanted Marquise Wedding Ring","1180.00","yellow.jpg","images/the-saphira-ring-slanted-marquise-ceremonial-ring/yellow.jpg","the-saphira-ring-slanted-marquise-ceremonial-ring"
"","","","","Wedding / Ceremonial","White Gold","The Saphira Ring - Slanted Marquise Wedding Ring","1180.00","white.jpg","images/the-saphira-ring-slanted-marquise-ceremonial-ring/white.jpg","the-saphira-ring-slanted-marquise-ceremonial-ring"
"","","","","Wedding / Ceremonial","Rose Gold","The Saphira Ring - Slanted Marquise Wedding Ring","1180.00","rose.jpg","images/the-saphira-ring-slanted-marquise-ceremonial-ring/rose.jpg","the-saphira-ring-slanted-marquise-ceremonial-ring"
"","","","","Wedding / Ceremonial","Yellow Gold","The Harper Ring - Horizontal Oval Bezel Wedding Ring","1164.00","yellow.jpg","images/the-harper-ring-horizontal-oval-bezel-ceremonial-ring/yellow.jpg","the-harper-ring-horizontal-oval-bezel-ceremonial-ring"
"","","","","Wedding / Ceremonial","White Gold","The Harper Ring - Horizontal Oval Bezel Wedding Ring","1164.00","white.jpg","images/the-harper-ring-horizontal-oval-bezel-ceremonial-ring/white.jpg","the-harper-ring-horizontal-oval-bezel-ceremonial-ring"
"","","","","Wedding / Ceremonial","Rose Gold","The Harper Ring - Horizontal Oval Bezel Wedding Ring","1164.00","rose.jpg","images/the-harper-ring-horizontal-oval-bezel-ceremonial-ring/rose.jpg","the-harper-ring-horizontal-oval-bezel-ceremonial-ring"
"","","","","Wedding / Ceremonial","Yellow Gold","The Harper Ring - Elongated Cushion Bezel Wedding Ring","1312.00","yellow.jpg","images/the-harper-elongated-cushion-bezel-ceremonial-ring/yellow.jpg","the-harper-elongated-cushion-bezel-ceremonial-ring"
"","","","","Wedding / Ceremonial","White Gold","The Harper Ring - Elongated Cushion Bezel Wedding Ring","1312.00","white.jpg","images/the-harper-elongated-cushion-bezel-ceremonial-ring/white.jpg","the-harper-elongated-cushion-bezel-ceremonial-ring"
"","","","","Wedding / Ceremonial","Rose Gold","The Harper Ring - Elongated Cushion Bezel Wedding Ring","1312.00","rose.jpg","images/the-harper-elongated-cushion-bezel-ceremonial-ring/rose.jpg","the-harper-elongated-cushion-bezel-ceremonial-ring"
"","","","","Wedding / Ceremonial","Yellow Gold","The Harper Ring - Pear and Oval Bezel Wedding Ring","1730.00","yellow.jpg","images/the-harper-ring-pear-and-oval-bezel-ceremonial-ring/yellow.jpg","the-harper-ring-pear-and-oval-bezel-ceremonial-ring"
"","","","","Wedding / Ceremonial","White Gold","The Harper Ring - Pear and Oval Bezel Wedding Ring","1730.00","white.jpg","images/the-harper-ring-pear-and-oval-bezel-ceremonial-ring/white.jpg","the-harper-ring-pear-and-oval-bezel-ceremonial-ring"
"","","","","Wedding / Ceremonial","Rose Gold","The Harper Ring - Pear and Oval Bezel Wedding Ring","1730.00","rose.jpg","images/the-harper-ring-pear-and-oval-bezel-ceremonial-ring/rose.jpg","the-harper-ring-pear-and-oval-bezel-ceremonial-ring"
"","","","","Wedding / Ceremonial","Yellow Gold","The Oceane Ring - Marquise and Round Brilliant Wedding Ring","1058.00","yellow.jpg","images/the-oceane-ring-marquise-and-round-brilliant-wedding-band/yellow.jpg","the-oceane-ring-marquise-and-round-brilliant-wedding-band"
"","","","","Wedding / Ceremonial","White Gold","The Oceane Ring - Marquise and Round Brilliant Wedding Ring","1058.00","white.jpg","images/the-oceane-ring-marquise-and-round-brilliant-wedding-band/white.jpg","the-oceane-ring-marquise-and-round-brilliant-wedding-band"
"","","","","Wedding / Ceremonial","Rose Gold","The Oceane Ring - Marquise and Round Brilliant Wedding Ring","1058.00","rose.jpg","images/the-oceane-ring-marquise-and-round-brilliant-wedding-band/rose.jpg","the-oceane-ring-marquise-and-round-brilliant-wedding-band"
"","","","","Wedding / Ceremonial","Yellow Gold","The Octavian Ring - Hammered Men's Wedding Band","529.00","yellow.jpg","images/the-octavian-ring-hammered-mens-ceremonial-band/yellow.jpg","the-octavian-ring-hammered-mens-ceremonial-band"
"","","","","Wedding / Ceremonial","White Gold","The Octavian Ring - Hammered Men's Wedding Band","529.00","white.jpg","images/the-octavian-ring-hammered-mens-ceremonial-band/white.jpg","the-octavian-ring-hammered-mens-ceremonial-band"
"","","","","Wedding / Ceremonial","Rose Gold","The Octavian Ring - Hammered Men's Wedding Band","529.00","rose.jpg","images/the-octavian-ring-hammered-mens-ceremonial-band/rose.jpg","the-octavian-ring-hammered-mens-ceremonial-band"
"","","","","Wedding / Ceremonial","Yellow Gold","The Elias Ring - Domed Men's Wedding Band","873.00","yellow.jpg","images/domed-mens-ceremonial-band/yellow.jpg","domed-mens-ceremonial-band"
"","","","","Wedding / Ceremonial","White Gold","The Elias Ring - Domed Men's Wedding Band","873.00","white.jpg","images/domed-mens-ceremonial-band/white.jpg","domed-mens-ceremonial-band"
"","","","","Wedding / Ceremonial","Rose Gold","The Elias Ring - Domed Men's Wedding Band","873.00","rose.jpg","images/domed-mens-ceremonial-band/rose.jpg","domed-mens-ceremonial-band"
"","","","","Wedding / Ceremonial","Yellow Gold","The Deacon Ring - Brushed Centre Men's Wedding Band","556.00","yellow.jpg","images/the-deacon-ring-brushed-bevelled-edge-mens-ceremonial-band/yellow.jpg","the-deacon-ring-brushed-bevelled-edge-mens-ceremonial-band"
"","","","","Wedding / Ceremonial","White Gold","The Deacon Ring - Brushed Centre Men's Wedding Band","556.00","white.jpg","images/the-deacon-ring-brushed-bevelled-edge-mens-ceremonial-band/white.jpg","the-deacon-ring-brushed-bevelled-edge-mens-ceremonial-band"
"","","","","Wedding / Ceremonial","Rose Gold","The Deacon Ring - Brushed Centre Men's Wedding Band","556.00","rose.jpg","images/the-deacon-ring-brushed-bevelled-edge-mens-ceremonial-band/rose.jpg","the-deacon-ring-brushed-bevelled-edge-mens-ceremonial-band"
"","","","","Wedding / Ceremonial","Yellow Gold","The Matteo Ring - Classic Statement Men's Wedding Band","582.00","yellow.jpg","images/classic-statement-mens-ceremonial-band/yellow.jpg","classic-statement-mens-ceremonial-band"
"","","","","Wedding / Ceremonial","White Gold","The Matteo Ring - Classic Statement Men's Wedding Band","582.00","white.jpg","images/classic-statement-mens-ceremonial-band/white.jpg","classic-statement-mens-ceremonial-band"
"","","","","Wedding / Ceremonial","Rose Gold","The Matteo Ring - Classic Statement Men's Wedding Band","582.00","rose.jpg","images/classic-statement-mens-ceremonial-band/rose.jpg","classic-statement-mens-ceremonial-band"
"","","","","Wedding / Ceremonial","Yellow Gold","The Calihan Ring - Brushed Zirconium Chamfered Edge Men's Wedding Band","212.00","","","the-calihan-ring-brushed-zirconium-chamfered-edge-mens-ceremonial-band"
"","","","","Wedding / Ceremonial","White Gold","The Calihan Ring - Brushed Zirconium Chamfered Edge Men's Wedding Band","212.00","","","the-calihan-ring-brushed-zirconium-chamfered-edge-mens-ceremonial-band"
"","","","","Wedding / Ceremonial","Rose Gold","The Calihan Ring - Brushed Zirconium Chamfered Edge Men's Wedding Band","212.00","","","the-calihan-ring-brushed-zirconium-chamfered-edge-mens-ceremonial-band"
"","","","","Wedding / Ceremonial","Yellow Gold","The Arte Ring - Flat Brushed Dual Grooved Men's Wedding Band","212.00","","","the-arte-ring-flat-brushed-dual-grooved-mens-ceremonial-band"
"","","","","Wedding / Ceremonial","White Gold","The Arte Ring - Flat Brushed Dual Grooved Men's Wedding Band","212.00","","","the-arte-ring-flat-brushed-dual-grooved-mens-ceremonial-band"
"","","","","Wedding / Ceremonial","Rose Gold","The Arte Ring - Flat Brushed Dual Grooved Men's Wedding Band","212.00","","","the-arte-ring-flat-brushed-dual-grooved-mens-ceremonial-band"
"","","","","Wedding / Ceremonial","Yellow Gold","The Mae Ring - Inset Cultured Gemstone Ring","598.00","","","the-mae-ring-inset-moissanite-band"
"","","","","Wedding / Ceremonial","White Gold","The Mae Ring - Inset Cultured Gemstone Ring","598.00","","","the-mae-ring-inset-moissanite-band"
"","","","","Wedding / Ceremonial","Rose Gold","The Mae Ring - Inset Cultured Gemstone Ring","598.00","","","the-mae-ring-inset-moissanite-band"
"","","","","Wedding / Ceremonial","Yellow Gold","The Greta Ring - Alternating Baguette and Round Wedding Ring","1032.00","yellow.jpg","images/the-greta-ring-alternating-round-baguette-band/yellow.jpg","the-greta-ring-alternating-round-baguette-band"
"","","","","Wedding / Ceremonial","White Gold","The Greta Ring - Alternating Baguette and Round Wedding Ring","1032.00","white.jpg","images/the-greta-ring-alternating-round-baguette-band/white.jpg","the-greta-ring-alternating-round-baguette-band"
"","","","","Wedding / Ceremonial","Rose Gold","The Greta Ring - Alternating Baguette and Round Wedding Ring","1032.00","rose.jpg","images/the-greta-ring-alternating-round-baguette-band/rose.jpg","the-greta-ring-alternating-round-baguette-band"
"","","","","Wedding / Ceremonial","Yellow Gold","The Noemie Ring - Baguette Wedding Ring","899.00","yellow.jpg","images/the-noemie-ring-baguette-wedding-band/yellow.jpg","the-noemie-ring-baguette-wedding-band"
"","","","","Wedding / Ceremonial","White Gold","The Noemie Ring - Baguette Wedding Ring","899.00","white.jpg","images/the-noemie-ring-baguette-wedding-band/white.jpg","the-noemie-ring-baguette-wedding-band"
"","","","","Wedding / Ceremonial","Rose Gold","The Noemie Ring - Baguette Wedding Ring","899.00","rose.jpg","images/the-noemie-ring-baguette-wedding-band/rose.jpg","the-noemie-ring-baguette-wedding-band"
"","","","","Wedding / Ceremonial","Yellow Gold","The Amaré Ring - Contour Wedding Ring","952.00","yellow.jpg","images/the-amare-ring-contour-ceremonial-ring-1/yellow.jpg","the-amare-ring-contour-ceremonial-ring-1"
"","","","","Wedding / Ceremonial","White Gold","The Amaré Ring - Contour Wedding Ring","952.00","white.jpg","images/the-amare-ring-contour-ceremonial-ring-1/white.jpg","the-amare-ring-contour-ceremonial-ring-1"
"","","","","Wedding / Ceremonial","Rose Gold","The Amaré Ring - Contour Wedding Ring","952.00","rose.jpg","images/the-amare-ring-contour-ceremonial-ring-1/rose.jpg","the-amare-ring-contour-ceremonial-ring-1"
"","","","","Wedding / Ceremonial","Yellow Gold","The Camille Ring - Curved Pavé Wedding Ring","688.00","yellow.jpg","images/the-camille-ring-curved-pave-wedding-band-pricing/yellow.jpg","the-camille-ring-curved-pave-wedding-band-pricing"
"","","","","Wedding / Ceremonial","White Gold","The Camille Ring - Curved Pavé Wedding Ring","688.00","white.jpg","images/the-camille-ring-curved-pave-wedding-band-pricing/white.jpg","the-camille-ring-curved-pave-wedding-band-pricing"
"","","","","Wedding / Ceremonial","Rose Gold","The Camille Ring - Curved Pavé Wedding Ring","688.00","rose.jpg","images/the-camille-ring-curved-pave-wedding-band-pricing/rose.jpg","the-camille-ring-curved-pave-wedding-band-pricing"
"","","","","Wedding / Ceremonial","Yellow Gold","The Cybelle Ring - Chevron Wedding Ring","1058.00","","","the-cybelle-ring-chevron-wedding-band"
"","","","","Wedding / Ceremonial","White Gold","The Cybelle Ring - Chevron Wedding Ring","1058.00","","","the-cybelle-ring-chevron-wedding-band"
"","","","","Wedding / Ceremonial","Rose Gold","The Cybelle Ring - Chevron Wedding Ring","1058.00","","","the-cybelle-ring-chevron-wedding-band"
"","","","","Wedding / Ceremonial","Yellow Gold","The Classic Chevron Ring - Plain Wedding Ring","461.00","","","the-classic-chevron-ring-plain-wedding-band"
"","","","","Wedding / Ceremonial","White Gold","The Classic Chevron Ring - Plain Wedding Ring","461.00","","","the-classic-chevron-ring-plain-wedding-band"
"","","","","Wedding / Ceremonial","Rose Gold","The Classic Chevron Ring - Plain Wedding Ring","461.00","","","the-classic-chevron-ring-plain-wedding-band"
"","","","","Wedding / Ceremonial","Yellow Gold","The Arden Ring - Pavé Chevron Wedding Ring","688.00","","","the-arden-ring-pave-chevron-wedding-band"
"","","","","Wedding / Ceremonial","White Gold","The Arden Ring - Pavé Chevron Wedding Ring","688.00","","","the-arden-ring-pave-chevron-wedding-band"
"","","","","Wedding / Ceremonial","Rose Gold","The Arden Ring - Pavé Chevron Wedding Ring","688.00","","","the-arden-ring-pave-chevron-wedding-band"
"","","","","Wedding / Ceremonial","Yellow Gold","The Fae Ring - Organic Curved Wedding Ring","487.00","yellow.jpg","images/the-clara-ring-organic-curved-ceremonial-ring/yellow.jpg","the-clara-ring-organic-curved-ceremonial-ring"
"","","","","Wedding / Ceremonial","White Gold","The Fae Ring - Organic Curved Wedding Ring","487.00","white.jpg","images/the-clara-ring-organic-curved-ceremonial-ring/white.jpg","the-clara-ring-organic-curved-ceremonial-ring"
"","","","","Wedding / Ceremonial","Rose Gold","The Fae Ring - Organic Curved Wedding Ring","487.00","rose.jpg","images/the-clara-ring-organic-curved-ceremonial-ring/rose.jpg","the-clara-ring-organic-curved-ceremonial-ring"
"","","","","Wedding / Ceremonial","Yellow Gold","The Classic Knife Edge Wedding Ring","688.00","yellow.jpg","images/the-classic-knife-edge-ceremonial-ring/yellow.jpg","the-classic-knife-edge-ceremonial-ring"
"","","","","Wedding / Ceremonial","White Gold","The Classic Knife Edge Wedding Ring","688.00","white.jpg","images/the-classic-knife-edge-ceremonial-ring/white.jpg","the-classic-knife-edge-ceremonial-ring"
"","","","","Wedding / Ceremonial","Rose Gold","The Classic Knife Edge Wedding Ring","688.00","rose.jpg","images/the-classic-knife-edge-ceremonial-ring/rose.jpg","the-classic-knife-edge-ceremonial-ring"
"","","","","Wedding / Ceremonial","Yellow Gold","The Estelle Ring - Scattered Pear and Round Ring","1455.00","yellow.jpg","images/the-estelle-ring-scattered-pear-and-round-band/yellow.jpg","the-estelle-ring-scattered-pear-and-round-band"
"","","","","Wedding / Ceremonial","White Gold","The Estelle Ring - Scattered Pear and Round Ring","1455.00","white.jpg","images/the-estelle-ring-scattered-pear-and-round-band/white.jpg","the-estelle-ring-scattered-pear-and-round-band"
"","","","","Wedding / Ceremonial","Rose Gold","The Estelle Ring - Scattered Pear and Round Ring","1455.00","rose.jpg","images/the-estelle-ring-scattered-pear-and-round-band/rose.jpg","the-estelle-ring-scattered-pear-and-round-band"
"","","","","Wedding / Ceremonial","Yellow Gold","The Maeva Ring - Asscher Wedding Ring","1455.00","yellow.jpg","images/the-maeva-ring-asscher-wedding-band/yellow.jpg","the-maeva-ring-asscher-wedding-band"
"","","","","Wedding / Ceremonial","White Gold","The Maeva Ring - Asscher Wedding Ring","1455.00","white.jpg","images/the-maeva-ring-asscher-wedding-band/white.jpg","the-maeva-ring-asscher-wedding-band"
"","","","","Wedding / Ceremonial","Rose Gold","The Maeva Ring - Asscher Wedding Ring","1455.00","rose.jpg","images/the-maeva-ring-asscher-wedding-band/rose.jpg","the-maeva-ring-asscher-wedding-band"
"","","","","Wedding / Ceremonial","Yellow Gold","The Adonis Ring - Round Brilliant Inlay Brushed Men's Wedding Band","635.00","yellow.jpg","images/the-adonis-ring-round-brilliant-inlay-brushed-mens-ceremonial-band/yellow.jpg","the-adonis-ring-round-brilliant-inlay-brushed-mens-ceremonial-band"
"","","","","Wedding / Ceremonial","White Gold","The Adonis Ring - Round Brilliant Inlay Brushed Men's Wedding Band","635.00","white.jpg","images/the-adonis-ring-round-brilliant-inlay-brushed-mens-ceremonial-band/white.jpg","the-adonis-ring-round-brilliant-inlay-brushed-mens-ceremonial-band"
"","","","","Wedding / Ceremonial","Rose Gold","The Adonis Ring - Round Brilliant Inlay Brushed Men's Wedding Band","635.00","rose.jpg","images/the-adonis-ring-round-brilliant-inlay-brushed-mens-ceremonial-band/rose.jpg","the-adonis-ring-round-brilliant-inlay-brushed-mens-ceremonial-band"
"","","","","Wedding / Ceremonial","Yellow Gold","The Alexander Ring -  Round Brilliant Inlay Comfort Fit Men's Wedding Band","635.00","yellow.jpg","images/the-alexander-ring-round-brilliant-inlay-comfort-fit-mens-ceremonial-band/yellow.jpg","the-alexander-ring-round-brilliant-inlay-comfort-fit-mens-ceremonial-band"
"","","","","Wedding / Ceremonial","White Gold","The Alexander Ring -  Round Brilliant Inlay Comfort Fit Men's Wedding Band","635.00","white.jpg","images/the-alexander-ring-round-brilliant-inlay-comfort-fit-mens-ceremonial-band/white.jpg","the-alexander-ring-round-brilliant-inlay-comfort-fit-mens-ceremonial-band"
"","","","","Wedding / Ceremonial","Rose Gold","The Alexander Ring -  Round Brilliant Inlay Comfort Fit Men's Wedding Band","635.00","rose.jpg","images/the-alexander-ring-round-brilliant-inlay-comfort-fit-mens-ceremonial-band/rose.jpg","the-alexander-ring-round-brilliant-inlay-comfort-fit-mens-ceremonial-band"
"","","","","Wedding / Ceremonial","Yellow Gold","The Harper Ring - Oval Bezel Wedding Ring","1508.00","yellow.jpg","images/the-harper-oval-bezel-ceremonial-ring/yellow.jpg","the-harper-oval-bezel-ceremonial-ring"
"","","","","Wedding / Ceremonial","White Gold","The Harper Ring - Oval Bezel Wedding Ring","1508.00","white.jpg","images/the-harper-oval-bezel-ceremonial-ring/white.jpg","the-harper-oval-bezel-ceremonial-ring"
"","","","","Wedding / Ceremonial","Rose Gold","The Harper Ring - Oval Bezel Wedding Ring","1508.00","rose.jpg","images/the-harper-oval-bezel-ceremonial-ring/rose.jpg","the-harper-oval-bezel-ceremonial-ring"
"","","","","Wedding / Ceremonial","Yellow Gold","The Harper Ring - Pear Bezel Wedding Ring","1481.00","yellow.jpg","images/the-harper-pear-bezel-ceremonial-ring/yellow.jpg","the-harper-pear-bezel-ceremonial-ring"
"","","","","Wedding / Ceremonial","White Gold","The Harper Ring - Pear Bezel Wedding Ring","1481.00","white.jpg","images/the-harper-pear-bezel-ceremonial-ring/white.jpg","the-harper-pear-bezel-ceremonial-ring"
"","","","","Wedding / Ceremonial","Rose Gold","The Harper Ring - Pear Bezel Wedding Ring","1481.00","rose.jpg","images/the-harper-pear-bezel-ceremonial-ring/rose.jpg","the-harper-pear-bezel-ceremonial-ring"
"","","","","Wedding / Ceremonial","Yellow Gold","The Harper Ring - Round Bezel Wedding Ring","1455.00","yellow.jpg","images/the-harper-round-bezel-ceremonial-ring/yellow.jpg","the-harper-round-bezel-ceremonial-ring"
"","","","","Wedding / Ceremonial","White Gold","The Harper Ring - Round Bezel Wedding Ring","1455.00","white.jpg","images/the-harper-round-bezel-ceremonial-ring/white.jpg","the-harper-round-bezel-ceremonial-ring"
"","","","","Wedding / Ceremonial","Rose Gold","The Harper Ring - Round Bezel Wedding Ring","1455.00","rose.jpg","images/the-harper-round-bezel-ceremonial-ring/rose.jpg","the-harper-round-bezel-ceremonial-ring"
"","","","","Wedding / Ceremonial","Yellow Gold","The Harper Ring - Emerald Bezel Wedding Ring","1693.00","yellow.jpg","images/the-harper-emerald-bezel-ceremonial-ring/yellow.jpg","the-harper-emerald-bezel-ceremonial-ring"
"","","","","Wedding / Ceremonial","White Gold","The Harper Ring - Emerald Bezel Wedding Ring","1693.00","white.jpg","images/the-harper-emerald-bezel-ceremonial-ring/white.jpg","the-harper-emerald-bezel-ceremonial-ring"
"","","","","Wedding / Ceremonial","Rose Gold","The Harper Ring - Emerald Bezel Wedding Ring","1693.00","rose.jpg","images/the-harper-emerald-bezel-ceremonial-ring/rose.jpg","the-harper-emerald-bezel-ceremonial-ring"
"","","","","Wedding / Ceremonial","Yellow Gold","The Markos Ring - Brushed Ezi Fit Men's Wedding Band","212.00","","","the-markos-ring-brushed-ezi-fit-mens-ceremonial-band"
"","","","","Wedding / Ceremonial","White Gold","The Markos Ring - Brushed Ezi Fit Men's Wedding Band","212.00","","","the-markos-ring-brushed-ezi-fit-mens-ceremonial-band"
"","","","","Wedding / Ceremonial","Rose Gold","The Markos Ring - Brushed Ezi Fit Men's Wedding Band","212.00","","","the-markos-ring-brushed-ezi-fit-mens-ceremonial-band"
"","","","","Wedding / Ceremonial","Yellow Gold","The Emrys Ring - Classic Comfort Fit Men's Wedding Band","212.00","","","the-emrys-ring-classic-comfort-fit-mens-ceremonial-band"
"","","","","Wedding / Ceremonial","White Gold","The Emrys Ring - Classic Comfort Fit Men's Wedding Band","212.00","","","the-emrys-ring-classic-comfort-fit-mens-ceremonial-band"
"","","","","Wedding / Ceremonial","Rose Gold","The Emrys Ring - Classic Comfort Fit Men's Wedding Band","212.00","","","the-emrys-ring-classic-comfort-fit-mens-ceremonial-band"
"","","","","Wedding / Ceremonial","Yellow Gold","The Hugo Ring - Brushed Dual Grooved Men's Wedding Band","556.00","yellow.jpg","images/the-hugo-ring-brushed-dual-grooved-mens-ceremonial-band/yellow.jpg","the-hugo-ring-brushed-dual-grooved-mens-ceremonial-band"
"","","","","Wedding / Ceremonial","White Gold","The Hugo Ring - Brushed Dual Grooved Men's Wedding Band","556.00","white.jpg","images/the-hugo-ring-brushed-dual-grooved-mens-ceremonial-band/white.jpg","the-hugo-ring-brushed-dual-grooved-mens-ceremonial-band"
"","","","","Wedding / Ceremonial","Rose Gold","The Hugo Ring - Brushed Dual Grooved Men's Wedding Band","556.00","rose.jpg","images/the-hugo-ring-brushed-dual-grooved-mens-ceremonial-band/rose.jpg","the-hugo-ring-brushed-dual-grooved-mens-ceremonial-band"
"","","","","Wedding / Ceremonial","Yellow Gold","The Argo Ring - Brushed Step Edge Men's Wedding Band","556.00","yellow.jpg","images/the-argo-ring-brushed-step-edge-mens-ceremonial-band/yellow.jpg","the-argo-ring-brushed-step-edge-mens-ceremonial-band"
"","","","","Wedding / Ceremonial","White Gold","The Argo Ring - Brushed Step Edge Men's Wedding Band","556.00","white.jpg","images/the-argo-ring-brushed-step-edge-mens-ceremonial-band/white.jpg","the-argo-ring-brushed-step-edge-mens-ceremonial-band"
"","","","","Wedding / Ceremonial","Rose Gold","The Argo Ring - Brushed Step Edge Men's Wedding Band","556.00","rose.jpg","images/the-argo-ring-brushed-step-edge-mens-ceremonial-band/rose.jpg","the-argo-ring-brushed-step-edge-mens-ceremonial-band"
"","","","","Wedding / Ceremonial","Yellow Gold","The Carlo Ring - Chevron Men's Wedding Band","529.00","yellow.jpg","images/chevron-cut-out-mens-ceremonial-band/yellow.jpg","chevron-cut-out-mens-ceremonial-band"
"","","","","Wedding / Ceremonial","White Gold","The Carlo Ring - Chevron Men's Wedding Band","529.00","white.jpg","images/chevron-cut-out-mens-ceremonial-band/white.jpg","chevron-cut-out-mens-ceremonial-band"
"","","","","Wedding / Ceremonial","Rose Gold","The Carlo Ring - Chevron Men's Wedding Band","529.00","rose.jpg","images/chevron-cut-out-mens-ceremonial-band/rose.jpg","chevron-cut-out-mens-ceremonial-band"
"","","","","Wedding / Ceremonial","Yellow Gold","The Arlo Ring - Brushed Soft Chamfered Edge Men’s Wedding Band","635.00","yellow.jpg","images/the-arlo-ring-brushed-soft-chamfered-edge-men-s-ceremonial-band/yellow.jpg","the-arlo-ring-brushed-soft-chamfered-edge-men-s-ceremonial-band"
"","","","","Wedding / Ceremonial","White Gold","The Arlo Ring - Brushed Soft Chamfered Edge Men’s Wedding Band","635.00","white.jpg","images/the-arlo-ring-brushed-soft-chamfered-edge-men-s-ceremonial-band/white.jpg","the-arlo-ring-brushed-soft-chamfered-edge-men-s-ceremonial-band"
"","","","","Wedding / Ceremonial","Rose Gold","The Arlo Ring - Brushed Soft Chamfered Edge Men’s Wedding Band","635.00","rose.jpg","images/the-arlo-ring-brushed-soft-chamfered-edge-men-s-ceremonial-band/rose.jpg","the-arlo-ring-brushed-soft-chamfered-edge-men-s-ceremonial-band"
"","","","","Wedding / Ceremonial","Yellow Gold","The Adrian Ring - Double Groove Men's Wedding Band","609.00","yellow.jpg","images/the-adrian-ring-step-edge-mens-ceremonial-band/yellow.jpg","the-adrian-ring-step-edge-mens-ceremonial-band"
"","","","","Wedding / Ceremonial","White Gold","The Adrian Ring - Double Groove Men's Wedding Band","609.00","white.jpg","images/the-adrian-ring-step-edge-mens-ceremonial-band/white.jpg","the-adrian-ring-step-edge-mens-ceremonial-band"
"","","","","Wedding / Ceremonial","Rose Gold","The Adrian Ring - Double Groove Men's Wedding Band","609.00","rose.jpg","images/the-adrian-ring-step-edge-mens-ceremonial-band/rose.jpg","the-adrian-ring-step-edge-mens-ceremonial-band"
"","","","","Wedding / Ceremonial","Yellow Gold","The Atlas Ring - Brushed Modular Men's Wedding Band","820.00","yellow.jpg","images/the-atlas-ring-brushed-modular-mens-ceremonial-band/yellow.jpg","the-atlas-ring-brushed-modular-mens-ceremonial-band"
"","","","","Wedding / Ceremonial","White Gold","The Atlas Ring - Brushed Modular Men's Wedding Band","820.00","white.jpg","images/the-atlas-ring-brushed-modular-mens-ceremonial-band/white.jpg","the-atlas-ring-brushed-modular-mens-ceremonial-band"
"","","","","Wedding / Ceremonial","Rose Gold","The Atlas Ring - Brushed Modular Men's Wedding Band","820.00","rose.jpg","images/the-atlas-ring-brushed-modular-mens-ceremonial-band/rose.jpg","the-atlas-ring-brushed-modular-mens-ceremonial-band"
"","","","","Wedding / Ceremonial","Yellow Gold","The Lucie Ring - Horizontal Pear Wedding Ring","910.00","yellow.jpg","images/the-lucie-ring-horizontal-pear-wedding-band/yellow.jpg","the-lucie-ring-horizontal-pear-wedding-band"
"","","","","Wedding / Ceremonial","White Gold","The Lucie Ring - Horizontal Pear Wedding Ring","910.00","white.jpg","images/the-lucie-ring-horizontal-pear-wedding-band/white.jpg","the-lucie-ring-horizontal-pear-wedding-band"
"","","","","Wedding / Ceremonial","Rose Gold","The Lucie Ring - Horizontal Pear Wedding Ring","910.00","rose.jpg","images/the-lucie-ring-horizontal-pear-wedding-band/rose.jpg","the-lucie-ring-horizontal-pear-wedding-band"
"","","","","Wedding / Ceremonial","Yellow Gold","The Violette Ring - Round Brilliant Wedding Ring","926.00","yellow.jpg","images/the-violette-ring-round-brilliant-wedding-band/yellow.jpg","the-violette-ring-round-brilliant-wedding-band"
"","","","","Wedding / Ceremonial","White Gold","The Violette Ring - Round Brilliant Wedding Ring","926.00","white.jpg","images/the-violette-ring-round-brilliant-wedding-band/white.jpg","the-violette-ring-round-brilliant-wedding-band"
"","","","","Wedding / Ceremonial","Rose Gold","The Violette Ring - Round Brilliant Wedding Ring","926.00","rose.jpg","images/the-violette-ring-round-brilliant-wedding-band/rose.jpg","the-violette-ring-round-brilliant-wedding-band"
"","","","","Wedding / Ceremonial","Yellow Gold","The Freya Ring - Marquise Ring","1032.00","yellow.jpg","images/the-freya-ring-marquise-band/yellow.jpg","the-freya-ring-marquise-band"
"","","","","Wedding / Ceremonial","White Gold","The Freya Ring - Marquise Ring","1032.00","white.jpg","images/the-freya-ring-marquise-band/white.jpg","the-freya-ring-marquise-band"
"","","","","Wedding / Ceremonial","Rose Gold","The Freya Ring - Marquise Ring","1032.00","rose.jpg","images/the-freya-ring-marquise-band/rose.jpg","the-freya-ring-marquise-band"
"","","","","Wedding / Ceremonial","Yellow Gold","The Brea Ring - Baguette Ring","2169.00","","","the-brea-ring-baguette-band"
"","","","","Wedding / Ceremonial","White Gold","The Brea Ring - Baguette Ring","2169.00","","","the-brea-ring-baguette-band"
"","","","","Wedding / Ceremonial","Rose Gold","The Brea Ring - Baguette Ring","2169.00","","","the-brea-ring-baguette-band"
"","","","","Wedding / Ceremonial","Yellow Gold","The Classic Domed Wedding Ring","820.00","yellow.jpg","images/classic-domed-ceremonial-band/yellow.jpg","classic-domed-ceremonial-band"
"","","","","Wedding / Ceremonial","White Gold","The Classic Domed Wedding Ring","820.00","white.jpg","images/classic-domed-ceremonial-band/white.jpg","classic-domed-ceremonial-band"
"","","","","Wedding / Ceremonial","Rose Gold","The Classic Domed Wedding Ring","820.00","rose.jpg","images/classic-domed-ceremonial-band/rose.jpg","classic-domed-ceremonial-band"
"","","","","Wedding / Ceremonial","Yellow Gold","The Orion Ring - Milgrain-Detail Men's Wedding Band","556.00","yellow.jpg","images/the-orion-ring-brushed-milgrain-detail-mens-ceremonial-band/yellow.jpg","the-orion-ring-brushed-milgrain-detail-mens-ceremonial-band"
"","","","","Wedding / Ceremonial","White Gold","The Orion Ring - Milgrain-Detail Men's Wedding Band","556.00","white.jpg","images/the-orion-ring-brushed-milgrain-detail-mens-ceremonial-band/white.jpg","the-orion-ring-brushed-milgrain-detail-mens-ceremonial-band"
"","","","","Wedding / Ceremonial","Rose Gold","The Orion Ring - Milgrain-Detail Men's Wedding Band","556.00","rose.jpg","images/the-orion-ring-brushed-milgrain-detail-mens-ceremonial-band/rose.jpg","the-orion-ring-brushed-milgrain-detail-mens-ceremonial-band"
"","","","","Wedding / Ceremonial","Yellow Gold","The Evander Ring - Brushed Statement Men's Wedding Band","582.00","yellow.jpg","images/the-evander-ring-brushed-statement-mens-ceremonial-band/yellow.jpg","the-evander-ring-brushed-statement-mens-ceremonial-band"
"","","","","Wedding / Ceremonial","White Gold","The Evander Ring - Brushed Statement Men's Wedding Band","582.00","white.jpg","images/the-evander-ring-brushed-statement-mens-ceremonial-band/white.jpg","the-evander-ring-brushed-statement-mens-ceremonial-band"
"","","","","Wedding / Ceremonial","Rose Gold","The Evander Ring - Brushed Statement Men's Wedding Band","582.00","rose.jpg","images/the-evander-ring-brushed-statement-mens-ceremonial-band/rose.jpg","the-evander-ring-brushed-statement-mens-ceremonial-band"
"","","","","Wedding / Ceremonial","Yellow Gold","The Erasmuz Ring - Brushed Milgrain-Detail Men's Wedding Band","529.00","yellow.jpg","images/the-erasmuz-ring-brushed-milgrain-detail-mens-ceremonial-band/yellow.jpg","the-erasmuz-ring-brushed-milgrain-detail-mens-ceremonial-band"
"","","","","Wedding / Ceremonial","White Gold","The Erasmuz Ring - Brushed Milgrain-Detail Men's Wedding Band","529.00","white.jpg","images/the-erasmuz-ring-brushed-milgrain-detail-mens-ceremonial-band/white.jpg","the-erasmuz-ring-brushed-milgrain-detail-mens-ceremonial-band"
"","","","","Wedding / Ceremonial","Rose Gold","The Erasmuz Ring - Brushed Milgrain-Detail Men's Wedding Band","529.00","rose.jpg","images/the-erasmuz-ring-brushed-milgrain-detail-mens-ceremonial-band/rose.jpg","the-erasmuz-ring-brushed-milgrain-detail-mens-ceremonial-band"
"","","","","Wedding / Ceremonial","Yellow Gold","The Harlow Ring - Dainty Round Brilliant Ring","577.00","yellow.jpg","images/the-harlow-ring-dainty-band/yellow.jpg","the-harlow-ring-dainty-band"
"","","","","Wedding / Ceremonial","White Gold","The Harlow Ring - Dainty Round Brilliant Ring","577.00","white.jpg","images/the-harlow-ring-dainty-band/white.jpg","the-harlow-ring-dainty-band"
"","","","","Wedding / Ceremonial","Rose Gold","The Harlow Ring - Dainty Round Brilliant Ring","577.00","rose.jpg","images/the-harlow-ring-dainty-band/rose.jpg","the-harlow-ring-dainty-band"
"","","","","Wedding / Ceremonial","Yellow Gold","The Zuri Ring - Dainty Marquise Ring","577.00","yellow.jpg","images/the-zuri-ring-dainty-marquise-band/yellow.jpg","the-zuri-ring-dainty-marquise-band"
"","","","","Wedding / Ceremonial","White Gold","The Zuri Ring - Dainty Marquise Ring","577.00","white.jpg","images/the-zuri-ring-dainty-marquise-band/white.jpg","the-zuri-ring-dainty-marquise-band"
"","","","","Wedding / Ceremonial","Rose Gold","The Zuri Ring - Dainty Marquise Ring","577.00","rose.jpg","images/the-zuri-ring-dainty-marquise-band/rose.jpg","the-zuri-ring-dainty-marquise-band"
"","","","","Wedding / Ceremonial","Yellow Gold","The Kiah Ring - Dainty Baguette Ring","577.00","yellow.jpg","images/the-kiah-ring-dainty-baguette-band/yellow.jpg","the-kiah-ring-dainty-baguette-band"
"","","","","Wedding / Ceremonial","White Gold","The Kiah Ring - Dainty Baguette Ring","577.00","white.jpg","images/the-kiah-ring-dainty-baguette-band/white.jpg","the-kiah-ring-dainty-baguette-band"
"","","","","Wedding / Ceremonial","Rose Gold","The Kiah Ring - Dainty Baguette Ring","577.00","rose.jpg","images/the-kiah-ring-dainty-baguette-band/rose.jpg","the-kiah-ring-dainty-baguette-band"
"","","","","Wedding / Ceremonial","Yellow Gold","The Clara Ring - Cultured Sapphire Wedding Ring","577.00","yellow.jpg","images/the-chyra-sapphire-ring-dainty-round-brilliant-band/yellow.jpg","the-chyra-sapphire-ring-dainty-round-brilliant-band"
"","","","","Wedding / Ceremonial","White Gold","The Clara Ring - Cultured Sapphire Wedding Ring","577.00","white.jpg","images/the-chyra-sapphire-ring-dainty-round-brilliant-band/white.jpg","the-chyra-sapphire-ring-dainty-round-brilliant-band"
"","","","","Wedding / Ceremonial","Rose Gold","The Clara Ring - Cultured Sapphire Wedding Ring","577.00","rose.jpg","images/the-chyra-sapphire-ring-dainty-round-brilliant-band/rose.jpg","the-chyra-sapphire-ring-dainty-round-brilliant-band"
"","","","","Wedding / Ceremonial","Yellow Gold","The Niah Ring - Cultured Sapphire Wedding Ring","609.00","yellow.jpg","images/the-niah-sapphire-ring/yellow.jpg","the-niah-sapphire-ring"
"","","","","Wedding / Ceremonial","White Gold","The Niah Ring - Cultured Sapphire Wedding Ring","609.00","white.jpg","images/the-niah-sapphire-ring/white.jpg","the-niah-sapphire-ring"
"","","","","Wedding / Ceremonial","Rose Gold","The Niah Ring - Cultured Sapphire Wedding Ring","609.00","rose.jpg","images/the-niah-sapphire-ring/rose.jpg","the-niah-sapphire-ring"
"","","","","Wedding / Ceremonial","Yellow Gold","The Grace Ring - Crown Wedding Ring","899.00","","","the-grace-ring-crown-wedding-band"
"","","","","Wedding / Ceremonial","White Gold","The Grace Ring - Crown Wedding Ring","899.00","","","the-grace-ring-crown-wedding-band"
"","","","","Wedding / Ceremonial","Rose Gold","The Grace Ring - Crown Wedding Ring","899.00","","","the-grace-ring-crown-wedding-band"
"","","","","Wedding / Ceremonial","Yellow Gold","The Diana Ring - Crown Wedding Ring","952.00","","","the-diana-ring-crown-wedding-band"
"","","","","Wedding / Ceremonial","White Gold","The Diana Ring - Crown Wedding Ring","952.00","","","the-diana-ring-crown-wedding-band"
"","","","","Wedding / Ceremonial","Rose Gold","The Diana Ring - Crown Wedding Ring","952.00","","","the-diana-ring-crown-wedding-band"
"","","","","Wedding / Ceremonial","Yellow Gold","The Eleanor Ring - Crown Wedding Ring","952.00","","","new-the-eleanor-ring-crown-wedding-band"
"","","","","Wedding / Ceremonial","White Gold","The Eleanor Ring - Crown Wedding Ring","952.00","","","new-the-eleanor-ring-crown-wedding-band"
"","","","","Wedding / Ceremonial","Rose Gold","The Eleanor Ring - Crown Wedding Ring","952.00","","","new-the-eleanor-ring-crown-wedding-band"
"","","","","Wedding / Ceremonial","Yellow Gold","The Nikos Ring - Singular Grooved Brushed Men's Wedding Band","582.00","yellow.jpg","images/the-nikos-ring-singular-grooved-brushed-mens-ceremonial-band/yellow.jpg","the-nikos-ring-singular-grooved-brushed-mens-ceremonial-band"
"","","","","Wedding / Ceremonial","White Gold","The Nikos Ring - Singular Grooved Brushed Men's Wedding Band","582.00","white.jpg","images/the-nikos-ring-singular-grooved-brushed-mens-ceremonial-band/white.jpg","the-nikos-ring-singular-grooved-brushed-mens-ceremonial-band"
"","","","","Wedding / Ceremonial","Rose Gold","The Nikos Ring - Singular Grooved Brushed Men's Wedding Band","582.00","rose.jpg","images/the-nikos-ring-singular-grooved-brushed-mens-ceremonial-band/rose.jpg","the-nikos-ring-singular-grooved-brushed-mens-ceremonial-band"
"","","","","Wedding / Ceremonial","Yellow Gold","The Julian Ring - Classic Knife Edge Men's Wedding Band","688.00","yellow.jpg","images/the-julian-ring-classic-knife-edge-ceremonial-ring/yellow.jpg","the-julian-ring-classic-knife-edge-ceremonial-ring"
"","","","","Wedding / Ceremonial","White Gold","The Julian Ring - Classic Knife Edge Men's Wedding Band","688.00","white.jpg","images/the-julian-ring-classic-knife-edge-ceremonial-ring/white.jpg","the-julian-ring-classic-knife-edge-ceremonial-ring"
"","","","","Wedding / Ceremonial","Rose Gold","The Julian Ring - Classic Knife Edge Men's Wedding Band","688.00","rose.jpg","images/the-julian-ring-classic-knife-edge-ceremonial-ring/rose.jpg","the-julian-ring-classic-knife-edge-ceremonial-ring"
"","","","","Wedding / Ceremonial","Yellow Gold","The Olympus Ring - Petite Round Tension Set Men's Wedding Band","635.00","yellow.jpg","images/the-olympus-ring-tension-set-mens-ceremonial-band/yellow.jpg","the-olympus-ring-tension-set-mens-ceremonial-band"
"","","","","Wedding / Ceremonial","White Gold","The Olympus Ring - Petite Round Tension Set Men's Wedding Band","635.00","white.jpg","images/the-olympus-ring-tension-set-mens-ceremonial-band/white.jpg","the-olympus-ring-tension-set-mens-ceremonial-band"
"","","","","Wedding / Ceremonial","Rose Gold","The Olympus Ring - Petite Round Tension Set Men's Wedding Band","635.00","rose.jpg","images/the-olympus-ring-tension-set-mens-ceremonial-band/rose.jpg","the-olympus-ring-tension-set-mens-ceremonial-band"
"","","","","Wedding / Ceremonial","Yellow Gold","The Olympus Ring - Statement Round Tension Set Men's Wedding Band","1058.00","yellow.jpg","images/the-olympus-ring-tension-set-mens-ceremonial-band-copy/yellow.jpg","the-olympus-ring-tension-set-mens-ceremonial-band-copy"
"","","","","Wedding / Ceremonial","White Gold","The Olympus Ring - Statement Round Tension Set Men's Wedding Band","1058.00","white.jpg","images/the-olympus-ring-tension-set-mens-ceremonial-band-copy/white.jpg","the-olympus-ring-tension-set-mens-ceremonial-band-copy"
"","","","","Wedding / Ceremonial","Rose Gold","The Olympus Ring - Statement Round Tension Set Men's Wedding Band","1058.00","rose.jpg","images/the-olympus-ring-tension-set-mens-ceremonial-band-copy/rose.jpg","the-olympus-ring-tension-set-mens-ceremonial-band-copy"
"","","","","Wedding / Ceremonial","Yellow Gold","The Signature Heart Milgrain Signet Ring","714.00","yellow.jpg","images/the-signature-heart-milgrain-signet-ring/yellow.jpg","the-signature-heart-milgrain-signet-ring"
"","","","","Wedding / Ceremonial","White Gold","The Signature Heart Milgrain Signet Ring","714.00","white.jpg","images/the-signature-heart-milgrain-signet-ring/white.jpg","the-signature-heart-milgrain-signet-ring"
"","","","","Wedding / Ceremonial","Rose Gold","The Signature Heart Milgrain Signet Ring","714.00","rose.jpg","images/the-signature-heart-milgrain-signet-ring/rose.jpg","the-signature-heart-milgrain-signet-ring"
"","","","","Wedding / Ceremonial","Yellow Gold","The Signature Heart Inlay Signet Ring","556.00","yellow.jpg","images/the-signature-heart-inlay-signet-ring/yellow.jpg","the-signature-heart-inlay-signet-ring"
"","","","","Wedding / Ceremonial","White Gold","The Signature Heart Inlay Signet Ring","556.00","white.jpg","images/the-signature-heart-inlay-signet-ring/white.jpg","the-signature-heart-inlay-signet-ring"
"","","","","Wedding / Ceremonial","Rose Gold","The Signature Heart Inlay Signet Ring","556.00","rose.jpg","images/the-signature-heart-inlay-signet-ring/rose.jpg","the-signature-heart-inlay-signet-ring"
"","","","","Wedding / Ceremonial","Yellow Gold","Signature Petite Oval Signet Ring","714.00","yellow.jpg","images/signature-petite-oval-signet-ring/yellow.jpg","signature-petite-oval-signet-ring"
"","","","","Wedding / Ceremonial","White Gold","Signature Petite Oval Signet Ring","714.00","white.jpg","images/signature-petite-oval-signet-ring/white.jpg","signature-petite-oval-signet-ring"
"","","","","Wedding / Ceremonial","Rose Gold","Signature Petite Oval Signet Ring","714.00","rose.jpg","images/signature-petite-oval-signet-ring/rose.jpg","signature-petite-oval-signet-ring"
"","","","","Wedding / Ceremonial","Yellow Gold","Signature Petite Marquise Signet Ring","714.00","yellow.jpg","images/signature-petite-diamond-signet-ring/yellow.jpg","signature-petite-diamond-signet-ring"
"","","","","Wedding / Ceremonial","White Gold","Signature Petite Marquise Signet Ring","714.00","white.jpg","images/signature-petite-diamond-signet-ring/white.jpg","signature-petite-diamond-signet-ring"
"","","","","Wedding / Ceremonial","Rose Gold","Signature Petite Marquise Signet Ring","714.00","rose.jpg","images/signature-petite-diamond-signet-ring/rose.jpg","signature-petite-diamond-signet-ring"
"","","","","Wedding / Ceremonial","Yellow Gold","Signature Petite Round Signet Ring","714.00","yellow.jpg","images/signature-petite-round-signet-ring/yellow.jpg","signature-petite-round-signet-ring"
"","","","","Wedding / Ceremonial","White Gold","Signature Petite Round Signet Ring","714.00","white.jpg","images/signature-petite-round-signet-ring/white.jpg","signature-petite-round-signet-ring"
"","","","","Wedding / Ceremonial","Rose Gold","Signature Petite Round Signet Ring","714.00","rose.jpg","images/signature-petite-round-signet-ring/rose.jpg","signature-petite-round-signet-ring"
"","","","","Wedding / Ceremonial","Yellow Gold","Signature Oval Signet Ring","1005.00","yellow.jpg","images/signature-oval-signet-ring/yellow.jpg","signature-oval-signet-ring"
"","","","","Wedding / Ceremonial","White Gold","Signature Oval Signet Ring","1005.00","white.jpg","images/signature-oval-signet-ring/white.jpg","signature-oval-signet-ring"
"","","","","Wedding / Ceremonial","Rose Gold","Signature Oval Signet Ring","1005.00","rose.jpg","images/signature-oval-signet-ring/rose.jpg","signature-oval-signet-ring"
"","","","","Wedding / Ceremonial","Yellow Gold","Signature Marquise Signet Ring","1005.00","yellow.jpg","images/signature-marquise-signet-ring/yellow.jpg","signature-marquise-signet-ring"
"","","","","Wedding / Ceremonial","White Gold","Signature Marquise Signet Ring","1005.00","white.jpg","images/signature-marquise-signet-ring/white.jpg","signature-marquise-signet-ring"
"","","","","Wedding / Ceremonial","Rose Gold","Signature Marquise Signet Ring","1005.00","rose.jpg","images/signature-marquise-signet-ring/rose.jpg","signature-marquise-signet-ring"
"","","","","Wedding / Ceremonial","Yellow Gold","Signature Round Signet Ring","1005.00","yellow.jpg","images/signature-round-signet-ring/yellow.jpg","signature-round-signet-ring"
"","","","","Wedding / Ceremonial","White Gold","Signature Round Signet Ring","1005.00","white.jpg","images/signature-round-signet-ring/white.jpg","signature-round-signet-ring"
"","","","","Wedding / Ceremonial","Rose Gold","Signature Round Signet Ring","1005.00","rose.jpg","images/signature-round-signet-ring/rose.jpg","signature-round-signet-ring"
