INCLUDE (Yes/No),NAME,PRICE,NOTES,TMC Product Link,Metal Colour,TMC Original Name,TMC Price (AUD ref),TMC Handle
,,,,https://tmcfinejewellers.com/products/the-amira-ring-1,Yellow Gold,The Amira Ring™ - Oval with Marquise Accents,1280.00,the-amira-ring-1
,,,,https://tmcfinejewellers.com/products/the-amira-ring-1,White Gold,The Amira Ring™ - Oval with Marquise Accents,1280.00,the-amira-ring-1
,,,,https://tmcfinejewellers.com/products/the-amira-ring-1,Rose Gold,The Amira Ring™ - Oval with Marquise Accents,1280.00,the-amira-ring-1
,,,,https://tmcfinejewellers.com/products/the-luise-ring-oval-solitaire,Yellow Gold,The Luise Ring® - Oval Solitaire,831.00,the-luise-ring-oval-solitaire
,,,,https://tmcfinejewellers.com/products/the-luise-ring-oval-solitaire,White Gold,The Luise Ring® - Oval Solitaire,831.00,the-luise-ring-oval-solitaire
,,,,https://tmcfinejewellers.com/products/the-luise-ring-oval-solitaire,Rose Gold,The Luise Ring® - Oval Solitaire,831.00,the-luise-ring-oval-solitaire
,,,,https://tmcfinejewellers.com/products/the-audrey-ring-emerald-solitaire,Yellow Gold,The Audrey Ring - Emerald Solitaire,825.00,the-audrey-ring-emerald-solitaire
,,,,https://tmcfinejewellers.com/products/the-audrey-ring-emerald-solitaire,White Gold,The Audrey Ring - Emerald Solitaire,825.00,the-audrey-ring-emerald-solitaire
,,,,https://tmcfinejewellers.com/products/the-audrey-ring-emerald-solitaire,Rose Gold,The Audrey Ring - Emerald Solitaire,825.00,the-audrey-ring-emerald-solitaire
,,,,https://tmcfinejewellers.com/products/the-vienna-ring-radiant-solitaire,Yellow Gold,The Vienna Ring - Radiant Solitaire,825.00,the-vienna-ring-radiant-solitaire
,,,,https://tmcfinejewellers.com/products/the-vienna-ring-radiant-solitaire,White Gold,The Vienna Ring - Radiant Solitaire,825.00,the-vienna-ring-radiant-solitaire
,,,,https://tmcfinejewellers.com/products/the-vienna-ring-radiant-solitaire,Rose Gold,The Vienna Ring - Radiant Solitaire,825.00,the-vienna-ring-radiant-solitaire
,,,,https://tmcfinejewellers.com/products/the-florence-ring-oval-and-pear-trilogy,Yellow Gold,The Florence Ring - Oval and Pear Cathedral Trilogy,1227.00,the-florence-ring-oval-and-pear-trilogy
,,,,https://tmcfinejewellers.com/products/the-florence-ring-oval-and-pear-trilogy,White Gold,The Florence Ring - Oval and Pear Cathedral Trilogy,1227.00,the-florence-ring-oval-and-pear-trilogy
,,,,https://tmcfinejewellers.com/products/the-florence-ring-oval-and-pear-trilogy,Rose Gold,The Florence Ring - Oval and Pear Cathedral Trilogy,1227.00,the-florence-ring-oval-and-pear-trilogy
,,,,https://tmcfinejewellers.com/products/the-avery-ring-oval-with-marquise-and-round-brilliant-band,Yellow Gold,The Avery Ring - Oval With Marquise and Round Brilliant Band,1386.00,the-avery-ring-oval-with-marquise-and-round-brilliant-band
,,,,https://tmcfinejewellers.com/products/the-avery-ring-oval-with-marquise-and-round-brilliant-band,White Gold,The Avery Ring - Oval With Marquise and Round Brilliant Band,1386.00,the-avery-ring-oval-with-marquise-and-round-brilliant-band
,,,,https://tmcfinejewellers.com/products/the-avery-ring-oval-with-marquise-and-round-brilliant-band,Rose Gold,The Avery Ring - Oval With Marquise and Round Brilliant Band,1386.00,the-avery-ring-oval-with-marquise-and-round-brilliant-band
,,,,https://tmcfinejewellers.com/products/the-luise-ring-oval-cathedral-solitaire,Yellow Gold,The Luise Ring® - Oval Cathedral Solitaire,910.00,the-luise-ring-oval-cathedral-solitaire
,,,,https://tmcfinejewellers.com/products/the-luise-ring-oval-cathedral-solitaire,White Gold,The Luise Ring® - Oval Cathedral Solitaire,910.00,the-luise-ring-oval-cathedral-solitaire
,,,,https://tmcfinejewellers.com/products/the-luise-ring-oval-cathedral-solitaire,Rose Gold,The Luise Ring® - Oval Cathedral Solitaire,910.00,the-luise-ring-oval-cathedral-solitaire
,,,,https://tmcfinejewellers.com/products/the-ophelia-ring-elongated-cushion-solitaire,Yellow Gold,The Ophelia Ring - Elongated Cushion Solitaire,841.00,the-ophelia-ring-elongated-cushion-solitaire
,,,,https://tmcfinejewellers.com/products/the-ophelia-ring-elongated-cushion-solitaire,White Gold,The Ophelia Ring - Elongated Cushion Solitaire,841.00,the-ophelia-ring-elongated-cushion-solitaire
,,,,https://tmcfinejewellers.com/products/the-ophelia-ring-elongated-cushion-solitaire,Rose Gold,The Ophelia Ring - Elongated Cushion Solitaire,841.00,the-ophelia-ring-elongated-cushion-solitaire
,,,,https://tmcfinejewellers.com/products/low-set-luise-ring-oval-solitaire,Yellow Gold,The Luise Ring® - Low Set Oval Solitaire,831.00,low-set-luise-ring-oval-solitaire
,,,,https://tmcfinejewellers.com/products/low-set-luise-ring-oval-solitaire,White Gold,The Luise Ring® - Low Set Oval Solitaire,831.00,low-set-luise-ring-oval-solitaire
,,,,https://tmcfinejewellers.com/products/low-set-luise-ring-oval-solitaire,Rose Gold,The Luise Ring® - Low Set Oval Solitaire,831.00,low-set-luise-ring-oval-solitaire
,,,,https://tmcfinejewellers.com/products/the-arie-ring-marquise-cut-solitaire,Yellow Gold,The Arie Ring - Marquise Solitaire,831.00,the-arie-ring-marquise-cut-solitaire
,,,,https://tmcfinejewellers.com/products/the-arie-ring-marquise-cut-solitaire,White Gold,The Arie Ring - Marquise Solitaire,831.00,the-arie-ring-marquise-cut-solitaire
,,,,https://tmcfinejewellers.com/products/the-arie-ring-marquise-cut-solitaire,Rose Gold,The Arie Ring - Marquise Solitaire,831.00,the-arie-ring-marquise-cut-solitaire
,,,,https://tmcfinejewellers.com/products/the-maya-ring-pear-ascend-signature-solitaire,Yellow Gold,The Maya Ring - Pear Curved Solitaire,921.00,the-maya-ring-pear-ascend-signature-solitaire
,,,,https://tmcfinejewellers.com/products/the-maya-ring-pear-ascend-signature-solitaire,White Gold,The Maya Ring - Pear Curved Solitaire,921.00,the-maya-ring-pear-ascend-signature-solitaire
,,,,https://tmcfinejewellers.com/products/the-maya-ring-pear-ascend-signature-solitaire,Rose Gold,The Maya Ring - Pear Curved Solitaire,921.00,the-maya-ring-pear-ascend-signature-solitaire
,,,,https://tmcfinejewellers.com/products/the-isla-ring-round-solitaire-new,Yellow Gold,The Isla Ring - Round Solitaire,831.00,the-isla-ring-round-solitaire-new
,,,,https://tmcfinejewellers.com/products/the-isla-ring-round-solitaire-new,White Gold,The Isla Ring - Round Solitaire,831.00,the-isla-ring-round-solitaire-new
,,,,https://tmcfinejewellers.com/products/the-isla-ring-round-solitaire-new,Rose Gold,The Isla Ring - Round Solitaire,831.00,the-isla-ring-round-solitaire-new
,,,,https://tmcfinejewellers.com/products/the-sophia-ring-4-claw-pear-solitaire,Yellow Gold,The Sophia Ring - Pear Solitaire,841.00,the-sophia-ring-4-claw-pear-solitaire
,,,,https://tmcfinejewellers.com/products/the-sophia-ring-4-claw-pear-solitaire,White Gold,The Sophia Ring - Pear Solitaire,841.00,the-sophia-ring-4-claw-pear-solitaire
,,,,https://tmcfinejewellers.com/products/the-sophia-ring-4-claw-pear-solitaire,Rose Gold,The Sophia Ring - Pear Solitaire,841.00,the-sophia-ring-4-claw-pear-solitaire
,,,,https://tmcfinejewellers.com/products/the-audrey-ring-emerald-bezel-solitaire,Yellow Gold,The Audrey Ring - Emerald Bezel Solitaire,852.00,the-audrey-ring-emerald-bezel-solitaire
,,,,https://tmcfinejewellers.com/products/the-audrey-ring-emerald-bezel-solitaire,White Gold,The Audrey Ring - Emerald Bezel Solitaire,852.00,the-audrey-ring-emerald-bezel-solitaire
,,,,https://tmcfinejewellers.com/products/the-audrey-ring-emerald-bezel-solitaire,Rose Gold,The Audrey Ring - Emerald Bezel Solitaire,852.00,the-audrey-ring-emerald-bezel-solitaire
,,,,https://tmcfinejewellers.com/products/the-audrey-ring-emerald-cathedral-solitaire,Yellow Gold,The Audrey Ring - Emerald Cathedral Solitaire,905.00,the-audrey-ring-emerald-cathedral-solitaire
,,,,https://tmcfinejewellers.com/products/the-audrey-ring-emerald-cathedral-solitaire,White Gold,The Audrey Ring - Emerald Cathedral Solitaire,905.00,the-audrey-ring-emerald-cathedral-solitaire
,,,,https://tmcfinejewellers.com/products/the-audrey-ring-emerald-cathedral-solitaire,Rose Gold,The Audrey Ring - Emerald Cathedral Solitaire,905.00,the-audrey-ring-emerald-cathedral-solitaire
,,,,https://tmcfinejewellers.com/products/the-luise-ring-oval-bezel-solitaire,Yellow Gold,The Luise Ring® - Oval Bezel Solitaire,857.00,the-luise-ring-oval-bezel-solitaire
,,,,https://tmcfinejewellers.com/products/the-luise-ring-oval-bezel-solitaire,White Gold,The Luise Ring® - Oval Bezel Solitaire,857.00,the-luise-ring-oval-bezel-solitaire
,,,,https://tmcfinejewellers.com/products/the-luise-ring-oval-bezel-solitaire,Rose Gold,The Luise Ring® - Oval Bezel Solitaire,857.00,the-luise-ring-oval-bezel-solitaire
,,,,https://tmcfinejewellers.com/products/the-celeste-ring-radiant-with-marquise-and-round-brilliant-band,Yellow Gold,The Celeste Ring - Radiant With Marquise and Round Brilliant Band,1439.00,the-celeste-ring-radiant-with-marquise-and-round-brilliant-band
,,,,https://tmcfinejewellers.com/products/the-celeste-ring-radiant-with-marquise-and-round-brilliant-band,White Gold,The Celeste Ring - Radiant With Marquise and Round Brilliant Band,1439.00,the-celeste-ring-radiant-with-marquise-and-round-brilliant-band
,,,,https://tmcfinejewellers.com/products/the-celeste-ring-radiant-with-marquise-and-round-brilliant-band,Rose Gold,The Celeste Ring - Radiant With Marquise and Round Brilliant Band,1439.00,the-celeste-ring-radiant-with-marquise-and-round-brilliant-band
,,,,https://tmcfinejewellers.com/products/the-isla-ring-round-brilliant-cathedral-solitaire,Yellow Gold,The Isla Ring - Round Cathedral Solitaire,910.00,the-isla-ring-round-brilliant-cathedral-solitaire
,,,,https://tmcfinejewellers.com/products/the-isla-ring-round-brilliant-cathedral-solitaire,White Gold,The Isla Ring - Round Cathedral Solitaire,910.00,the-isla-ring-round-brilliant-cathedral-solitaire
,,,,https://tmcfinejewellers.com/products/the-isla-ring-round-brilliant-cathedral-solitaire,Rose Gold,The Isla Ring - Round Cathedral Solitaire,910.00,the-isla-ring-round-brilliant-cathedral-solitaire
,,,,https://tmcfinejewellers.com/products/the-maya-ring-marquise-ascend-signature-solitaire,Yellow Gold,The Maya Ring - Marquise Curved Solitaire,910.00,the-maya-ring-marquise-ascend-signature-solitaire
,,,,https://tmcfinejewellers.com/products/the-maya-ring-marquise-ascend-signature-solitaire,White Gold,The Maya Ring - Marquise Curved Solitaire,910.00,the-maya-ring-marquise-ascend-signature-solitaire
,,,,https://tmcfinejewellers.com/products/the-maya-ring-marquise-ascend-signature-solitaire,Rose Gold,The Maya Ring - Marquise Curved Solitaire,910.00,the-maya-ring-marquise-ascend-signature-solitaire
,,,,https://tmcfinejewellers.com/products/the-vienna-ring-radiant-cathedral-solitaire,Yellow Gold,The Vienna Ring - Radiant Cathedral Solitaire,905.00,the-vienna-ring-radiant-cathedral-solitaire
,,,,https://tmcfinejewellers.com/products/the-vienna-ring-radiant-cathedral-solitaire,White Gold,The Vienna Ring - Radiant Cathedral Solitaire,905.00,the-vienna-ring-radiant-cathedral-solitaire
,,,,https://tmcfinejewellers.com/products/the-vienna-ring-radiant-cathedral-solitaire,Rose Gold,The Vienna Ring - Radiant Cathedral Solitaire,905.00,the-vienna-ring-radiant-cathedral-solitaire
,,,,https://tmcfinejewellers.com/products/the-florence-ring-marquise-pear-trilogy,Yellow Gold,The Florence Ring - Marquise and Pear Cathedral Trilogy,1016.00,the-florence-ring-marquise-pear-trilogy
,,,,https://tmcfinejewellers.com/products/the-florence-ring-marquise-pear-trilogy,White Gold,The Florence Ring - Marquise and Pear Cathedral Trilogy,1016.00,the-florence-ring-marquise-pear-trilogy
,,,,https://tmcfinejewellers.com/products/the-florence-ring-marquise-pear-trilogy,Rose Gold,The Florence Ring - Marquise and Pear Cathedral Trilogy,1016.00,the-florence-ring-marquise-pear-trilogy
,,,,https://tmcfinejewellers.com/products/the-viola-ring-emerald-baguette-trilogy,Yellow Gold,The Viola Ring - Emerald and Baguette Trilogy,1058.00,the-viola-ring-emerald-baguette-trilogy
,,,,https://tmcfinejewellers.com/products/the-viola-ring-emerald-baguette-trilogy,White Gold,The Viola Ring - Emerald and Baguette Trilogy,1058.00,the-viola-ring-emerald-baguette-trilogy
,,,,https://tmcfinejewellers.com/products/the-viola-ring-emerald-baguette-trilogy,Rose Gold,The Viola Ring - Emerald and Baguette Trilogy,1058.00,the-viola-ring-emerald-baguette-trilogy
,,,,https://tmcfinejewellers.com/products/the-ophelia-ring-elongated-cushion-cathedral-solitaire,Yellow Gold,The Ophelia Ring - Elongated Cushion Cathedral Solitaire,947.00,the-ophelia-ring-elongated-cushion-cathedral-solitaire
,,,,https://tmcfinejewellers.com/products/the-ophelia-ring-elongated-cushion-cathedral-solitaire,White Gold,The Ophelia Ring - Elongated Cushion Cathedral Solitaire,947.00,the-ophelia-ring-elongated-cushion-cathedral-solitaire
,,,,https://tmcfinejewellers.com/products/the-ophelia-ring-elongated-cushion-cathedral-solitaire,Rose Gold,The Ophelia Ring - Elongated Cushion Cathedral Solitaire,947.00,the-ophelia-ring-elongated-cushion-cathedral-solitaire
,,,,https://tmcfinejewellers.com/products/the-florence-ring-pear-trilogy,Yellow Gold,The Florence Ring - Pear Cathedral Trilogy,1016.00,the-florence-ring-pear-trilogy
,,,,https://tmcfinejewellers.com/products/the-florence-ring-pear-trilogy,White Gold,The Florence Ring - Pear Cathedral Trilogy,1016.00,the-florence-ring-pear-trilogy
,,,,https://tmcfinejewellers.com/products/the-florence-ring-pear-trilogy,Rose Gold,The Florence Ring - Pear Cathedral Trilogy,1016.00,the-florence-ring-pear-trilogy
,,,,https://tmcfinejewellers.com/products/the-arie-ring-marquise-cut-cathedral-solitaire,Yellow Gold,The Arie Ring - Marquise Cathedral Solitaire,937.00,the-arie-ring-marquise-cut-cathedral-solitaire
,,,,https://tmcfinejewellers.com/products/the-arie-ring-marquise-cut-cathedral-solitaire,White Gold,The Arie Ring - Marquise Cathedral Solitaire,937.00,the-arie-ring-marquise-cut-cathedral-solitaire
,,,,https://tmcfinejewellers.com/products/the-arie-ring-marquise-cut-cathedral-solitaire,Rose Gold,The Arie Ring - Marquise Cathedral Solitaire,937.00,the-arie-ring-marquise-cut-cathedral-solitaire
,,,,https://tmcfinejewellers.com/products/the-vienna-ring-radiant-half-bezel-solitaire,Yellow Gold,The Vienna Ring - Radiant Half Bezel Solitaire,894.00,the-vienna-ring-radiant-half-bezel-solitaire
,,,,https://tmcfinejewellers.com/products/the-vienna-ring-radiant-half-bezel-solitaire,White Gold,The Vienna Ring - Radiant Half Bezel Solitaire,894.00,the-vienna-ring-radiant-half-bezel-solitaire
,,,,https://tmcfinejewellers.com/products/the-vienna-ring-radiant-half-bezel-solitaire,Rose Gold,The Vienna Ring - Radiant Half Bezel Solitaire,894.00,the-vienna-ring-radiant-half-bezel-solitaire
,,,,https://tmcfinejewellers.com/products/the-luise-ring-oval-half-bezel-solitaire,Yellow Gold,The Luise Ring® - Oval Half Bezel Solitaire,857.00,the-luise-ring-oval-half-bezel-solitaire
,,,,https://tmcfinejewellers.com/products/the-luise-ring-oval-half-bezel-solitaire,White Gold,The Luise Ring® - Oval Half Bezel Solitaire,857.00,the-luise-ring-oval-half-bezel-solitaire
,,,,https://tmcfinejewellers.com/products/the-luise-ring-oval-half-bezel-solitaire,Rose Gold,The Luise Ring® - Oval Half Bezel Solitaire,857.00,the-luise-ring-oval-half-bezel-solitaire
,,,,https://tmcfinejewellers.com/products/the-arie-ring-marquise-half-bezel-solitaire,Yellow Gold,The Arie Ring - Marquise Half Bezel Solitaire,857.00,the-arie-ring-marquise-half-bezel-solitaire
,,,,https://tmcfinejewellers.com/products/the-arie-ring-marquise-half-bezel-solitaire,White Gold,The Arie Ring - Marquise Half Bezel Solitaire,857.00,the-arie-ring-marquise-half-bezel-solitaire
,,,,https://tmcfinejewellers.com/products/the-arie-ring-marquise-half-bezel-solitaire,Rose Gold,The Arie Ring - Marquise Half Bezel Solitaire,857.00,the-arie-ring-marquise-half-bezel-solitaire
,,,,https://tmcfinejewellers.com/products/the-audrey-ring-emerald-half-bezel-solitaire,Yellow Gold,The Audrey Ring - Emerald Half Bezel Solitaire,894.00,the-audrey-ring-emerald-half-bezel-solitaire
,,,,https://tmcfinejewellers.com/products/the-audrey-ring-emerald-half-bezel-solitaire,White Gold,The Audrey Ring - Emerald Half Bezel Solitaire,894.00,the-audrey-ring-emerald-half-bezel-solitaire
,,,,https://tmcfinejewellers.com/products/the-audrey-ring-emerald-half-bezel-solitaire,Rose Gold,The Audrey Ring - Emerald Half Bezel Solitaire,894.00,the-audrey-ring-emerald-half-bezel-solitaire
,,,,https://tmcfinejewellers.com/products/the-celia-ring-round-trilogy,Yellow Gold,The Celia Ring - Round Trilogy,974.00,the-celia-ring-round-trilogy
,,,,https://tmcfinejewellers.com/products/the-celia-ring-round-trilogy,White Gold,The Celia Ring - Round Trilogy,974.00,the-celia-ring-round-trilogy
,,,,https://tmcfinejewellers.com/products/the-celia-ring-round-trilogy,Rose Gold,The Celia Ring - Round Trilogy,974.00,the-celia-ring-round-trilogy
,,,,https://tmcfinejewellers.com/products/the-aurora-ring-round-with-round-brilliant-accents,Yellow Gold,The Aurora Ring - Round with Round Brilliant Accents,1280.00,the-aurora-ring-round-with-round-brilliant-accents
,,,,https://tmcfinejewellers.com/products/the-aurora-ring-round-with-round-brilliant-accents,White Gold,The Aurora Ring - Round with Round Brilliant Accents,1280.00,the-aurora-ring-round-with-round-brilliant-accents
,,,,https://tmcfinejewellers.com/products/the-aurora-ring-round-with-round-brilliant-accents,Rose Gold,The Aurora Ring - Round with Round Brilliant Accents,1280.00,the-aurora-ring-round-with-round-brilliant-accents
,,,,https://tmcfinejewellers.com/products/the-cora-ring-horizontal-emerald-solitaire,Yellow Gold,The Cora Ring - East-West Emerald Solitaire,825.00,the-cora-ring-horizontal-emerald-solitaire
,,,,https://tmcfinejewellers.com/products/the-cora-ring-horizontal-emerald-solitaire,White Gold,The Cora Ring - East-West Emerald Solitaire,825.00,the-cora-ring-horizontal-emerald-solitaire
,,,,https://tmcfinejewellers.com/products/the-cora-ring-horizontal-emerald-solitaire,Rose Gold,The Cora Ring - East-West Emerald Solitaire,825.00,the-cora-ring-horizontal-emerald-solitaire
,,,,https://tmcfinejewellers.com/products/the-amira-ring-marquise-with-marquise-accents,Yellow Gold,The Amira Ring™ - Marquise with Marquise Accents,1280.00,the-amira-ring-marquise-with-marquise-accents
,,,,https://tmcfinejewellers.com/products/the-amira-ring-marquise-with-marquise-accents,White Gold,The Amira Ring™ - Marquise with Marquise Accents,1280.00,the-amira-ring-marquise-with-marquise-accents
,,,,https://tmcfinejewellers.com/products/the-amira-ring-marquise-with-marquise-accents,Rose Gold,The Amira Ring™ - Marquise with Marquise Accents,1280.00,the-amira-ring-marquise-with-marquise-accents
,,,,https://tmcfinejewellers.com/products/copy-of-the-maya-ring-oval-ascend-signature-solitaire,Yellow Gold,The Maya Ring - Oval Curved Solitaire,910.00,copy-of-the-maya-ring-oval-ascend-signature-solitaire
,,,,https://tmcfinejewellers.com/products/copy-of-the-maya-ring-oval-ascend-signature-solitaire,White Gold,The Maya Ring - Oval Curved Solitaire,910.00,copy-of-the-maya-ring-oval-ascend-signature-solitaire
,,,,https://tmcfinejewellers.com/products/copy-of-the-maya-ring-oval-ascend-signature-solitaire,Rose Gold,The Maya Ring - Oval Curved Solitaire,910.00,copy-of-the-maya-ring-oval-ascend-signature-solitaire
,,,,https://tmcfinejewellers.com/products/the-odette-ring-oval-trilogy,Yellow Gold,The Odette Ring - Oval Trilogy,1069.00,the-odette-ring-oval-trilogy
,,,,https://tmcfinejewellers.com/products/the-odette-ring-oval-trilogy,White Gold,The Odette Ring - Oval Trilogy,1069.00,the-odette-ring-oval-trilogy
,,,,https://tmcfinejewellers.com/products/the-odette-ring-oval-trilogy,Rose Gold,The Odette Ring - Oval Trilogy,1069.00,the-odette-ring-oval-trilogy
,,,,https://tmcfinejewellers.com/products/the-florence-ring-elongated-cushion-pear-trilogy,Yellow Gold,The Florence Ring - Elongated Cushion and Pear Cathedral Trilogy,1016.00,the-florence-ring-elongated-cushion-pear-trilogy
,,,,https://tmcfinejewellers.com/products/the-florence-ring-elongated-cushion-pear-trilogy,White Gold,The Florence Ring - Elongated Cushion and Pear Cathedral Trilogy,1016.00,the-florence-ring-elongated-cushion-pear-trilogy
,,,,https://tmcfinejewellers.com/products/the-florence-ring-elongated-cushion-pear-trilogy,Rose Gold,The Florence Ring - Elongated Cushion and Pear Cathedral Trilogy,1016.00,the-florence-ring-elongated-cushion-pear-trilogy
,,,,https://tmcfinejewellers.com/products/the-sophia-ring-pear-cathedral-solitaire,Yellow Gold,The Sophia Ring - Pear Cathedral Solitaire,921.00,the-sophia-ring-pear-cathedral-solitaire
,,,,https://tmcfinejewellers.com/products/the-sophia-ring-pear-cathedral-solitaire,White Gold,The Sophia Ring - Pear Cathedral Solitaire,921.00,the-sophia-ring-pear-cathedral-solitaire
,,,,https://tmcfinejewellers.com/products/the-sophia-ring-pear-cathedral-solitaire,Rose Gold,The Sophia Ring - Pear Cathedral Solitaire,921.00,the-sophia-ring-pear-cathedral-solitaire
,,,,https://tmcfinejewellers.com/products/the-florence-ring-round-and-pear-trilogy,Yellow Gold,The Florence Ring - Round and Pear Cathedral Trilogy,1227.00,the-florence-ring-round-and-pear-trilogy
,,,,https://tmcfinejewellers.com/products/the-florence-ring-round-and-pear-trilogy,White Gold,The Florence Ring - Round and Pear Cathedral Trilogy,1227.00,the-florence-ring-round-and-pear-trilogy
,,,,https://tmcfinejewellers.com/products/the-florence-ring-round-and-pear-trilogy,Rose Gold,The Florence Ring - Round and Pear Cathedral Trilogy,1227.00,the-florence-ring-round-and-pear-trilogy
,,,,https://tmcfinejewellers.com/products/the-paloma-ring-cushion-cut-solitaire,Yellow Gold,The Paloma Ring - Cushion Solitaire,841.00,the-paloma-ring-cushion-cut-solitaire
,,,,https://tmcfinejewellers.com/products/the-paloma-ring-cushion-cut-solitaire,White Gold,The Paloma Ring - Cushion Solitaire,841.00,the-paloma-ring-cushion-cut-solitaire
,,,,https://tmcfinejewellers.com/products/the-paloma-ring-cushion-cut-solitaire,Rose Gold,The Paloma Ring - Cushion Solitaire,841.00,the-paloma-ring-cushion-cut-solitaire
,,,,https://tmcfinejewellers.com/products/the-amira-ring-pear-with-marquise-accents,Yellow Gold,The Amira Ring™ - Pear with Marquise Accents,1280.00,the-amira-ring-pear-with-marquise-accents
,,,,https://tmcfinejewellers.com/products/the-amira-ring-pear-with-marquise-accents,White Gold,The Amira Ring™ - Pear with Marquise Accents,1280.00,the-amira-ring-pear-with-marquise-accents
,,,,https://tmcfinejewellers.com/products/the-amira-ring-pear-with-marquise-accents,Rose Gold,The Amira Ring™ - Pear with Marquise Accents,1280.00,the-amira-ring-pear-with-marquise-accents
,,,,https://tmcfinejewellers.com/products/the-vienna-ring-radiant-bezel-solitaire,Yellow Gold,The Vienna Ring - Radiant Bezel Solitaire,852.00,the-vienna-ring-radiant-bezel-solitaire
,,,,https://tmcfinejewellers.com/products/the-vienna-ring-radiant-bezel-solitaire,White Gold,The Vienna Ring - Radiant Bezel Solitaire,852.00,the-vienna-ring-radiant-bezel-solitaire
,,,,https://tmcfinejewellers.com/products/the-vienna-ring-radiant-bezel-solitaire,Rose Gold,The Vienna Ring - Radiant Bezel Solitaire,852.00,the-vienna-ring-radiant-bezel-solitaire
,,,,https://tmcfinejewellers.com/products/the-blaire-ring-oval-and-round-trilogy,Yellow Gold,The Blaire Ring - Oval and Round Trilogy,1016.00,the-blaire-ring-oval-and-round-trilogy
,,,,https://tmcfinejewellers.com/products/the-blaire-ring-oval-and-round-trilogy,White Gold,The Blaire Ring - Oval and Round Trilogy,1016.00,the-blaire-ring-oval-and-round-trilogy
,,,,https://tmcfinejewellers.com/products/the-blaire-ring-oval-and-round-trilogy,Rose Gold,The Blaire Ring - Oval and Round Trilogy,1016.00,the-blaire-ring-oval-and-round-trilogy
,,,,https://tmcfinejewellers.com/products/the-athaliah-ring-oval-and-marquise-curved-toi-et-moi,Yellow Gold,The Athaliah Ring - Oval and Marquise Curved Toi et Moi,963.00,the-athaliah-ring-oval-and-marquise-curved-toi-et-moi
,,,,https://tmcfinejewellers.com/products/the-athaliah-ring-oval-and-marquise-curved-toi-et-moi,White Gold,The Athaliah Ring - Oval and Marquise Curved Toi et Moi,963.00,the-athaliah-ring-oval-and-marquise-curved-toi-et-moi
,,,,https://tmcfinejewellers.com/products/the-athaliah-ring-oval-and-marquise-curved-toi-et-moi,Rose Gold,The Athaliah Ring - Oval and Marquise Curved Toi et Moi,963.00,the-athaliah-ring-oval-and-marquise-curved-toi-et-moi
,,,,https://tmcfinejewellers.com/products/the-amira-ring-elongated-cushion-with-marquise-accents,Yellow Gold,The Amira Ring™ - Elongated Cushion with Marquise Accents,1280.00,the-amira-ring-elongated-cushion-with-marquise-accents
,,,,https://tmcfinejewellers.com/products/the-amira-ring-elongated-cushion-with-marquise-accents,White Gold,The Amira Ring™ - Elongated Cushion with Marquise Accents,1280.00,the-amira-ring-elongated-cushion-with-marquise-accents
,,,,https://tmcfinejewellers.com/products/the-amira-ring-elongated-cushion-with-marquise-accents,Rose Gold,The Amira Ring™ - Elongated Cushion with Marquise Accents,1280.00,the-amira-ring-elongated-cushion-with-marquise-accents
,,,,https://tmcfinejewellers.com/products/the-eloise-ring-oval-antique-halo,Yellow Gold,The Eloise Ring - Oval Antique Halo,1280.00,the-eloise-ring-oval-antique-halo
,,,,https://tmcfinejewellers.com/products/the-eloise-ring-oval-antique-halo,White Gold,The Eloise Ring - Oval Antique Halo,1280.00,the-eloise-ring-oval-antique-halo
,,,,https://tmcfinejewellers.com/products/the-eloise-ring-oval-antique-halo,Rose Gold,The Eloise Ring - Oval Antique Halo,1280.00,the-eloise-ring-oval-antique-halo
,,,,https://tmcfinejewellers.com/products/the-florence-ring-radiant-pear-trilogy,Yellow Gold,The Florence Ring - Radiant and Pear Cathedral Trilogy,1227.00,the-florence-ring-radiant-pear-trilogy
,,,,https://tmcfinejewellers.com/products/the-florence-ring-radiant-pear-trilogy,White Gold,The Florence Ring - Radiant and Pear Cathedral Trilogy,1227.00,the-florence-ring-radiant-pear-trilogy
,,,,https://tmcfinejewellers.com/products/the-florence-ring-radiant-pear-trilogy,Rose Gold,The Florence Ring - Radiant and Pear Cathedral Trilogy,1227.00,the-florence-ring-radiant-pear-trilogy
,,,,https://tmcfinejewellers.com/products/juniper-ornate-emerald,Yellow Gold,The Juniper Ring - Ornate Emerald With Accent Stones,968.00,juniper-ornate-emerald
,,,,https://tmcfinejewellers.com/products/juniper-ornate-emerald,White Gold,The Juniper Ring - Ornate Emerald With Accent Stones,968.00,juniper-ornate-emerald
,,,,https://tmcfinejewellers.com/products/juniper-ornate-emerald,Rose Gold,The Juniper Ring - Ornate Emerald With Accent Stones,968.00,juniper-ornate-emerald
,,,,https://tmcfinejewellers.com/products/the-aurora-ring-oval-with-round-brilliant-accents,Yellow Gold,The Aurora Ring - Oval with Round Brilliant Accents,1280.00,the-aurora-ring-oval-with-round-brilliant-accents
,,,,https://tmcfinejewellers.com/products/the-aurora-ring-oval-with-round-brilliant-accents,White Gold,The Aurora Ring - Oval with Round Brilliant Accents,1280.00,the-aurora-ring-oval-with-round-brilliant-accents
,,,,https://tmcfinejewellers.com/products/the-aurora-ring-oval-with-round-brilliant-accents,Rose Gold,The Aurora Ring - Oval with Round Brilliant Accents,1280.00,the-aurora-ring-oval-with-round-brilliant-accents
,,,,https://tmcfinejewellers.com/products/the-amira-ring-round-with-marquise-accents,Yellow Gold,The Amira Ring™ - Round with Marquise Accents,1280.00,the-amira-ring-round-with-marquise-accents
,,,,https://tmcfinejewellers.com/products/the-amira-ring-round-with-marquise-accents,White Gold,The Amira Ring™ - Round with Marquise Accents,1280.00,the-amira-ring-round-with-marquise-accents
,,,,https://tmcfinejewellers.com/products/the-amira-ring-round-with-marquise-accents,Rose Gold,The Amira Ring™ - Round with Marquise Accents,1280.00,the-amira-ring-round-with-marquise-accents
,,,,https://tmcfinejewellers.com/products/the-maya-ring-round-curved-solitaire,Yellow Gold,The Maya Ring - Round Curved Solitaire,910.00,the-maya-ring-round-curved-solitaire
,,,,https://tmcfinejewellers.com/products/the-maya-ring-round-curved-solitaire,White Gold,The Maya Ring - Round Curved Solitaire,910.00,the-maya-ring-round-curved-solitaire
,,,,https://tmcfinejewellers.com/products/the-maya-ring-round-curved-solitaire,Rose Gold,The Maya Ring - Round Curved Solitaire,910.00,the-maya-ring-round-curved-solitaire
,,,,https://tmcfinejewellers.com/products/the-paloma-ring-cushion-cathedral-solitaire,Yellow Gold,The Paloma Ring - Cushion Cathedral Solitaire,921.00,the-paloma-ring-cushion-cathedral-solitaire
,,,,https://tmcfinejewellers.com/products/the-paloma-ring-cushion-cathedral-solitaire,White Gold,The Paloma Ring - Cushion Cathedral Solitaire,921.00,the-paloma-ring-cushion-cathedral-solitaire
,,,,https://tmcfinejewellers.com/products/the-paloma-ring-cushion-cathedral-solitaire,Rose Gold,The Paloma Ring - Cushion Cathedral Solitaire,921.00,the-paloma-ring-cushion-cathedral-solitaire
,,,,https://tmcfinejewellers.com/products/the-elora-ring-east-west-oval-solitaire,Yellow Gold,The Elora Ring - East-West Oval Solitaire,804.00,the-elora-ring-east-west-oval-solitaire
,,,,https://tmcfinejewellers.com/products/the-elora-ring-east-west-oval-solitaire,White Gold,The Elora Ring - East-West Oval Solitaire,804.00,the-elora-ring-east-west-oval-solitaire
,,,,https://tmcfinejewellers.com/products/the-elora-ring-east-west-oval-solitaire,Rose Gold,The Elora Ring - East-West Oval Solitaire,804.00,the-elora-ring-east-west-oval-solitaire
,,,,https://tmcfinejewellers.com/products/the-elise-ring-split-shank-emerald-solitaire,Yellow Gold,The Elise Ring - Split Shank Emerald Solitaire,1116.00,the-elise-ring-split-shank-emerald-solitaire
,,,,https://tmcfinejewellers.com/products/the-elise-ring-split-shank-emerald-solitaire,White Gold,The Elise Ring - Split Shank Emerald Solitaire,1116.00,the-elise-ring-split-shank-emerald-solitaire
,,,,https://tmcfinejewellers.com/products/the-elise-ring-split-shank-emerald-solitaire,Rose Gold,The Elise Ring - Split Shank Emerald Solitaire,1116.00,the-elise-ring-split-shank-emerald-solitaire
,,,,https://tmcfinejewellers.com/products/the-elise-ring-split-shank-marquise-solitaire,Yellow Gold,The Elise Ring - Split Shank Marquise Solitaire,1127.00,the-elise-ring-split-shank-marquise-solitaire
,,,,https://tmcfinejewellers.com/products/the-elise-ring-split-shank-marquise-solitaire,White Gold,The Elise Ring - Split Shank Marquise Solitaire,1127.00,the-elise-ring-split-shank-marquise-solitaire
,,,,https://tmcfinejewellers.com/products/the-elise-ring-split-shank-marquise-solitaire,Rose Gold,The Elise Ring - Split Shank Marquise Solitaire,1127.00,the-elise-ring-split-shank-marquise-solitaire
,,,,https://tmcfinejewellers.com/products/the-elise-ring-split-shank-radiant-solitaire,Yellow Gold,The Elise Ring - Split Shank Radiant Solitaire,1127.00,the-elise-ring-split-shank-radiant-solitaire
,,,,https://tmcfinejewellers.com/products/the-elise-ring-split-shank-radiant-solitaire,White Gold,The Elise Ring - Split Shank Radiant Solitaire,1127.00,the-elise-ring-split-shank-radiant-solitaire
,,,,https://tmcfinejewellers.com/products/the-elise-ring-split-shank-radiant-solitaire,Rose Gold,The Elise Ring - Split Shank Radiant Solitaire,1127.00,the-elise-ring-split-shank-radiant-solitaire
,,,,https://tmcfinejewellers.com/products/the-aleasa-ring-split-shank-east-west-pear-solitaire,Yellow Gold,The Aleasa Ring - Split Shank East-West Pear Solitaire,1116.00,the-aleasa-ring-split-shank-east-west-pear-solitaire
,,,,https://tmcfinejewellers.com/products/the-aleasa-ring-split-shank-east-west-pear-solitaire,White Gold,The Aleasa Ring - Split Shank East-West Pear Solitaire,1116.00,the-aleasa-ring-split-shank-east-west-pear-solitaire
,,,,https://tmcfinejewellers.com/products/the-aleasa-ring-split-shank-east-west-pear-solitaire,Rose Gold,The Aleasa Ring - Split Shank East-West Pear Solitaire,1116.00,the-aleasa-ring-split-shank-east-west-pear-solitaire
,,,,https://tmcfinejewellers.com/products/the-aleasa-ring-split-shank-east-west-radiant-solitaire,Yellow Gold,The Aleasa Ring - Split Shank East-West Radiant Solitaire,1127.00,the-aleasa-ring-split-shank-east-west-radiant-solitaire
,,,,https://tmcfinejewellers.com/products/the-aleasa-ring-split-shank-east-west-radiant-solitaire,White Gold,The Aleasa Ring - Split Shank East-West Radiant Solitaire,1127.00,the-aleasa-ring-split-shank-east-west-radiant-solitaire
,,,,https://tmcfinejewellers.com/products/the-aleasa-ring-split-shank-east-west-radiant-solitaire,Rose Gold,The Aleasa Ring - Split Shank East-West Radiant Solitaire,1127.00,the-aleasa-ring-split-shank-east-west-radiant-solitaire
,,,,https://tmcfinejewellers.com/products/the-aleasa-ring-split-shank-east-west-oval-solitaire,Yellow Gold,The Aleasa Ring - Split Shank East-West Oval Solitaire,1106.00,the-aleasa-ring-split-shank-east-west-oval-solitaire
,,,,https://tmcfinejewellers.com/products/the-aleasa-ring-split-shank-east-west-oval-solitaire,White Gold,The Aleasa Ring - Split Shank East-West Oval Solitaire,1106.00,the-aleasa-ring-split-shank-east-west-oval-solitaire
,,,,https://tmcfinejewellers.com/products/the-aleasa-ring-split-shank-east-west-oval-solitaire,Rose Gold,The Aleasa Ring - Split Shank East-West Oval Solitaire,1106.00,the-aleasa-ring-split-shank-east-west-oval-solitaire
,,,,https://tmcfinejewellers.com/products/the-aleasa-ring-split-shank-east-west-marquise-solitaire,Yellow Gold,The Aleasa Ring - Split Shank East-West Marquise Solitaire,1127.00,the-aleasa-ring-split-shank-east-west-marquise-solitaire
,,,,https://tmcfinejewellers.com/products/the-aleasa-ring-split-shank-east-west-marquise-solitaire,White Gold,The Aleasa Ring - Split Shank East-West Marquise Solitaire,1127.00,the-aleasa-ring-split-shank-east-west-marquise-solitaire
,,,,https://tmcfinejewellers.com/products/the-aleasa-ring-split-shank-east-west-marquise-solitaire,Rose Gold,The Aleasa Ring - Split Shank East-West Marquise Solitaire,1127.00,the-aleasa-ring-split-shank-east-west-marquise-solitaire
,,,,https://tmcfinejewellers.com/products/the-aleasa-ring-split-shank-east-west-emerald-solitaire,Yellow Gold,The Aleasa Ring - Split Shank East-West Emerald Solitaire,1116.00,the-aleasa-ring-split-shank-east-west-emerald-solitaire
,,,,https://tmcfinejewellers.com/products/the-aleasa-ring-split-shank-east-west-emerald-solitaire,White Gold,The Aleasa Ring - Split Shank East-West Emerald Solitaire,1116.00,the-aleasa-ring-split-shank-east-west-emerald-solitaire
,,,,https://tmcfinejewellers.com/products/the-aleasa-ring-split-shank-east-west-emerald-solitaire,Rose Gold,The Aleasa Ring - Split Shank East-West Emerald Solitaire,1116.00,the-aleasa-ring-split-shank-east-west-emerald-solitaire
,,,,https://tmcfinejewellers.com/products/the-aleasa-ring-split-shank-east-west-elongated-cushion-solitaire,Yellow Gold,The Aleasa Ring - Split Shank East-West Elongated Cushion Solitaire,1116.00,the-aleasa-ring-split-shank-east-west-elongated-cushion-solitaire
,,,,https://tmcfinejewellers.com/products/the-aleasa-ring-split-shank-east-west-elongated-cushion-solitaire,White Gold,The Aleasa Ring - Split Shank East-West Elongated Cushion Solitaire,1116.00,the-aleasa-ring-split-shank-east-west-elongated-cushion-solitaire
,,,,https://tmcfinejewellers.com/products/the-aleasa-ring-split-shank-east-west-elongated-cushion-solitaire,Rose Gold,The Aleasa Ring - Split Shank East-West Elongated Cushion Solitaire,1116.00,the-aleasa-ring-split-shank-east-west-elongated-cushion-solitaire
,,,,https://tmcfinejewellers.com/products/the-elise-ring-split-shank-round-trilogy,Yellow Gold,The Oriana Ring - Split Shank Round Trilogy,1709.00,the-elise-ring-split-shank-round-trilogy
,,,,https://tmcfinejewellers.com/products/the-elise-ring-split-shank-round-trilogy,White Gold,The Oriana Ring - Split Shank Round Trilogy,1709.00,the-elise-ring-split-shank-round-trilogy
,,,,https://tmcfinejewellers.com/products/the-elise-ring-split-shank-round-trilogy,Rose Gold,The Oriana Ring - Split Shank Round Trilogy,1709.00,the-elise-ring-split-shank-round-trilogy
,,,,https://tmcfinejewellers.com/products/the-oriana-ring-split-shank-elongated-cushion-and-cushion-trilogy,Yellow Gold,The Oriana Ring - Split Shank Elongated Cushion and Cushion Trilogy,1687.00,the-oriana-ring-split-shank-elongated-cushion-and-cushion-trilogy
,,,,https://tmcfinejewellers.com/products/the-oriana-ring-split-shank-elongated-cushion-and-cushion-trilogy,White Gold,The Oriana Ring - Split Shank Elongated Cushion and Cushion Trilogy,1687.00,the-oriana-ring-split-shank-elongated-cushion-and-cushion-trilogy
,,,,https://tmcfinejewellers.com/products/the-oriana-ring-split-shank-elongated-cushion-and-cushion-trilogy,Rose Gold,The Oriana Ring - Split Shank Elongated Cushion and Cushion Trilogy,1687.00,the-oriana-ring-split-shank-elongated-cushion-and-cushion-trilogy
,,,,https://tmcfinejewellers.com/products/the-oriana-ring-split-shank-oval-trilogy,Yellow Gold,The Oriana Ring - Split Shank Oval Trilogy,1709.00,the-oriana-ring-split-shank-oval-trilogy
,,,,https://tmcfinejewellers.com/products/the-oriana-ring-split-shank-oval-trilogy,White Gold,The Oriana Ring - Split Shank Oval Trilogy,1709.00,the-oriana-ring-split-shank-oval-trilogy
,,,,https://tmcfinejewellers.com/products/the-oriana-ring-split-shank-oval-trilogy,Rose Gold,The Oriana Ring - Split Shank Oval Trilogy,1709.00,the-oriana-ring-split-shank-oval-trilogy
,,,,https://tmcfinejewellers.com/products/the-elise-ring-split-shank-cushion-solitaire,Yellow Gold,The Elise Ring - Split Shank Cushion Solitaire,1111.00,the-elise-ring-split-shank-cushion-solitaire
,,,,https://tmcfinejewellers.com/products/the-elise-ring-split-shank-cushion-solitaire,White Gold,The Elise Ring - Split Shank Cushion Solitaire,1111.00,the-elise-ring-split-shank-cushion-solitaire
,,,,https://tmcfinejewellers.com/products/the-elise-ring-split-shank-cushion-solitaire,Rose Gold,The Elise Ring - Split Shank Cushion Solitaire,1111.00,the-elise-ring-split-shank-cushion-solitaire
,,,,https://tmcfinejewellers.com/products/the-elise-ring-split-shank-asscher-solitaire,Yellow Gold,The Elise Ring - Split Shank Asscher Solitaire,1116.00,the-elise-ring-split-shank-asscher-solitaire
,,,,https://tmcfinejewellers.com/products/the-elise-ring-split-shank-asscher-solitaire,White Gold,The Elise Ring - Split Shank Asscher Solitaire,1116.00,the-elise-ring-split-shank-asscher-solitaire
,,,,https://tmcfinejewellers.com/products/the-elise-ring-split-shank-asscher-solitaire,Rose Gold,The Elise Ring - Split Shank Asscher Solitaire,1116.00,the-elise-ring-split-shank-asscher-solitaire
,,,,https://tmcfinejewellers.com/products/the-elise-ring-split-shank-round-solitaire,Yellow Gold,The Elise Ring - Split Shank Round Solitaire,1106.00,the-elise-ring-split-shank-round-solitaire
,,,,https://tmcfinejewellers.com/products/the-elise-ring-split-shank-round-solitaire,White Gold,The Elise Ring - Split Shank Round Solitaire,1106.00,the-elise-ring-split-shank-round-solitaire
,,,,https://tmcfinejewellers.com/products/the-elise-ring-split-shank-round-solitaire,Rose Gold,The Elise Ring - Split Shank Round Solitaire,1106.00,the-elise-ring-split-shank-round-solitaire
,,,,https://tmcfinejewellers.com/products/the-elise-ring-split-shank-pear-solitaire,Yellow Gold,The Elise Ring - Split Shank Pear Solitaire,1106.00,the-elise-ring-split-shank-pear-solitaire
,,,,https://tmcfinejewellers.com/products/the-elise-ring-split-shank-pear-solitaire,White Gold,The Elise Ring - Split Shank Pear Solitaire,1106.00,the-elise-ring-split-shank-pear-solitaire
,,,,https://tmcfinejewellers.com/products/the-elise-ring-split-shank-pear-solitaire,Rose Gold,The Elise Ring - Split Shank Pear Solitaire,1106.00,the-elise-ring-split-shank-pear-solitaire
,,,,https://tmcfinejewellers.com/products/the-elise-ring-split-shank-elongated-cushion-solitaire,Yellow Gold,The Elise Ring - Split Shank Elongated Cushion Solitaire,1127.00,the-elise-ring-split-shank-elongated-cushion-solitaire
,,,,https://tmcfinejewellers.com/products/the-elise-ring-split-shank-elongated-cushion-solitaire,White Gold,The Elise Ring - Split Shank Elongated Cushion Solitaire,1127.00,the-elise-ring-split-shank-elongated-cushion-solitaire
,,,,https://tmcfinejewellers.com/products/the-elise-ring-split-shank-elongated-cushion-solitaire,Rose Gold,The Elise Ring - Split Shank Elongated Cushion Solitaire,1127.00,the-elise-ring-split-shank-elongated-cushion-solitaire
,,,,https://tmcfinejewellers.com/products/the-elise-ring-split-shank-oval-solitaire,Yellow Gold,The Elise Ring - Split Shank Oval Solitaire,1106.00,the-elise-ring-split-shank-oval-solitaire
,,,,https://tmcfinejewellers.com/products/the-elise-ring-split-shank-oval-solitaire,White Gold,The Elise Ring - Split Shank Oval Solitaire,1106.00,the-elise-ring-split-shank-oval-solitaire
,,,,https://tmcfinejewellers.com/products/the-elise-ring-split-shank-oval-solitaire,Rose Gold,The Elise Ring - Split Shank Oval Solitaire,1106.00,the-elise-ring-split-shank-oval-solitaire
,,,,https://tmcfinejewellers.com/products/the-emerie-ring-oval-pear-toi-et-moi,Yellow Gold,The Emerie Ring - Double Band Oval and Pear Toi Et Moi,1571.00,the-emerie-ring-oval-pear-toi-et-moi
,,,,https://tmcfinejewellers.com/products/the-emerie-ring-oval-pear-toi-et-moi,White Gold,The Emerie Ring - Double Band Oval and Pear Toi Et Moi,1571.00,the-emerie-ring-oval-pear-toi-et-moi
,,,,https://tmcfinejewellers.com/products/the-emerie-ring-oval-pear-toi-et-moi,Rose Gold,The Emerie Ring - Double Band Oval and Pear Toi Et Moi,1571.00,the-emerie-ring-oval-pear-toi-et-moi
,,,,https://tmcfinejewellers.com/products/the-elmira-ring-east-west-asscher-cathedral-solitaire,Yellow Gold,The Elmira Ring - East-West Asscher Cathedral Solitaire,905.00,the-elmira-ring-east-west-asscher-cathedral-solitaire
,,,,https://tmcfinejewellers.com/products/the-elmira-ring-east-west-asscher-cathedral-solitaire,White Gold,The Elmira Ring - East-West Asscher Cathedral Solitaire,905.00,the-elmira-ring-east-west-asscher-cathedral-solitaire
,,,,https://tmcfinejewellers.com/products/the-elmira-ring-east-west-asscher-cathedral-solitaire,Rose Gold,The Elmira Ring - East-West Asscher Cathedral Solitaire,905.00,the-elmira-ring-east-west-asscher-cathedral-solitaire
,,,,https://tmcfinejewellers.com/products/the-elijah-ring-floating-oval-solitaire-with-pave-band,Yellow Gold,The Elijah Ring - Floating Oval Solitaire with Pavé Band,1550.00,the-elijah-ring-floating-oval-solitaire-with-pave-band
,,,,https://tmcfinejewellers.com/products/the-elijah-ring-floating-oval-solitaire-with-pave-band,White Gold,The Elijah Ring - Floating Oval Solitaire with Pavé Band,1550.00,the-elijah-ring-floating-oval-solitaire-with-pave-band
,,,,https://tmcfinejewellers.com/products/the-elijah-ring-floating-oval-solitaire-with-pave-band,Rose Gold,The Elijah Ring - Floating Oval Solitaire with Pavé Band,1550.00,the-elijah-ring-floating-oval-solitaire-with-pave-band
,,,,https://tmcfinejewellers.com/products/the-sarina-ring-floating-oval-solitaire-with-twisted-band,Yellow Gold,The Sarina Ring - Floating Oval Solitaire with Twisted Band,1106.00,the-sarina-ring-floating-oval-solitaire-with-twisted-band
,,,,https://tmcfinejewellers.com/products/the-sarina-ring-floating-oval-solitaire-with-twisted-band,White Gold,The Sarina Ring - Floating Oval Solitaire with Twisted Band,1106.00,the-sarina-ring-floating-oval-solitaire-with-twisted-band
,,,,https://tmcfinejewellers.com/products/the-sarina-ring-floating-oval-solitaire-with-twisted-band,Rose Gold,The Sarina Ring - Floating Oval Solitaire with Twisted Band,1106.00,the-sarina-ring-floating-oval-solitaire-with-twisted-band
,,,,https://tmcfinejewellers.com/products/the-amira-ring-emerald-with-marquise-accents,Yellow Gold,The Amira Ring™ - Emerald with Marquise Accents,1280.00,the-amira-ring-emerald-with-marquise-accents
,,,,https://tmcfinejewellers.com/products/the-amira-ring-emerald-with-marquise-accents,White Gold,The Amira Ring™ - Emerald with Marquise Accents,1280.00,the-amira-ring-emerald-with-marquise-accents
,,,,https://tmcfinejewellers.com/products/the-amira-ring-emerald-with-marquise-accents,Rose Gold,The Amira Ring™ - Emerald with Marquise Accents,1280.00,the-amira-ring-emerald-with-marquise-accents
,,,,https://tmcfinejewellers.com/products/the-noa-ring-radiant-and-trilliant-trilogy,Yellow Gold,The Noa Ring - Radiant and Trilliant Trilogy,1386.00,the-noa-ring-radiant-and-trilliant-trilogy
,,,,https://tmcfinejewellers.com/products/the-noa-ring-radiant-and-trilliant-trilogy,White Gold,The Noa Ring - Radiant and Trilliant Trilogy,1386.00,the-noa-ring-radiant-and-trilliant-trilogy
,,,,https://tmcfinejewellers.com/products/the-noa-ring-radiant-and-trilliant-trilogy,Rose Gold,The Noa Ring - Radiant and Trilliant Trilogy,1386.00,the-noa-ring-radiant-and-trilliant-trilogy
,,,,https://tmcfinejewellers.com/products/the-anya-ring-oval-and-half-moon-trilogy,Yellow Gold,The Anya Ring - Oval and Half Moon Trilogy,1280.00,the-anya-ring-oval-and-half-moon-trilogy
,,,,https://tmcfinejewellers.com/products/the-anya-ring-oval-and-half-moon-trilogy,White Gold,The Anya Ring - Oval and Half Moon Trilogy,1280.00,the-anya-ring-oval-and-half-moon-trilogy
,,,,https://tmcfinejewellers.com/products/the-anya-ring-oval-and-half-moon-trilogy,Rose Gold,The Anya Ring - Oval and Half Moon Trilogy,1280.00,the-anya-ring-oval-and-half-moon-trilogy
,,,,https://tmcfinejewellers.com/products/the-ludae-ring-marquise-cigar-solitaire,Yellow Gold,The Ludae Ring - Marquise Cigar Solitaire,1201.00,the-ludae-ring-marquise-cigar-solitaire
,,,,https://tmcfinejewellers.com/products/the-ludae-ring-marquise-cigar-solitaire,White Gold,The Ludae Ring - Marquise Cigar Solitaire,1201.00,the-ludae-ring-marquise-cigar-solitaire
,,,,https://tmcfinejewellers.com/products/the-ludae-ring-marquise-cigar-solitaire,Rose Gold,The Ludae Ring - Marquise Cigar Solitaire,1201.00,the-ludae-ring-marquise-cigar-solitaire
,,,,https://tmcfinejewellers.com/products/the-ludae-ring-oval-cigar-solitaire,Yellow Gold,The Ludae Ring - Oval Cigar Solitaire,1201.00,the-ludae-ring-oval-cigar-solitaire
,,,,https://tmcfinejewellers.com/products/the-ludae-ring-oval-cigar-solitaire,White Gold,The Ludae Ring - Oval Cigar Solitaire,1201.00,the-ludae-ring-oval-cigar-solitaire
,,,,https://tmcfinejewellers.com/products/the-ludae-ring-oval-cigar-solitaire,Rose Gold,The Ludae Ring - Oval Cigar Solitaire,1201.00,the-ludae-ring-oval-cigar-solitaire
,,,,https://tmcfinejewellers.com/products/the-eloise-ring-radiant-antique-halo,Yellow Gold,The Eloise Ring - Radiant Antique Halo,1280.00,the-eloise-ring-radiant-antique-halo
,,,,https://tmcfinejewellers.com/products/the-eloise-ring-radiant-antique-halo,White Gold,The Eloise Ring - Radiant Antique Halo,1280.00,the-eloise-ring-radiant-antique-halo
,,,,https://tmcfinejewellers.com/products/the-eloise-ring-radiant-antique-halo,Rose Gold,The Eloise Ring - Radiant Antique Halo,1280.00,the-eloise-ring-radiant-antique-halo
,,,,https://tmcfinejewellers.com/products/the-emerie-ring-oval-solitaire,Yellow Gold,The Emerie Ring - Oval Double Band Solitaire,1465.00,the-emerie-ring-oval-solitaire
,,,,https://tmcfinejewellers.com/products/the-emerie-ring-oval-solitaire,White Gold,The Emerie Ring - Oval Double Band Solitaire,1465.00,the-emerie-ring-oval-solitaire
,,,,https://tmcfinejewellers.com/products/the-emerie-ring-oval-solitaire,Rose Gold,The Emerie Ring - Oval Double Band Solitaire,1465.00,the-emerie-ring-oval-solitaire
,,,,https://tmcfinejewellers.com/products/the-althea-ring-oval-trilogy-cluster,Yellow Gold,The Althea Ring - Oval Cluster,1317.00,the-althea-ring-oval-trilogy-cluster
,,,,https://tmcfinejewellers.com/products/the-althea-ring-oval-trilogy-cluster,White Gold,The Althea Ring - Oval Cluster,1317.00,the-althea-ring-oval-trilogy-cluster
,,,,https://tmcfinejewellers.com/products/the-althea-ring-oval-trilogy-cluster,Rose Gold,The Althea Ring - Oval Cluster,1317.00,the-althea-ring-oval-trilogy-cluster
,,,,https://tmcfinejewellers.com/products/the-astraea-ring-round-brilliant-trilogy-cluster,Yellow Gold,The Astraea Ring - Round Brilliant Cluster,1291.00,the-astraea-ring-round-brilliant-trilogy-cluster
,,,,https://tmcfinejewellers.com/products/the-astraea-ring-round-brilliant-trilogy-cluster,White Gold,The Astraea Ring - Round Brilliant Cluster,1291.00,the-astraea-ring-round-brilliant-trilogy-cluster
,,,,https://tmcfinejewellers.com/products/the-astraea-ring-round-brilliant-trilogy-cluster,Rose Gold,The Astraea Ring - Round Brilliant Cluster,1291.00,the-astraea-ring-round-brilliant-trilogy-cluster
,,,,https://tmcfinejewellers.com/products/the-luise-ring-oval-halo,Yellow Gold,The Luise Ring® - Oval Halo,1106.00,the-luise-ring-oval-halo
,,,,https://tmcfinejewellers.com/products/the-luise-ring-oval-halo,White Gold,The Luise Ring® - Oval Halo,1106.00,the-luise-ring-oval-halo
,,,,https://tmcfinejewellers.com/products/the-luise-ring-oval-halo,Rose Gold,The Luise Ring® - Oval Halo,1106.00,the-luise-ring-oval-halo
,,,,https://tmcfinejewellers.com/products/the-sophia-ring-pear-halo,Yellow Gold,The Sophia Ring - Pear Halo,1249.00,the-sophia-ring-pear-halo
,,,,https://tmcfinejewellers.com/products/the-sophia-ring-pear-halo,White Gold,The Sophia Ring - Pear Halo,1249.00,the-sophia-ring-pear-halo
,,,,https://tmcfinejewellers.com/products/the-sophia-ring-pear-halo,Rose Gold,The Sophia Ring - Pear Halo,1249.00,the-sophia-ring-pear-halo
,,,,https://tmcfinejewellers.com/products/the-isla-ring-round-brilliant-halo,Yellow Gold,The Isla Ring - Round Halo,1211.00,the-isla-ring-round-brilliant-halo
,,,,https://tmcfinejewellers.com/products/the-isla-ring-round-brilliant-halo,White Gold,The Isla Ring - Round Halo,1211.00,the-isla-ring-round-brilliant-halo
,,,,https://tmcfinejewellers.com/products/the-isla-ring-round-brilliant-halo,Rose Gold,The Isla Ring - Round Halo,1211.00,the-isla-ring-round-brilliant-halo
,,,,https://tmcfinejewellers.com/products/the-audrey-ring-emerald-halo,Yellow Gold,The Audrey Ring - Emerald Halo,1249.00,the-audrey-ring-emerald-halo
,,,,https://tmcfinejewellers.com/products/the-audrey-ring-emerald-halo,White Gold,The Audrey Ring - Emerald Halo,1249.00,the-audrey-ring-emerald-halo
,,,,https://tmcfinejewellers.com/products/the-audrey-ring-emerald-halo,Rose Gold,The Audrey Ring - Emerald Halo,1249.00,the-audrey-ring-emerald-halo
,,,,https://tmcfinejewellers.com/products/the-audrey-ring-1-52ct-lab-grown-emerald-cathedral-solitaire-with-hidden-halo-1,Yellow Gold,The Audrey Ring - 1.52ct Lab Diamond Emerald Cathedral Solitaire With Hidden Halo,2581.00,the-audrey-ring-1-52ct-lab-grown-emerald-cathedral-solitaire-with-hidden-halo-1
,,,,https://tmcfinejewellers.com/products/the-audrey-ring-1-52ct-lab-grown-emerald-cathedral-solitaire-with-hidden-halo-1,White Gold,The Audrey Ring - 1.52ct Lab Diamond Emerald Cathedral Solitaire With Hidden Halo,2581.00,the-audrey-ring-1-52ct-lab-grown-emerald-cathedral-solitaire-with-hidden-halo-1
,,,,https://tmcfinejewellers.com/products/the-audrey-ring-1-52ct-lab-grown-emerald-cathedral-solitaire-with-hidden-halo-1,Rose Gold,The Audrey Ring - 1.52ct Lab Diamond Emerald Cathedral Solitaire With Hidden Halo,2581.00,the-audrey-ring-1-52ct-lab-grown-emerald-cathedral-solitaire-with-hidden-halo-1
,,,,https://tmcfinejewellers.com/products/the-isla-ring-1-5ct-round-moissanite-cathedral-solitaire-2,Yellow Gold,The Isla Ring - 1.5ct Moissanite Round Cathedral Solitaire,1518.00,the-isla-ring-1-5ct-round-moissanite-cathedral-solitaire-2
,,,,https://tmcfinejewellers.com/products/the-isla-ring-1-5ct-round-moissanite-cathedral-solitaire-2,White Gold,The Isla Ring - 1.5ct Moissanite Round Cathedral Solitaire,1518.00,the-isla-ring-1-5ct-round-moissanite-cathedral-solitaire-2
,,,,https://tmcfinejewellers.com/products/the-isla-ring-1-5ct-round-moissanite-cathedral-solitaire-2,Rose Gold,The Isla Ring - 1.5ct Moissanite Round Cathedral Solitaire,1518.00,the-isla-ring-1-5ct-round-moissanite-cathedral-solitaire-2
,,,,https://tmcfinejewellers.com/products/the-audrey-ring-1-9ct-moissanite-emerald-cathedral-solitaire-copy,Yellow Gold,The Audrey Ring - 1.9ct Moissanite Emerald Cathedral Solitaire,1867.00,the-audrey-ring-1-9ct-moissanite-emerald-cathedral-solitaire-copy
,,,,https://tmcfinejewellers.com/products/the-audrey-ring-1-9ct-moissanite-emerald-cathedral-solitaire-copy,White Gold,The Audrey Ring - 1.9ct Moissanite Emerald Cathedral Solitaire,1867.00,the-audrey-ring-1-9ct-moissanite-emerald-cathedral-solitaire-copy
,,,,https://tmcfinejewellers.com/products/the-audrey-ring-1-9ct-moissanite-emerald-cathedral-solitaire-copy,Rose Gold,The Audrey Ring - 1.9ct Moissanite Emerald Cathedral Solitaire,1867.00,the-audrey-ring-1-9ct-moissanite-emerald-cathedral-solitaire-copy
,,,,https://tmcfinejewellers.com/products/the-florence-ring-emerald-pear-trilogy,Yellow Gold,The Florence Ring - Emerald and Pear Cathedral Trilogy,1227.00,the-florence-ring-emerald-pear-trilogy
,,,,https://tmcfinejewellers.com/products/the-florence-ring-emerald-pear-trilogy,White Gold,The Florence Ring - Emerald and Pear Cathedral Trilogy,1227.00,the-florence-ring-emerald-pear-trilogy
,,,,https://tmcfinejewellers.com/products/the-florence-ring-emerald-pear-trilogy,Rose Gold,The Florence Ring - Emerald and Pear Cathedral Trilogy,1227.00,the-florence-ring-emerald-pear-trilogy
,,,,https://tmcfinejewellers.com/products/the-arie-ring-2-4ct-moissanite-marquise-solitaire-1,Yellow Gold,The Arie Ring - 2.4ct Moissanite Marquise Solitaire,1677.00,the-arie-ring-2-4ct-moissanite-marquise-solitaire-1
,,,,https://tmcfinejewellers.com/products/the-arie-ring-2-4ct-moissanite-marquise-solitaire-1,White Gold,The Arie Ring - 2.4ct Moissanite Marquise Solitaire,1677.00,the-arie-ring-2-4ct-moissanite-marquise-solitaire-1
,,,,https://tmcfinejewellers.com/products/the-arie-ring-2-4ct-moissanite-marquise-solitaire-1,Rose Gold,The Arie Ring - 2.4ct Moissanite Marquise Solitaire,1677.00,the-arie-ring-2-4ct-moissanite-marquise-solitaire-1
,,,,https://tmcfinejewellers.com/products/the-audrey-ring-2-00ct-lab-grown-emerald-solitaire,Yellow Gold,The Audrey Ring - 2.00ct Lab Diamond Emerald Solitaire,4125.00,the-audrey-ring-2-00ct-lab-grown-emerald-solitaire
,,,,https://tmcfinejewellers.com/products/the-audrey-ring-2-00ct-lab-grown-emerald-solitaire,White Gold,The Audrey Ring - 2.00ct Lab Diamond Emerald Solitaire,4125.00,the-audrey-ring-2-00ct-lab-grown-emerald-solitaire
,,,,https://tmcfinejewellers.com/products/the-audrey-ring-2-00ct-lab-grown-emerald-solitaire,Rose Gold,The Audrey Ring - 2.00ct Lab Diamond Emerald Solitaire,4125.00,the-audrey-ring-2-00ct-lab-grown-emerald-solitaire
,,,,https://tmcfinejewellers.com/products/the-luise-ring-1-51ct-lab-grown-diamond-square-cushion-halo-solitaire,Yellow Gold,The Paloma Ring - 1.51ct Lab Diamond Square Cushion Halo Solitaire,2978.00,the-luise-ring-1-51ct-lab-grown-diamond-square-cushion-halo-solitaire
,,,,https://tmcfinejewellers.com/products/the-luise-ring-1-51ct-lab-grown-diamond-square-cushion-halo-solitaire,White Gold,The Paloma Ring - 1.51ct Lab Diamond Square Cushion Halo Solitaire,2978.00,the-luise-ring-1-51ct-lab-grown-diamond-square-cushion-halo-solitaire
,,,,https://tmcfinejewellers.com/products/the-luise-ring-1-51ct-lab-grown-diamond-square-cushion-halo-solitaire,Rose Gold,The Paloma Ring - 1.51ct Lab Diamond Square Cushion Halo Solitaire,2978.00,the-luise-ring-1-51ct-lab-grown-diamond-square-cushion-halo-solitaire
,,,,https://tmcfinejewellers.com/products/the-ophelia-ring-elongated-cushion-bezel-solitaire-1,Yellow Gold,The Ophelia Ring - Elongated Cushion Bezel Solitaire,868.00,the-ophelia-ring-elongated-cushion-bezel-solitaire-1
,,,,https://tmcfinejewellers.com/products/the-ophelia-ring-elongated-cushion-bezel-solitaire-1,White Gold,The Ophelia Ring - Elongated Cushion Bezel Solitaire,868.00,the-ophelia-ring-elongated-cushion-bezel-solitaire-1
,,,,https://tmcfinejewellers.com/products/the-ophelia-ring-elongated-cushion-bezel-solitaire-1,Rose Gold,The Ophelia Ring - Elongated Cushion Bezel Solitaire,868.00,the-ophelia-ring-elongated-cushion-bezel-solitaire-1
,,,,https://tmcfinejewellers.com/products/the-arie-ring-marquise-bezel-solitaire-1,Yellow Gold,The Arie Ring - Marquise Bezel Solitaire,857.00,the-arie-ring-marquise-bezel-solitaire-1
,,,,https://tmcfinejewellers.com/products/the-arie-ring-marquise-bezel-solitaire-1,White Gold,The Arie Ring - Marquise Bezel Solitaire,857.00,the-arie-ring-marquise-bezel-solitaire-1
,,,,https://tmcfinejewellers.com/products/the-arie-ring-marquise-bezel-solitaire-1,Rose Gold,The Arie Ring - Marquise Bezel Solitaire,857.00,the-arie-ring-marquise-bezel-solitaire-1
,,,,https://tmcfinejewellers.com/products/the-sophia-ring-east-west-pear-cathedral-solitaire,Yellow Gold,The Sophia Ring - East-West Pear Cathedral Solitaire,921.00,the-sophia-ring-east-west-pear-cathedral-solitaire
,,,,https://tmcfinejewellers.com/products/the-sophia-ring-east-west-pear-cathedral-solitaire,White Gold,The Sophia Ring - East-West Pear Cathedral Solitaire,921.00,the-sophia-ring-east-west-pear-cathedral-solitaire
,,,,https://tmcfinejewellers.com/products/the-sophia-ring-east-west-pear-cathedral-solitaire,Rose Gold,The Sophia Ring - East-West Pear Cathedral Solitaire,921.00,the-sophia-ring-east-west-pear-cathedral-solitaire
,,,,https://tmcfinejewellers.com/products/the-arie-ring-east-west-marquise-cathedral-solitaire,Yellow Gold,The Arie Ring - East-West Marquise Cathedral Solitaire,937.00,the-arie-ring-east-west-marquise-cathedral-solitaire
,,,,https://tmcfinejewellers.com/products/the-arie-ring-east-west-marquise-cathedral-solitaire,White Gold,The Arie Ring - East-West Marquise Cathedral Solitaire,937.00,the-arie-ring-east-west-marquise-cathedral-solitaire
,,,,https://tmcfinejewellers.com/products/the-arie-ring-east-west-marquise-cathedral-solitaire,Rose Gold,The Arie Ring - East-West Marquise Cathedral Solitaire,937.00,the-arie-ring-east-west-marquise-cathedral-solitaire
,,,,https://tmcfinejewellers.com/products/the-audrey-ring-east-west-emerald-cathedral-solitaire,Yellow Gold,The Audrey Ring -  East-West Emerald Cathedral Solitaire,931.00,the-audrey-ring-east-west-emerald-cathedral-solitaire
,,,,https://tmcfinejewellers.com/products/the-audrey-ring-east-west-emerald-cathedral-solitaire,White Gold,The Audrey Ring -  East-West Emerald Cathedral Solitaire,931.00,the-audrey-ring-east-west-emerald-cathedral-solitaire
,,,,https://tmcfinejewellers.com/products/the-audrey-ring-east-west-emerald-cathedral-solitaire,Rose Gold,The Audrey Ring -  East-West Emerald Cathedral Solitaire,931.00,the-audrey-ring-east-west-emerald-cathedral-solitaire
,,,,https://tmcfinejewellers.com/products/the-vienna-ring-east-west-radiant-cathedral-solitaire,Yellow Gold,The Vienna Ring -  East-West Radiant Cathedral Solitaire,937.00,the-vienna-ring-east-west-radiant-cathedral-solitaire
,,,,https://tmcfinejewellers.com/products/the-vienna-ring-east-west-radiant-cathedral-solitaire,White Gold,The Vienna Ring -  East-West Radiant Cathedral Solitaire,937.00,the-vienna-ring-east-west-radiant-cathedral-solitaire
,,,,https://tmcfinejewellers.com/products/the-vienna-ring-east-west-radiant-cathedral-solitaire,Rose Gold,The Vienna Ring -  East-West Radiant Cathedral Solitaire,937.00,the-vienna-ring-east-west-radiant-cathedral-solitaire
,,,,https://tmcfinejewellers.com/products/the-luise-ring-east-west-oval-cathedral-solitaire,Yellow Gold,The Luise Ring® - East-West Oval Cathedral Solitaire,910.00,the-luise-ring-east-west-oval-cathedral-solitaire
,,,,https://tmcfinejewellers.com/products/the-luise-ring-east-west-oval-cathedral-solitaire,White Gold,The Luise Ring® - East-West Oval Cathedral Solitaire,910.00,the-luise-ring-east-west-oval-cathedral-solitaire
,,,,https://tmcfinejewellers.com/products/the-luise-ring-east-west-oval-cathedral-solitaire,Rose Gold,The Luise Ring® - East-West Oval Cathedral Solitaire,910.00,the-luise-ring-east-west-oval-cathedral-solitaire
,,,,https://tmcfinejewellers.com/products/the-ophelia-ring-east-west-elongated-cushion-cathedral-solitaire,Yellow Gold,The Ophelia Ring - East-West Elongated Cushion Cathedral Solitaire,947.00,the-ophelia-ring-east-west-elongated-cushion-cathedral-solitaire
,,,,https://tmcfinejewellers.com/products/the-ophelia-ring-east-west-elongated-cushion-cathedral-solitaire,White Gold,The Ophelia Ring - East-West Elongated Cushion Cathedral Solitaire,947.00,the-ophelia-ring-east-west-elongated-cushion-cathedral-solitaire
,,,,https://tmcfinejewellers.com/products/the-ophelia-ring-east-west-elongated-cushion-cathedral-solitaire,Rose Gold,The Ophelia Ring - East-West Elongated Cushion Cathedral Solitaire,947.00,the-ophelia-ring-east-west-elongated-cushion-cathedral-solitaire
,,,,https://tmcfinejewellers.com/products/the-sorelle-ring-suspended-oval-solitaire-wrap-ring,Yellow Gold,The Sorelle Ring - Suspended Oval Solitaire Wrap Ring,989.00,the-sorelle-ring-suspended-oval-solitaire-wrap-ring
,,,,https://tmcfinejewellers.com/products/the-sorelle-ring-suspended-oval-solitaire-wrap-ring,White Gold,The Sorelle Ring - Suspended Oval Solitaire Wrap Ring,989.00,the-sorelle-ring-suspended-oval-solitaire-wrap-ring
,,,,https://tmcfinejewellers.com/products/the-sorelle-ring-suspended-oval-solitaire-wrap-ring,Rose Gold,The Sorelle Ring - Suspended Oval Solitaire Wrap Ring,989.00,the-sorelle-ring-suspended-oval-solitaire-wrap-ring
,,,,https://tmcfinejewellers.com/products/the-azariah-ring-elongated-cushion-solitaire-with-double-curved-band-1,Yellow Gold,The Azariah Ring - Elongated Cushion Solitaire with Double Curved Band,1444.00,the-azariah-ring-elongated-cushion-solitaire-with-double-curved-band-1
,,,,https://tmcfinejewellers.com/products/the-azariah-ring-elongated-cushion-solitaire-with-double-curved-band-1,White Gold,The Azariah Ring - Elongated Cushion Solitaire with Double Curved Band,1444.00,the-azariah-ring-elongated-cushion-solitaire-with-double-curved-band-1
,,,,https://tmcfinejewellers.com/products/the-azariah-ring-elongated-cushion-solitaire-with-double-curved-band-1,Rose Gold,The Azariah Ring - Elongated Cushion Solitaire with Double Curved Band,1444.00,the-azariah-ring-elongated-cushion-solitaire-with-double-curved-band-1
,,,,https://tmcfinejewellers.com/products/the-azariah-ring-elongated-cushion-solitaire-with-double-curved-band,Yellow Gold,The Azariah Ring - Oval Solitaire with Double Curved Band,1444.00,the-azariah-ring-elongated-cushion-solitaire-with-double-curved-band
,,,,https://tmcfinejewellers.com/products/the-azariah-ring-elongated-cushion-solitaire-with-double-curved-band,White Gold,The Azariah Ring - Oval Solitaire with Double Curved Band,1444.00,the-azariah-ring-elongated-cushion-solitaire-with-double-curved-band
,,,,https://tmcfinejewellers.com/products/the-azariah-ring-elongated-cushion-solitaire-with-double-curved-band,Rose Gold,The Azariah Ring - Oval Solitaire with Double Curved Band,1444.00,the-azariah-ring-elongated-cushion-solitaire-with-double-curved-band
,,,,https://tmcfinejewellers.com/products/the-therese-ring-floating-oval-solitaire-with-twisted-band,Yellow Gold,The Thérèse Ring - Floating Oval Solitaire with Twisted Band,1148.00,the-therese-ring-floating-oval-solitaire-with-twisted-band
,,,,https://tmcfinejewellers.com/products/the-therese-ring-floating-oval-solitaire-with-twisted-band,White Gold,The Thérèse Ring - Floating Oval Solitaire with Twisted Band,1148.00,the-therese-ring-floating-oval-solitaire-with-twisted-band
,,,,https://tmcfinejewellers.com/products/the-therese-ring-floating-oval-solitaire-with-twisted-band,Rose Gold,The Thérèse Ring - Floating Oval Solitaire with Twisted Band,1148.00,the-therese-ring-floating-oval-solitaire-with-twisted-band
,,,,https://tmcfinejewellers.com/products/the-adella-ring-round-brilliant-solitaire-with-wrapped-band,Yellow Gold,The Adella Ring - Round Brilliant Solitaire with Wrapped Band,1169.00,the-adella-ring-round-brilliant-solitaire-with-wrapped-band
,,,,https://tmcfinejewellers.com/products/the-adella-ring-round-brilliant-solitaire-with-wrapped-band,White Gold,The Adella Ring - Round Brilliant Solitaire with Wrapped Band,1169.00,the-adella-ring-round-brilliant-solitaire-with-wrapped-band
,,,,https://tmcfinejewellers.com/products/the-adella-ring-round-brilliant-solitaire-with-wrapped-band,Rose Gold,The Adella Ring - Round Brilliant Solitaire with Wrapped Band,1169.00,the-adella-ring-round-brilliant-solitaire-with-wrapped-band
,,,,https://tmcfinejewellers.com/products/the-audrey-ring-1-52ct-lab-grown-emerald-cathedral-solitaire-with-hidden-halo,Yellow Gold,The Audrey Ring - 1.52ct Lab Diamond Emerald Cathedral Solitaire With Hidden Halo,2581.00,the-audrey-ring-1-52ct-lab-grown-emerald-cathedral-solitaire-with-hidden-halo
,,,,https://tmcfinejewellers.com/products/the-audrey-ring-1-52ct-lab-grown-emerald-cathedral-solitaire-with-hidden-halo,White Gold,The Audrey Ring - 1.52ct Lab Diamond Emerald Cathedral Solitaire With Hidden Halo,2581.00,the-audrey-ring-1-52ct-lab-grown-emerald-cathedral-solitaire-with-hidden-halo
,,,,https://tmcfinejewellers.com/products/the-audrey-ring-1-52ct-lab-grown-emerald-cathedral-solitaire-with-hidden-halo,Rose Gold,The Audrey Ring - 1.52ct Lab Diamond Emerald Cathedral Solitaire With Hidden Halo,2581.00,the-audrey-ring-1-52ct-lab-grown-emerald-cathedral-solitaire-with-hidden-halo
,,,,https://tmcfinejewellers.com/products/the-vienna-ring-1-77ct-lab-grown-diamond-radiant-solitaire,Yellow Gold,The Vienna Ring - 1.77ct Lab Diamond Radiant Solitaire,2645.00,the-vienna-ring-1-77ct-lab-grown-diamond-radiant-solitaire
,,,,https://tmcfinejewellers.com/products/the-vienna-ring-1-77ct-lab-grown-diamond-radiant-solitaire,White Gold,The Vienna Ring - 1.77ct Lab Diamond Radiant Solitaire,2645.00,the-vienna-ring-1-77ct-lab-grown-diamond-radiant-solitaire
,,,,https://tmcfinejewellers.com/products/the-vienna-ring-1-77ct-lab-grown-diamond-radiant-solitaire,Rose Gold,The Vienna Ring - 1.77ct Lab Diamond Radiant Solitaire,2645.00,the-vienna-ring-1-77ct-lab-grown-diamond-radiant-solitaire
,,,,https://tmcfinejewellers.com/products/the-jean-ring-marquise-bezel-split-band-solitaire,Yellow Gold,The Jean Ring - Marquise Bezel Split Band Solitaire,979.00,the-jean-ring-marquise-bezel-split-band-solitaire
,,,,https://tmcfinejewellers.com/products/the-jean-ring-marquise-bezel-split-band-solitaire,White Gold,The Jean Ring - Marquise Bezel Split Band Solitaire,979.00,the-jean-ring-marquise-bezel-split-band-solitaire
,,,,https://tmcfinejewellers.com/products/the-jean-ring-marquise-bezel-split-band-solitaire,Rose Gold,The Jean Ring - Marquise Bezel Split Band Solitaire,979.00,the-jean-ring-marquise-bezel-split-band-solitaire
,,,,https://tmcfinejewellers.com/products/the-margot-ring-oval-and-half-moon-bezel-trilogy,Yellow Gold,The Margot Ring - Moval and Half Moon Bezel Trilogy,1360.00,the-margot-ring-oval-and-half-moon-bezel-trilogy
,,,,https://tmcfinejewellers.com/products/the-margot-ring-oval-and-half-moon-bezel-trilogy,White Gold,The Margot Ring - Moval and Half Moon Bezel Trilogy,1360.00,the-margot-ring-oval-and-half-moon-bezel-trilogy
,,,,https://tmcfinejewellers.com/products/the-margot-ring-oval-and-half-moon-bezel-trilogy,Rose Gold,The Margot Ring - Moval and Half Moon Bezel Trilogy,1360.00,the-margot-ring-oval-and-half-moon-bezel-trilogy
,,,,https://tmcfinejewellers.com/products/the-rene-ring-emerald-and-tapered-baguette-trilogy,Yellow Gold,The René Ring - Emerald and Tapered Baguette Trilogy,1323.00,the-rene-ring-emerald-and-tapered-baguette-trilogy
,,,,https://tmcfinejewellers.com/products/the-rene-ring-emerald-and-tapered-baguette-trilogy,White Gold,The René Ring - Emerald and Tapered Baguette Trilogy,1323.00,the-rene-ring-emerald-and-tapered-baguette-trilogy
,,,,https://tmcfinejewellers.com/products/the-rene-ring-emerald-and-tapered-baguette-trilogy,Rose Gold,The René Ring - Emerald and Tapered Baguette Trilogy,1323.00,the-rene-ring-emerald-and-tapered-baguette-trilogy
,,,,https://tmcfinejewellers.com/products/the-elmira-ring-asscher-bezel-solitaire,Yellow Gold,The Elmira Ring - Asscher Bezel Solitaire,868.00,the-elmira-ring-asscher-bezel-solitaire
,,,,https://tmcfinejewellers.com/products/the-elmira-ring-asscher-bezel-solitaire,White Gold,The Elmira Ring - Asscher Bezel Solitaire,868.00,the-elmira-ring-asscher-bezel-solitaire
,,,,https://tmcfinejewellers.com/products/the-elmira-ring-asscher-bezel-solitaire,Rose Gold,The Elmira Ring - Asscher Bezel Solitaire,868.00,the-elmira-ring-asscher-bezel-solitaire
,,,,https://tmcfinejewellers.com/products/the-aurora-ring-pear-with-round-brilliant-accents,Yellow Gold,The Aurora Ring - Pear with Round Brilliant Accents,1280.00,the-aurora-ring-pear-with-round-brilliant-accents
,,,,https://tmcfinejewellers.com/products/the-aurora-ring-pear-with-round-brilliant-accents,White Gold,The Aurora Ring - Pear with Round Brilliant Accents,1280.00,the-aurora-ring-pear-with-round-brilliant-accents
,,,,https://tmcfinejewellers.com/products/the-aurora-ring-pear-with-round-brilliant-accents,Rose Gold,The Aurora Ring - Pear with Round Brilliant Accents,1280.00,the-aurora-ring-pear-with-round-brilliant-accents
,,,,https://tmcfinejewellers.com/products/the-aurora-ring-marquise-with-round-brilliant-accents-1,Yellow Gold,The Aurora Ring - Marquise with Round Brilliant Accents,1280.00,the-aurora-ring-marquise-with-round-brilliant-accents-1
,,,,https://tmcfinejewellers.com/products/the-aurora-ring-marquise-with-round-brilliant-accents-1,White Gold,The Aurora Ring - Marquise with Round Brilliant Accents,1280.00,the-aurora-ring-marquise-with-round-brilliant-accents-1
,,,,https://tmcfinejewellers.com/products/the-aurora-ring-marquise-with-round-brilliant-accents-1,Rose Gold,The Aurora Ring - Marquise with Round Brilliant Accents,1280.00,the-aurora-ring-marquise-with-round-brilliant-accents-1
,,,,https://tmcfinejewellers.com/products/the-neave-ring-asscher-and-baguette-trilogy,Yellow Gold,The Neave Ring - Asscher and Baguette Trilogy,1270.00,the-neave-ring-asscher-and-baguette-trilogy
,,,,https://tmcfinejewellers.com/products/the-neave-ring-asscher-and-baguette-trilogy,White Gold,The Neave Ring - Asscher and Baguette Trilogy,1270.00,the-neave-ring-asscher-and-baguette-trilogy
,,,,https://tmcfinejewellers.com/products/the-neave-ring-asscher-and-baguette-trilogy,Rose Gold,The Neave Ring - Asscher and Baguette Trilogy,1270.00,the-neave-ring-asscher-and-baguette-trilogy
,,,,https://tmcfinejewellers.com/products/the-ines-ring-emerald-and-trapezoid-trilogy,Yellow Gold,The Ines Ring - Emerald and Trapezoid Trilogy,1227.00,the-ines-ring-emerald-and-trapezoid-trilogy
,,,,https://tmcfinejewellers.com/products/the-ines-ring-emerald-and-trapezoid-trilogy,White Gold,The Ines Ring - Emerald and Trapezoid Trilogy,1227.00,the-ines-ring-emerald-and-trapezoid-trilogy
,,,,https://tmcfinejewellers.com/products/the-ines-ring-emerald-and-trapezoid-trilogy,Rose Gold,The Ines Ring - Emerald and Trapezoid Trilogy,1227.00,the-ines-ring-emerald-and-trapezoid-trilogy
,,,,https://tmcfinejewellers.com/products/the-ludae-ring-toi-et-moi-cigar-ring,Yellow Gold,The Ludae Ring - Toi Et Moi Cigar Ring,1201.00,the-ludae-ring-toi-et-moi-cigar-ring
,,,,https://tmcfinejewellers.com/products/the-ludae-ring-toi-et-moi-cigar-ring,White Gold,The Ludae Ring - Toi Et Moi Cigar Ring,1201.00,the-ludae-ring-toi-et-moi-cigar-ring
,,,,https://tmcfinejewellers.com/products/the-ludae-ring-toi-et-moi-cigar-ring,Rose Gold,The Ludae Ring - Toi Et Moi Cigar Ring,1201.00,the-ludae-ring-toi-et-moi-cigar-ring
,,,,https://tmcfinejewellers.com/products/the-ludae-ring-pear-cigar-solitaire,Yellow Gold,The Ludae Ring - Pear Cigar Solitaire,1211.00,the-ludae-ring-pear-cigar-solitaire
,,,,https://tmcfinejewellers.com/products/the-ludae-ring-pear-cigar-solitaire,White Gold,The Ludae Ring - Pear Cigar Solitaire,1211.00,the-ludae-ring-pear-cigar-solitaire
,,,,https://tmcfinejewellers.com/products/the-ludae-ring-pear-cigar-solitaire,Rose Gold,The Ludae Ring - Pear Cigar Solitaire,1211.00,the-ludae-ring-pear-cigar-solitaire
,,,,https://tmcfinejewellers.com/products/the-ludae-ring-elongated-cushion-cigar-solitaire,Yellow Gold,The Ludae Ring - Elongated Cushion Cigar Solitaire,1211.00,the-ludae-ring-elongated-cushion-cigar-solitaire
,,,,https://tmcfinejewellers.com/products/the-ludae-ring-elongated-cushion-cigar-solitaire,White Gold,The Ludae Ring - Elongated Cushion Cigar Solitaire,1211.00,the-ludae-ring-elongated-cushion-cigar-solitaire
,,,,https://tmcfinejewellers.com/products/the-ludae-ring-elongated-cushion-cigar-solitaire,Rose Gold,The Ludae Ring - Elongated Cushion Cigar Solitaire,1211.00,the-ludae-ring-elongated-cushion-cigar-solitaire
,,,,https://tmcfinejewellers.com/products/the-ludae-ring-emerald-cigar-solitaire,Yellow Gold,The Ludae Ring - Emerald Cigar Solitaire,1196.00,the-ludae-ring-emerald-cigar-solitaire
,,,,https://tmcfinejewellers.com/products/the-ludae-ring-emerald-cigar-solitaire,White Gold,The Ludae Ring - Emerald Cigar Solitaire,1196.00,the-ludae-ring-emerald-cigar-solitaire
,,,,https://tmcfinejewellers.com/products/the-ludae-ring-emerald-cigar-solitaire,Rose Gold,The Ludae Ring - Emerald Cigar Solitaire,1196.00,the-ludae-ring-emerald-cigar-solitaire
,,,,https://tmcfinejewellers.com/products/the-isla-ring-1-29ct-lab-grown-diamond-round-brilliant-solitaire,Yellow Gold,The Isla Ring - 1.29ct Lab Grown Diamond Round Brilliant Solitaire,2867.00,the-isla-ring-1-29ct-lab-grown-diamond-round-brilliant-solitaire
,,,,https://tmcfinejewellers.com/products/the-isla-ring-1-29ct-lab-grown-diamond-round-brilliant-solitaire,White Gold,The Isla Ring - 1.29ct Lab Grown Diamond Round Brilliant Solitaire,2867.00,the-isla-ring-1-29ct-lab-grown-diamond-round-brilliant-solitaire
,,,,https://tmcfinejewellers.com/products/the-isla-ring-1-29ct-lab-grown-diamond-round-brilliant-solitaire,Rose Gold,The Isla Ring - 1.29ct Lab Grown Diamond Round Brilliant Solitaire,2867.00,the-isla-ring-1-29ct-lab-grown-diamond-round-brilliant-solitaire
,,,,https://tmcfinejewellers.com/products/the-eloise-ring-marquise-antique-halo,Yellow Gold,The Eloise Ring - Marquise Antique Halo,1280.00,the-eloise-ring-marquise-antique-halo
,,,,https://tmcfinejewellers.com/products/the-eloise-ring-marquise-antique-halo,White Gold,The Eloise Ring - Marquise Antique Halo,1280.00,the-eloise-ring-marquise-antique-halo
,,,,https://tmcfinejewellers.com/products/the-eloise-ring-marquise-antique-halo,Rose Gold,The Eloise Ring - Marquise Antique Halo,1280.00,the-eloise-ring-marquise-antique-halo
,,,,https://tmcfinejewellers.com/products/the-eloise-ring-emerald-antique-halo,Yellow Gold,The Eloise Ring - Emerald Antique Halo,1280.00,the-eloise-ring-emerald-antique-halo
,,,,https://tmcfinejewellers.com/products/the-eloise-ring-emerald-antique-halo,White Gold,The Eloise Ring - Emerald Antique Halo,1280.00,the-eloise-ring-emerald-antique-halo
,,,,https://tmcfinejewellers.com/products/the-eloise-ring-emerald-antique-halo,Rose Gold,The Eloise Ring - Emerald Antique Halo,1280.00,the-eloise-ring-emerald-antique-halo
,,,,https://tmcfinejewellers.com/products/the-eloise-ring-pear-antique-halo,Yellow Gold,The Eloise Ring - Pear Antique Halo,1280.00,the-eloise-ring-pear-antique-halo
,,,,https://tmcfinejewellers.com/products/the-eloise-ring-pear-antique-halo,White Gold,The Eloise Ring - Pear Antique Halo,1280.00,the-eloise-ring-pear-antique-halo
,,,,https://tmcfinejewellers.com/products/the-eloise-ring-pear-antique-halo,Rose Gold,The Eloise Ring - Pear Antique Halo,1280.00,the-eloise-ring-pear-antique-halo
,,,,https://tmcfinejewellers.com/products/the-eloise-ring-elongated-cushion-antique-halo,Yellow Gold,The Eloise Ring - Elongated Cushion Antique Halo,1280.00,the-eloise-ring-elongated-cushion-antique-halo
,,,,https://tmcfinejewellers.com/products/the-eloise-ring-elongated-cushion-antique-halo,White Gold,The Eloise Ring - Elongated Cushion Antique Halo,1280.00,the-eloise-ring-elongated-cushion-antique-halo
,,,,https://tmcfinejewellers.com/products/the-eloise-ring-elongated-cushion-antique-halo,Rose Gold,The Eloise Ring - Elongated Cushion Antique Halo,1280.00,the-eloise-ring-elongated-cushion-antique-halo
,,,,https://tmcfinejewellers.com/products/the-eloise-ring-round-antique-halo,Yellow Gold,The Eloise Ring - Round Antique Halo,1280.00,the-eloise-ring-round-antique-halo
,,,,https://tmcfinejewellers.com/products/the-eloise-ring-round-antique-halo,White Gold,The Eloise Ring - Round Antique Halo,1280.00,the-eloise-ring-round-antique-halo
,,,,https://tmcfinejewellers.com/products/the-eloise-ring-round-antique-halo,Rose Gold,The Eloise Ring - Round Antique Halo,1280.00,the-eloise-ring-round-antique-halo
,,,,https://tmcfinejewellers.com/products/the-audrey-ring-8x6mm-1-9ct-moissanite-emerald-solitaire-with-hidden-halo,Yellow Gold,The Audrey Ring - 1.9ct Moissanite Emerald Solitaire,1894.00,the-audrey-ring-8x6mm-1-9ct-moissanite-emerald-solitaire-with-hidden-halo
,,,,https://tmcfinejewellers.com/products/the-audrey-ring-8x6mm-1-9ct-moissanite-emerald-solitaire-with-hidden-halo,White Gold,The Audrey Ring - 1.9ct Moissanite Emerald Solitaire,1894.00,the-audrey-ring-8x6mm-1-9ct-moissanite-emerald-solitaire-with-hidden-halo
,,,,https://tmcfinejewellers.com/products/the-audrey-ring-8x6mm-1-9ct-moissanite-emerald-solitaire-with-hidden-halo,Rose Gold,The Audrey Ring - 1.9ct Moissanite Emerald Solitaire,1894.00,the-audrey-ring-8x6mm-1-9ct-moissanite-emerald-solitaire-with-hidden-halo
,,,,https://tmcfinejewellers.com/products/the-emerie-ring-elongated-cushion-solitaire,Yellow Gold,The Emerie Ring - Elongated Cushion Double Band Solitaire,1465.00,the-emerie-ring-elongated-cushion-solitaire
,,,,https://tmcfinejewellers.com/products/the-emerie-ring-elongated-cushion-solitaire,White Gold,The Emerie Ring - Elongated Cushion Double Band Solitaire,1465.00,the-emerie-ring-elongated-cushion-solitaire
,,,,https://tmcfinejewellers.com/products/the-emerie-ring-elongated-cushion-solitaire,Rose Gold,The Emerie Ring - Elongated Cushion Double Band Solitaire,1465.00,the-emerie-ring-elongated-cushion-solitaire
,,,,https://tmcfinejewellers.com/products/the-emerie-radiant-solitaire,Yellow Gold,The Emerie Ring - Radiant Double Band Solitaire,1465.00,the-emerie-radiant-solitaire
,,,,https://tmcfinejewellers.com/products/the-emerie-radiant-solitaire,White Gold,The Emerie Ring - Radiant Double Band Solitaire,1465.00,the-emerie-radiant-solitaire
,,,,https://tmcfinejewellers.com/products/the-emerie-radiant-solitaire,Rose Gold,The Emerie Ring - Radiant Double Band Solitaire,1465.00,the-emerie-radiant-solitaire
,,,,https://tmcfinejewellers.com/products/the-emerie-marquise-solitaire,Yellow Gold,The Emerie Ring - Marquise Double Band Solitaire,1465.00,the-emerie-marquise-solitaire
,,,,https://tmcfinejewellers.com/products/the-emerie-marquise-solitaire,White Gold,The Emerie Ring - Marquise Double Band Solitaire,1465.00,the-emerie-marquise-solitaire
,,,,https://tmcfinejewellers.com/products/the-emerie-marquise-solitaire,Rose Gold,The Emerie Ring - Marquise Double Band Solitaire,1465.00,the-emerie-marquise-solitaire
,,,,https://tmcfinejewellers.com/products/the-emerie-ring-pear-solitaire,Yellow Gold,The Emerie Ring - Pear Double Band Solitaire,1465.00,the-emerie-ring-pear-solitaire
,,,,https://tmcfinejewellers.com/products/the-emerie-ring-pear-solitaire,White Gold,The Emerie Ring - Pear Double Band Solitaire,1465.00,the-emerie-ring-pear-solitaire
,,,,https://tmcfinejewellers.com/products/the-emerie-ring-pear-solitaire,Rose Gold,The Emerie Ring - Pear Double Band Solitaire,1465.00,the-emerie-ring-pear-solitaire
,,,,https://tmcfinejewellers.com/products/the-emerie-ring-emerald-solitaire,Yellow Gold,The Emerie Ring - Emerald Double Band Solitaire,1465.00,the-emerie-ring-emerald-solitaire
,,,,https://tmcfinejewellers.com/products/the-emerie-ring-emerald-solitaire,White Gold,The Emerie Ring - Emerald Double Band Solitaire,1465.00,the-emerie-ring-emerald-solitaire
,,,,https://tmcfinejewellers.com/products/the-emerie-ring-emerald-solitaire,Rose Gold,The Emerie Ring - Emerald Double Band Solitaire,1465.00,the-emerie-ring-emerald-solitaire
,,,,https://tmcfinejewellers.com/products/the-elmira-ring-asscher-solitaire-1,Yellow Gold,The Elmira Ring - Asscher Solitaire,825.00,the-elmira-ring-asscher-solitaire-1
,,,,https://tmcfinejewellers.com/products/the-elmira-ring-asscher-solitaire-1,White Gold,The Elmira Ring - Asscher Solitaire,825.00,the-elmira-ring-asscher-solitaire-1
,,,,https://tmcfinejewellers.com/products/the-elmira-ring-asscher-solitaire-1,Rose Gold,The Elmira Ring - Asscher Solitaire,825.00,the-elmira-ring-asscher-solitaire-1
,,,,https://tmcfinejewellers.com/products/the-laurel-ring-oval-trilogy-with-pear-and-marquise-accents,Yellow Gold,The Laurel Ring - Oval with Pear and Marquise Accents,1317.00,the-laurel-ring-oval-trilogy-with-pear-and-marquise-accents
,,,,https://tmcfinejewellers.com/products/the-laurel-ring-oval-trilogy-with-pear-and-marquise-accents,White Gold,The Laurel Ring - Oval with Pear and Marquise Accents,1317.00,the-laurel-ring-oval-trilogy-with-pear-and-marquise-accents
,,,,https://tmcfinejewellers.com/products/the-laurel-ring-oval-trilogy-with-pear-and-marquise-accents,Rose Gold,The Laurel Ring - Oval with Pear and Marquise Accents,1317.00,the-laurel-ring-oval-trilogy-with-pear-and-marquise-accents
,,,,https://tmcfinejewellers.com/products/the-paloma-ring-cushion-halo,Yellow Gold,The Paloma Ring - Cushion Halo,1249.00,the-paloma-ring-cushion-halo
,,,,https://tmcfinejewellers.com/products/the-paloma-ring-cushion-halo,White Gold,The Paloma Ring - Cushion Halo,1249.00,the-paloma-ring-cushion-halo
,,,,https://tmcfinejewellers.com/products/the-paloma-ring-cushion-halo,Rose Gold,The Paloma Ring - Cushion Halo,1249.00,the-paloma-ring-cushion-halo
,,,,https://tmcfinejewellers.com/products/the-luise-ring-oval-solitaire-with-knife-edge-band,Yellow Gold,The Luise Ring® - Oval Solitaire With Knife Edge Band,910.00,the-luise-ring-oval-solitaire-with-knife-edge-band
,,,,https://tmcfinejewellers.com/products/the-luise-ring-oval-solitaire-with-knife-edge-band,White Gold,The Luise Ring® - Oval Solitaire With Knife Edge Band,910.00,the-luise-ring-oval-solitaire-with-knife-edge-band
,,,,https://tmcfinejewellers.com/products/the-luise-ring-oval-solitaire-with-knife-edge-band,Rose Gold,The Luise Ring® - Oval Solitaire With Knife Edge Band,910.00,the-luise-ring-oval-solitaire-with-knife-edge-band
,,,,https://tmcfinejewellers.com/products/the-fleur-ring-oval-with-round-brilliant-accent-stones,Yellow Gold,The Fleur Ring - Oval With Round Brilliant Accent Stones,1180.00,the-fleur-ring-oval-with-round-brilliant-accent-stones
,,,,https://tmcfinejewellers.com/products/the-fleur-ring-oval-with-round-brilliant-accent-stones,White Gold,The Fleur Ring - Oval With Round Brilliant Accent Stones,1180.00,the-fleur-ring-oval-with-round-brilliant-accent-stones
,,,,https://tmcfinejewellers.com/products/the-fleur-ring-oval-with-round-brilliant-accent-stones,Rose Gold,The Fleur Ring - Oval With Round Brilliant Accent Stones,1180.00,the-fleur-ring-oval-with-round-brilliant-accent-stones
,,,,https://tmcfinejewellers.com/products/the-arie-ring-marquise-halo,Yellow Gold,The Arie Ring - Marquise Halo,1264.00,the-arie-ring-marquise-halo
,,,,https://tmcfinejewellers.com/products/the-arie-ring-marquise-halo,White Gold,The Arie Ring - Marquise Halo,1264.00,the-arie-ring-marquise-halo
,,,,https://tmcfinejewellers.com/products/the-arie-ring-marquise-halo,Rose Gold,The Arie Ring - Marquise Halo,1264.00,the-arie-ring-marquise-halo
,,,,https://tmcfinejewellers.com/products/the-ophelia-ring-elongated-cushion-halo,Yellow Gold,The Ophelia Ring - Elongated Cushion Halo,1211.00,the-ophelia-ring-elongated-cushion-halo
,,,,https://tmcfinejewellers.com/products/the-ophelia-ring-elongated-cushion-halo,White Gold,The Ophelia Ring - Elongated Cushion Halo,1211.00,the-ophelia-ring-elongated-cushion-halo
,,,,https://tmcfinejewellers.com/products/the-ophelia-ring-elongated-cushion-halo,Rose Gold,The Ophelia Ring - Elongated Cushion Halo,1211.00,the-ophelia-ring-elongated-cushion-halo
,,,,https://tmcfinejewellers.com/products/the-vienna-ring-radiant-halo,Yellow Gold,The Vienna Ring - Radiant Halo,1264.00,the-vienna-ring-radiant-halo
,,,,https://tmcfinejewellers.com/products/the-vienna-ring-radiant-halo,White Gold,The Vienna Ring - Radiant Halo,1264.00,the-vienna-ring-radiant-halo
,,,,https://tmcfinejewellers.com/products/the-vienna-ring-radiant-halo,Rose Gold,The Vienna Ring - Radiant Halo,1264.00,the-vienna-ring-radiant-halo
,,,,https://tmcfinejewellers.com/products/the-winslow-ring-oval-half-bezel-signet,Yellow Gold,The Winslow Ring -  Oval Half Bezel Signet,1037.00,the-winslow-ring-oval-half-bezel-signet
,,,,https://tmcfinejewellers.com/products/the-winslow-ring-oval-half-bezel-signet,White Gold,The Winslow Ring -  Oval Half Bezel Signet,1037.00,the-winslow-ring-oval-half-bezel-signet
,,,,https://tmcfinejewellers.com/products/the-winslow-ring-oval-half-bezel-signet,Rose Gold,The Winslow Ring -  Oval Half Bezel Signet,1037.00,the-winslow-ring-oval-half-bezel-signet
,,,,https://tmcfinejewellers.com/products/the-winslow-ring-emerald-half-bezel-signet,Yellow Gold,The Winslow Ring - Emerald Half Bezel Signet,1037.00,the-winslow-ring-emerald-half-bezel-signet
,,,,https://tmcfinejewellers.com/products/the-winslow-ring-emerald-half-bezel-signet,White Gold,The Winslow Ring - Emerald Half Bezel Signet,1037.00,the-winslow-ring-emerald-half-bezel-signet
,,,,https://tmcfinejewellers.com/products/the-winslow-ring-emerald-half-bezel-signet,Rose Gold,The Winslow Ring - Emerald Half Bezel Signet,1037.00,the-winslow-ring-emerald-half-bezel-signet
,,,,https://tmcfinejewellers.com/products/the-winslow-ring-radiant-half-bezel-signet,Yellow Gold,The Winslow Ring - Radiant Half Bezel Signet,1037.00,the-winslow-ring-radiant-half-bezel-signet
,,,,https://tmcfinejewellers.com/products/the-winslow-ring-radiant-half-bezel-signet,White Gold,The Winslow Ring - Radiant Half Bezel Signet,1037.00,the-winslow-ring-radiant-half-bezel-signet
,,,,https://tmcfinejewellers.com/products/the-winslow-ring-radiant-half-bezel-signet,Rose Gold,The Winslow Ring - Radiant Half Bezel Signet,1037.00,the-winslow-ring-radiant-half-bezel-signet
,,,,https://tmcfinejewellers.com/products/the-winslow-ring-elongated-cushion-half-bezel-signet,Yellow Gold,The Winslow Ring - Elongated Cushion Half Bezel Signet,1037.00,the-winslow-ring-elongated-cushion-half-bezel-signet
,,,,https://tmcfinejewellers.com/products/the-winslow-ring-elongated-cushion-half-bezel-signet,White Gold,The Winslow Ring - Elongated Cushion Half Bezel Signet,1037.00,the-winslow-ring-elongated-cushion-half-bezel-signet
,,,,https://tmcfinejewellers.com/products/the-winslow-ring-elongated-cushion-half-bezel-signet,Rose Gold,The Winslow Ring - Elongated Cushion Half Bezel Signet,1037.00,the-winslow-ring-elongated-cushion-half-bezel-signet
,,,,https://tmcfinejewellers.com/products/the-winslow-ring-round-half-bezel-signet,Yellow Gold,The Winslow Ring - Round Half Bezel Signet,1037.00,the-winslow-ring-round-half-bezel-signet
,,,,https://tmcfinejewellers.com/products/the-winslow-ring-round-half-bezel-signet,White Gold,The Winslow Ring - Round Half Bezel Signet,1037.00,the-winslow-ring-round-half-bezel-signet
,,,,https://tmcfinejewellers.com/products/the-winslow-ring-round-half-bezel-signet,Rose Gold,The Winslow Ring - Round Half Bezel Signet,1037.00,the-winslow-ring-round-half-bezel-signet
,,,,https://tmcfinejewellers.com/products/the-winslow-ring-pear-half-bezel-signet,Yellow Gold,The Winslow Ring -  Pear Half Bezel Signet,1011.00,the-winslow-ring-pear-half-bezel-signet
,,,,https://tmcfinejewellers.com/products/the-winslow-ring-pear-half-bezel-signet,White Gold,The Winslow Ring -  Pear Half Bezel Signet,1011.00,the-winslow-ring-pear-half-bezel-signet
,,,,https://tmcfinejewellers.com/products/the-winslow-ring-pear-half-bezel-signet,Rose Gold,The Winslow Ring -  Pear Half Bezel Signet,1011.00,the-winslow-ring-pear-half-bezel-signet
,,,,https://tmcfinejewellers.com/products/the-luise-ring-1-03ct-fancy-vivid-blue-lab-grown-diamond-oval-solitaire,Yellow Gold,The Luise Ring® - 1.03ct Coloured Lab Diamond Oval Solitaire,1904.00,the-luise-ring-1-03ct-fancy-vivid-blue-lab-grown-diamond-oval-solitaire
,,,,https://tmcfinejewellers.com/products/the-luise-ring-1-03ct-fancy-vivid-blue-lab-grown-diamond-oval-solitaire,White Gold,The Luise Ring® - 1.03ct Coloured Lab Diamond Oval Solitaire,1904.00,the-luise-ring-1-03ct-fancy-vivid-blue-lab-grown-diamond-oval-solitaire
,,,,https://tmcfinejewellers.com/products/the-luise-ring-1-03ct-fancy-vivid-blue-lab-grown-diamond-oval-solitaire,Rose Gold,The Luise Ring® - 1.03ct Coloured Lab Diamond Oval Solitaire,1904.00,the-luise-ring-1-03ct-fancy-vivid-blue-lab-grown-diamond-oval-solitaire
,,,,https://tmcfinejewellers.com/products/the-elise-ring-1-53ct-lab-diamond-split-shank-asscher-solitaire,Yellow Gold,The Elise Ring - 1.53ct Lab Diamond Split Shank Asscher Solitaire,2465.00,the-elise-ring-1-53ct-lab-diamond-split-shank-asscher-solitaire
,,,,https://tmcfinejewellers.com/products/the-elise-ring-1-53ct-lab-diamond-split-shank-asscher-solitaire,White Gold,The Elise Ring - 1.53ct Lab Diamond Split Shank Asscher Solitaire,2465.00,the-elise-ring-1-53ct-lab-diamond-split-shank-asscher-solitaire
,,,,https://tmcfinejewellers.com/products/the-elise-ring-1-53ct-lab-diamond-split-shank-asscher-solitaire,Rose Gold,The Elise Ring - 1.53ct Lab Diamond Split Shank Asscher Solitaire,2465.00,the-elise-ring-1-53ct-lab-diamond-split-shank-asscher-solitaire
,,,,https://tmcfinejewellers.com/products/the-aleasa-ring-1-83ct-lab-diamond-split-shank-east-west-marquise-solitaire,Yellow Gold,The Aleasa Ring - 1.83ct Lab Diamond Split Shank East-West Marquise Solitaire,2798.00,the-aleasa-ring-1-83ct-lab-diamond-split-shank-east-west-marquise-solitaire
,,,,https://tmcfinejewellers.com/products/the-aleasa-ring-1-83ct-lab-diamond-split-shank-east-west-marquise-solitaire,White Gold,The Aleasa Ring - 1.83ct Lab Diamond Split Shank East-West Marquise Solitaire,2798.00,the-aleasa-ring-1-83ct-lab-diamond-split-shank-east-west-marquise-solitaire
,,,,https://tmcfinejewellers.com/products/the-aleasa-ring-1-83ct-lab-diamond-split-shank-east-west-marquise-solitaire,Rose Gold,The Aleasa Ring - 1.83ct Lab Diamond Split Shank East-West Marquise Solitaire,2798.00,the-aleasa-ring-1-83ct-lab-diamond-split-shank-east-west-marquise-solitaire
,,,,https://tmcfinejewellers.com/products/the-aleasa-ring-1-30ct-lab-diamond-split-shank-east-west-radiant-solitaire,Yellow Gold,The Aleasa Ring - 1.30ct Lab Diamond Split Shank East-West Radiant Solitaire,2095.00,the-aleasa-ring-1-30ct-lab-diamond-split-shank-east-west-radiant-solitaire
,,,,https://tmcfinejewellers.com/products/the-aleasa-ring-1-30ct-lab-diamond-split-shank-east-west-radiant-solitaire,White Gold,The Aleasa Ring - 1.30ct Lab Diamond Split Shank East-West Radiant Solitaire,2095.00,the-aleasa-ring-1-30ct-lab-diamond-split-shank-east-west-radiant-solitaire
,,,,https://tmcfinejewellers.com/products/the-aleasa-ring-1-30ct-lab-diamond-split-shank-east-west-radiant-solitaire,Rose Gold,The Aleasa Ring - 1.30ct Lab Diamond Split Shank East-West Radiant Solitaire,2095.00,the-aleasa-ring-1-30ct-lab-diamond-split-shank-east-west-radiant-solitaire
,,,,https://tmcfinejewellers.com/products/the-aleasa-ring-3-5ct-moissanite-split-shank-east-west-emerald-solitaire,Yellow Gold,The Elise Ring - 2.8ct Moissanite Split Shank Emerald Solitaire,2317.00,the-aleasa-ring-3-5ct-moissanite-split-shank-east-west-emerald-solitaire
,,,,https://tmcfinejewellers.com/products/the-aleasa-ring-3-5ct-moissanite-split-shank-east-west-emerald-solitaire,White Gold,The Elise Ring - 2.8ct Moissanite Split Shank Emerald Solitaire,2317.00,the-aleasa-ring-3-5ct-moissanite-split-shank-east-west-emerald-solitaire
,,,,https://tmcfinejewellers.com/products/the-aleasa-ring-3-5ct-moissanite-split-shank-east-west-emerald-solitaire,Rose Gold,The Elise Ring - 2.8ct Moissanite Split Shank Emerald Solitaire,2317.00,the-aleasa-ring-3-5ct-moissanite-split-shank-east-west-emerald-solitaire
,,,,https://tmcfinejewellers.com/products/the-maya-ring-1-5ct-moissanite-oval-curved-solitaire,Yellow Gold,The Maya Ring - 1.5ct Moissanite Oval Curved Solitaire,1481.00,the-maya-ring-1-5ct-moissanite-oval-curved-solitaire
,,,,https://tmcfinejewellers.com/products/the-maya-ring-1-5ct-moissanite-oval-curved-solitaire,White Gold,The Maya Ring - 1.5ct Moissanite Oval Curved Solitaire,1481.00,the-maya-ring-1-5ct-moissanite-oval-curved-solitaire
,,,,https://tmcfinejewellers.com/products/the-maya-ring-1-5ct-moissanite-oval-curved-solitaire,Rose Gold,The Maya Ring - 1.5ct Moissanite Oval Curved Solitaire,1481.00,the-maya-ring-1-5ct-moissanite-oval-curved-solitaire
,,,,https://tmcfinejewellers.com/products/the-luise-ring-oval-georgian-solitaire,Yellow Gold,The Luise Ring® - Oval Georgian Solitaire,937.00,the-luise-ring-oval-georgian-solitaire
,,,,https://tmcfinejewellers.com/products/the-luise-ring-oval-georgian-solitaire,White Gold,The Luise Ring® - Oval Georgian Solitaire,937.00,the-luise-ring-oval-georgian-solitaire
,,,,https://tmcfinejewellers.com/products/the-luise-ring-oval-georgian-solitaire,Rose Gold,The Luise Ring® - Oval Georgian Solitaire,937.00,the-luise-ring-oval-georgian-solitaire
,,,,https://tmcfinejewellers.com/products/the-luise-ring-oval-cathedral-georgian-solitaire,Yellow Gold,The Luise Ring® - Oval Cathedral Georgian Solitaire,963.00,the-luise-ring-oval-cathedral-georgian-solitaire
,,,,https://tmcfinejewellers.com/products/the-luise-ring-oval-cathedral-georgian-solitaire,White Gold,The Luise Ring® - Oval Cathedral Georgian Solitaire,963.00,the-luise-ring-oval-cathedral-georgian-solitaire
,,,,https://tmcfinejewellers.com/products/the-luise-ring-oval-cathedral-georgian-solitaire,Rose Gold,The Luise Ring® - Oval Cathedral Georgian Solitaire,963.00,the-luise-ring-oval-cathedral-georgian-solitaire
,,,,https://tmcfinejewellers.com/products/the-sophia-ring-pear-georgian-solitaire,Yellow Gold,The Sophia Ring - Pear Georgian Solitaire,841.00,the-sophia-ring-pear-georgian-solitaire
,,,,https://tmcfinejewellers.com/products/the-sophia-ring-pear-georgian-solitaire,White Gold,The Sophia Ring - Pear Georgian Solitaire,841.00,the-sophia-ring-pear-georgian-solitaire
,,,,https://tmcfinejewellers.com/products/the-sophia-ring-pear-georgian-solitaire,Rose Gold,The Sophia Ring - Pear Georgian Solitaire,841.00,the-sophia-ring-pear-georgian-solitaire
,,,,https://tmcfinejewellers.com/products/the-sophia-ring-pear-cathedral-georgian-solitaire,Yellow Gold,The Sophia Ring - Pear Cathedral Georgian Solitaire,974.00,the-sophia-ring-pear-cathedral-georgian-solitaire
,,,,https://tmcfinejewellers.com/products/the-sophia-ring-pear-cathedral-georgian-solitaire,White Gold,The Sophia Ring - Pear Cathedral Georgian Solitaire,974.00,the-sophia-ring-pear-cathedral-georgian-solitaire
,,,,https://tmcfinejewellers.com/products/the-sophia-ring-pear-cathedral-georgian-solitaire,Rose Gold,The Sophia Ring - Pear Cathedral Georgian Solitaire,974.00,the-sophia-ring-pear-cathedral-georgian-solitaire
,,,,https://tmcfinejewellers.com/products/the-audrey-ring-emerald-georgian-solitaire,Yellow Gold,The Audrey Ring - Emerald Georgian Solitaire,931.00,the-audrey-ring-emerald-georgian-solitaire
,,,,https://tmcfinejewellers.com/products/the-audrey-ring-emerald-georgian-solitaire,White Gold,The Audrey Ring - Emerald Georgian Solitaire,931.00,the-audrey-ring-emerald-georgian-solitaire
,,,,https://tmcfinejewellers.com/products/the-audrey-ring-emerald-georgian-solitaire,Rose Gold,The Audrey Ring - Emerald Georgian Solitaire,931.00,the-audrey-ring-emerald-georgian-solitaire
,,,,https://tmcfinejewellers.com/products/the-audrey-ring-emerald-cathedral-georgian-solitaire,Yellow Gold,The Audrey Ring - Emerald Cathedral Georgian Solitaire,931.00,the-audrey-ring-emerald-cathedral-georgian-solitaire
,,,,https://tmcfinejewellers.com/products/the-audrey-ring-emerald-cathedral-georgian-solitaire,White Gold,The Audrey Ring - Emerald Cathedral Georgian Solitaire,931.00,the-audrey-ring-emerald-cathedral-georgian-solitaire
,,,,https://tmcfinejewellers.com/products/the-audrey-ring-emerald-cathedral-georgian-solitaire,Rose Gold,The Audrey Ring - Emerald Cathedral Georgian Solitaire,931.00,the-audrey-ring-emerald-cathedral-georgian-solitaire
,,,,https://tmcfinejewellers.com/products/the-ophelia-ring-elongated-cushion-georgian-solitaire,Yellow Gold,The Ophelia Ring - Elongated Cushion Georgian Solitaire,947.00,the-ophelia-ring-elongated-cushion-georgian-solitaire
,,,,https://tmcfinejewellers.com/products/the-ophelia-ring-elongated-cushion-georgian-solitaire,White Gold,The Ophelia Ring - Elongated Cushion Georgian Solitaire,947.00,the-ophelia-ring-elongated-cushion-georgian-solitaire
,,,,https://tmcfinejewellers.com/products/the-ophelia-ring-elongated-cushion-georgian-solitaire,Rose Gold,The Ophelia Ring - Elongated Cushion Georgian Solitaire,947.00,the-ophelia-ring-elongated-cushion-georgian-solitaire
,,,,https://tmcfinejewellers.com/products/the-ophelia-ring-elongated-cushion-cathedral-georgian-solitaire,Yellow Gold,The Ophelia Ring - Elongated Cushion Cathedral Georgian Solitaire,1000.00,the-ophelia-ring-elongated-cushion-cathedral-georgian-solitaire
,,,,https://tmcfinejewellers.com/products/the-ophelia-ring-elongated-cushion-cathedral-georgian-solitaire,White Gold,The Ophelia Ring - Elongated Cushion Cathedral Georgian Solitaire,1000.00,the-ophelia-ring-elongated-cushion-cathedral-georgian-solitaire
,,,,https://tmcfinejewellers.com/products/the-ophelia-ring-elongated-cushion-cathedral-georgian-solitaire,Rose Gold,The Ophelia Ring - Elongated Cushion Cathedral Georgian Solitaire,1000.00,the-ophelia-ring-elongated-cushion-cathedral-georgian-solitaire
,,,,https://tmcfinejewellers.com/products/the-maelys-ring-oval-and-pear-contoured-toi-et-moi,Yellow Gold,The Maëlys Ring - Oval and Pear Contoured Toi et Moi,1211.00,the-maelys-ring-oval-and-pear-contoured-toi-et-moi
,,,,https://tmcfinejewellers.com/products/the-maelys-ring-oval-and-pear-contoured-toi-et-moi,White Gold,The Maëlys Ring - Oval and Pear Contoured Toi et Moi,1211.00,the-maelys-ring-oval-and-pear-contoured-toi-et-moi
,,,,https://tmcfinejewellers.com/products/the-maelys-ring-oval-and-pear-contoured-toi-et-moi,Rose Gold,The Maëlys Ring - Oval and Pear Contoured Toi et Moi,1211.00,the-maelys-ring-oval-and-pear-contoured-toi-et-moi
,,,,https://tmcfinejewellers.com/products/the-vivienne-ring-oval-and-pear-curved-toi-et-moi,Yellow Gold,The Vivienne Ring - Oval and Pear Curved Toi et Moi,937.00,the-vivienne-ring-oval-and-pear-curved-toi-et-moi
,,,,https://tmcfinejewellers.com/products/the-vivienne-ring-oval-and-pear-curved-toi-et-moi,White Gold,The Vivienne Ring - Oval and Pear Curved Toi et Moi,937.00,the-vivienne-ring-oval-and-pear-curved-toi-et-moi
,,,,https://tmcfinejewellers.com/products/the-vivienne-ring-oval-and-pear-curved-toi-et-moi,Rose Gold,The Vivienne Ring - Oval and Pear Curved Toi et Moi,937.00,the-vivienne-ring-oval-and-pear-curved-toi-et-moi
,,,,https://tmcfinejewellers.com/products/the-nadine-ring-pear-and-oval-organic-curved-toi-et-moi,Yellow Gold,The Nadine Ring - Pear and Oval Organic Curved Toi et Moi,937.00,the-nadine-ring-pear-and-oval-organic-curved-toi-et-moi
,,,,https://tmcfinejewellers.com/products/the-nadine-ring-pear-and-oval-organic-curved-toi-et-moi,White Gold,The Nadine Ring - Pear and Oval Organic Curved Toi et Moi,937.00,the-nadine-ring-pear-and-oval-organic-curved-toi-et-moi
,,,,https://tmcfinejewellers.com/products/the-nadine-ring-pear-and-oval-organic-curved-toi-et-moi,Rose Gold,The Nadine Ring - Pear and Oval Organic Curved Toi et Moi,937.00,the-nadine-ring-pear-and-oval-organic-curved-toi-et-moi
,,,,https://tmcfinejewellers.com/products/the-anais-ring-elongated-cushion-and-pear-bezel-toi-et-moi,Yellow Gold,The Anaïs Ring - Elongated Cushion and Pear Bezel Toi et Moi,963.00,the-anais-ring-elongated-cushion-and-pear-bezel-toi-et-moi
,,,,https://tmcfinejewellers.com/products/the-anais-ring-elongated-cushion-and-pear-bezel-toi-et-moi,White Gold,The Anaïs Ring - Elongated Cushion and Pear Bezel Toi et Moi,963.00,the-anais-ring-elongated-cushion-and-pear-bezel-toi-et-moi
,,,,https://tmcfinejewellers.com/products/the-anais-ring-elongated-cushion-and-pear-bezel-toi-et-moi,Rose Gold,The Anaïs Ring - Elongated Cushion and Pear Bezel Toi et Moi,963.00,the-anais-ring-elongated-cushion-and-pear-bezel-toi-et-moi
,,,,https://tmcfinejewellers.com/products/the-zelie-ring-oval-and-pear-bezel-toi-et-moi,Yellow Gold,The Zélie Ring - Oval and Pear Bezel Toi et Moi,963.00,the-zelie-ring-oval-and-pear-bezel-toi-et-moi
,,,,https://tmcfinejewellers.com/products/the-zelie-ring-oval-and-pear-bezel-toi-et-moi,White Gold,The Zélie Ring - Oval and Pear Bezel Toi et Moi,963.00,the-zelie-ring-oval-and-pear-bezel-toi-et-moi
,,,,https://tmcfinejewellers.com/products/the-zelie-ring-oval-and-pear-bezel-toi-et-moi,Rose Gold,The Zélie Ring - Oval and Pear Bezel Toi et Moi,963.00,the-zelie-ring-oval-and-pear-bezel-toi-et-moi
,,,,https://tmcfinejewellers.com/products/the-sophia-ring-pear-bezel-solitaire,Yellow Gold,The Sophia Ring - Pear Bezel Solitaire,868.00,the-sophia-ring-pear-bezel-solitaire
,,,,https://tmcfinejewellers.com/products/the-sophia-ring-pear-bezel-solitaire,White Gold,The Sophia Ring - Pear Bezel Solitaire,868.00,the-sophia-ring-pear-bezel-solitaire
,,,,https://tmcfinejewellers.com/products/the-sophia-ring-pear-bezel-solitaire,Rose Gold,The Sophia Ring - Pear Bezel Solitaire,868.00,the-sophia-ring-pear-bezel-solitaire
,,,,https://tmcfinejewellers.com/products/the-isla-ring-round-bezel-solitaire,Yellow Gold,The Isla Ring - Round Bezel Solitaire,857.00,the-isla-ring-round-bezel-solitaire
,,,,https://tmcfinejewellers.com/products/the-isla-ring-round-bezel-solitaire,White Gold,The Isla Ring - Round Bezel Solitaire,857.00,the-isla-ring-round-bezel-solitaire
,,,,https://tmcfinejewellers.com/products/the-isla-ring-round-bezel-solitaire,Rose Gold,The Isla Ring - Round Bezel Solitaire,857.00,the-isla-ring-round-bezel-solitaire
,,,,https://tmcfinejewellers.com/products/the-paloma-ring-cushion-bezel-solitaire,Yellow Gold,The Paloma Ring - Cushion Bezel Solitaire,868.00,the-paloma-ring-cushion-bezel-solitaire
,,,,https://tmcfinejewellers.com/products/the-paloma-ring-cushion-bezel-solitaire,White Gold,The Paloma Ring - Cushion Bezel Solitaire,868.00,the-paloma-ring-cushion-bezel-solitaire
,,,,https://tmcfinejewellers.com/products/the-paloma-ring-cushion-bezel-solitaire,Rose Gold,The Paloma Ring - Cushion Bezel Solitaire,868.00,the-paloma-ring-cushion-bezel-solitaire
,,,,https://tmcfinejewellers.com/products/the-isabeau-ring-twisted-pear-toi-et-moi,Yellow Gold,The Isabeau Ring - Twisted Pear Toi et Moi,947.00,the-isabeau-ring-twisted-pear-toi-et-moi
,,,,https://tmcfinejewellers.com/products/the-isabeau-ring-twisted-pear-toi-et-moi,White Gold,The Isabeau Ring - Twisted Pear Toi et Moi,947.00,the-isabeau-ring-twisted-pear-toi-et-moi
,,,,https://tmcfinejewellers.com/products/the-isabeau-ring-twisted-pear-toi-et-moi,Rose Gold,The Isabeau Ring - Twisted Pear Toi et Moi,947.00,the-isabeau-ring-twisted-pear-toi-et-moi
,,,,https://tmcfinejewellers.com/products/the-isabeau-ring-twisted-knife-edge-pear-toi-et-moi,Yellow Gold,The Isabeau Ring - Twisted Knife Edge Pear Toi et Moi,974.00,the-isabeau-ring-twisted-knife-edge-pear-toi-et-moi
,,,,https://tmcfinejewellers.com/products/the-isabeau-ring-twisted-knife-edge-pear-toi-et-moi,White Gold,The Isabeau Ring - Twisted Knife Edge Pear Toi et Moi,974.00,the-isabeau-ring-twisted-knife-edge-pear-toi-et-moi
,,,,https://tmcfinejewellers.com/products/the-isabeau-ring-twisted-knife-edge-pear-toi-et-moi,Rose Gold,The Isabeau Ring - Twisted Knife Edge Pear Toi et Moi,974.00,the-isabeau-ring-twisted-knife-edge-pear-toi-et-moi
,,,,https://tmcfinejewellers.com/products/the-luise-ring-oval-toi-et-moi,Yellow Gold,The Luise Ring® - Oval Toi et Moi,937.00,the-luise-ring-oval-toi-et-moi
,,,,https://tmcfinejewellers.com/products/the-luise-ring-oval-toi-et-moi,White Gold,The Luise Ring® - Oval Toi et Moi,937.00,the-luise-ring-oval-toi-et-moi
,,,,https://tmcfinejewellers.com/products/the-luise-ring-oval-toi-et-moi,Rose Gold,The Luise Ring® - Oval Toi et Moi,937.00,the-luise-ring-oval-toi-et-moi
,,,,https://tmcfinejewellers.com/products/the-sophia-ring-pear-toi-et-moi,Yellow Gold,The Sophia Ring - Pear Toi et Moi,937.00,the-sophia-ring-pear-toi-et-moi
,,,,https://tmcfinejewellers.com/products/the-sophia-ring-pear-toi-et-moi,White Gold,The Sophia Ring - Pear Toi et Moi,937.00,the-sophia-ring-pear-toi-et-moi
,,,,https://tmcfinejewellers.com/products/the-sophia-ring-pear-toi-et-moi,Rose Gold,The Sophia Ring - Pear Toi et Moi,937.00,the-sophia-ring-pear-toi-et-moi
,,,,https://tmcfinejewellers.com/products/the-audrey-ring-emerald-toi-et-moi,Yellow Gold,The Audrey Ring - Emerald Toi et Moi,937.00,the-audrey-ring-emerald-toi-et-moi
,,,,https://tmcfinejewellers.com/products/the-audrey-ring-emerald-toi-et-moi,White Gold,The Audrey Ring - Emerald Toi et Moi,937.00,the-audrey-ring-emerald-toi-et-moi
,,,,https://tmcfinejewellers.com/products/the-audrey-ring-emerald-toi-et-moi,Rose Gold,The Audrey Ring - Emerald Toi et Moi,937.00,the-audrey-ring-emerald-toi-et-moi
,,,,https://tmcfinejewellers.com/products/the-arie-ring-marquise-toi-et-moi,Yellow Gold,The Arie Ring - Marquise Toi et Moi,937.00,the-arie-ring-marquise-toi-et-moi
,,,,https://tmcfinejewellers.com/products/the-arie-ring-marquise-toi-et-moi,White Gold,The Arie Ring - Marquise Toi et Moi,937.00,the-arie-ring-marquise-toi-et-moi
,,,,https://tmcfinejewellers.com/products/the-arie-ring-marquise-toi-et-moi,Rose Gold,The Arie Ring - Marquise Toi et Moi,937.00,the-arie-ring-marquise-toi-et-moi
,,,,https://tmcfinejewellers.com/products/the-aleasa-ring-split-shank-east-west-asscher-solitaire,Yellow Gold,The Aleasa Ring - Split Shank East-West Asscher Solitaire,1116.00,the-aleasa-ring-split-shank-east-west-asscher-solitaire
,,,,https://tmcfinejewellers.com/products/the-aleasa-ring-split-shank-east-west-asscher-solitaire,White Gold,The Aleasa Ring - Split Shank East-West Asscher Solitaire,1116.00,the-aleasa-ring-split-shank-east-west-asscher-solitaire
,,,,https://tmcfinejewellers.com/products/the-aleasa-ring-split-shank-east-west-asscher-solitaire,Rose Gold,The Aleasa Ring - Split Shank East-West Asscher Solitaire,1116.00,the-aleasa-ring-split-shank-east-west-asscher-solitaire
,,,,https://tmcfinejewellers.com/products/the-audrey-ring-1-9ct-moissanite-emerald-cathedral-solitaire-with-hidden-halo-1,Yellow Gold,The Audrey Ring - 1.9ct Moissanite Emerald Cathedral Solitaire,1761.00,the-audrey-ring-1-9ct-moissanite-emerald-cathedral-solitaire-with-hidden-halo-1
,,,,https://tmcfinejewellers.com/products/the-audrey-ring-1-9ct-moissanite-emerald-cathedral-solitaire-with-hidden-halo-1,White Gold,The Audrey Ring - 1.9ct Moissanite Emerald Cathedral Solitaire,1761.00,the-audrey-ring-1-9ct-moissanite-emerald-cathedral-solitaire-with-hidden-halo-1
,,,,https://tmcfinejewellers.com/products/the-audrey-ring-1-9ct-moissanite-emerald-cathedral-solitaire-with-hidden-halo-1,Rose Gold,The Audrey Ring - 1.9ct Moissanite Emerald Cathedral Solitaire,1761.00,the-audrey-ring-1-9ct-moissanite-emerald-cathedral-solitaire-with-hidden-halo-1
,,,,https://tmcfinejewellers.com/products/the-vienna-ring-1ct-moissanite-radiant-solitaire,Yellow Gold,The Vienna Ring - 1.0ct Moissanite Radiant Solitaire,1180.00,the-vienna-ring-1ct-moissanite-radiant-solitaire
,,,,https://tmcfinejewellers.com/products/the-vienna-ring-1ct-moissanite-radiant-solitaire,White Gold,The Vienna Ring - 1.0ct Moissanite Radiant Solitaire,1180.00,the-vienna-ring-1ct-moissanite-radiant-solitaire
,,,,https://tmcfinejewellers.com/products/the-vienna-ring-1ct-moissanite-radiant-solitaire,Rose Gold,The Vienna Ring - 1.0ct Moissanite Radiant Solitaire,1180.00,the-vienna-ring-1ct-moissanite-radiant-solitaire
,,,,https://tmcfinejewellers.com/products/the-eloise-ring-0-72ct-lab-grown-diamond-pear-antique-halo,Yellow Gold,The Eloise Ring - 0.72ct Lab Diamond Pear Antique Halo,1867.00,the-eloise-ring-0-72ct-lab-grown-diamond-pear-antique-halo
,,,,https://tmcfinejewellers.com/products/the-eloise-ring-0-72ct-lab-grown-diamond-pear-antique-halo,White Gold,The Eloise Ring - 0.72ct Lab Diamond Pear Antique Halo,1867.00,the-eloise-ring-0-72ct-lab-grown-diamond-pear-antique-halo
,,,,https://tmcfinejewellers.com/products/the-eloise-ring-0-72ct-lab-grown-diamond-pear-antique-halo,Rose Gold,The Eloise Ring - 0.72ct Lab Diamond Pear Antique Halo,1867.00,the-eloise-ring-0-72ct-lab-grown-diamond-pear-antique-halo
,,,,https://tmcfinejewellers.com/products/the-luise-ring®-2-53ct-lab-grown-diamond-oval-solitaire,Yellow Gold,The Luise Ring® - 2.53ct Lab Diamond Oval Solitaire,3739.00,the-luise-ring®-2-53ct-lab-grown-diamond-oval-solitaire
,,,,https://tmcfinejewellers.com/products/the-luise-ring®-2-53ct-lab-grown-diamond-oval-solitaire,White Gold,The Luise Ring® - 2.53ct Lab Diamond Oval Solitaire,3739.00,the-luise-ring®-2-53ct-lab-grown-diamond-oval-solitaire
,,,,https://tmcfinejewellers.com/products/the-luise-ring®-2-53ct-lab-grown-diamond-oval-solitaire,Rose Gold,The Luise Ring® - 2.53ct Lab Diamond Oval Solitaire,3739.00,the-luise-ring®-2-53ct-lab-grown-diamond-oval-solitaire
,,,,https://tmcfinejewellers.com/products/the-luise-ring®-1-25ct-lab-grown-diamond-oval-solitaire,Yellow Gold,The Luise Ring® - 1.25ct Lab Diamond Oval Solitaire,1735.00,the-luise-ring®-1-25ct-lab-grown-diamond-oval-solitaire
,,,,https://tmcfinejewellers.com/products/the-luise-ring®-1-25ct-lab-grown-diamond-oval-solitaire,White Gold,The Luise Ring® - 1.25ct Lab Diamond Oval Solitaire,1735.00,the-luise-ring®-1-25ct-lab-grown-diamond-oval-solitaire
,,,,https://tmcfinejewellers.com/products/the-luise-ring®-1-25ct-lab-grown-diamond-oval-solitaire,Rose Gold,The Luise Ring® - 1.25ct Lab Diamond Oval Solitaire,1735.00,the-luise-ring®-1-25ct-lab-grown-diamond-oval-solitaire
,,,,https://tmcfinejewellers.com/products/the-luise-ring®-1-50ct-lab-grown-diamond-oval-solitaire-1,Yellow Gold,The Luise Ring® - 1.50ct Lab Diamond Oval Solitaire,2518.00,the-luise-ring®-1-50ct-lab-grown-diamond-oval-solitaire-1
,,,,https://tmcfinejewellers.com/products/the-luise-ring®-1-50ct-lab-grown-diamond-oval-solitaire-1,White Gold,The Luise Ring® - 1.50ct Lab Diamond Oval Solitaire,2518.00,the-luise-ring®-1-50ct-lab-grown-diamond-oval-solitaire-1
,,,,https://tmcfinejewellers.com/products/the-luise-ring®-1-50ct-lab-grown-diamond-oval-solitaire-1,Rose Gold,The Luise Ring® - 1.50ct Lab Diamond Oval Solitaire,2518.00,the-luise-ring®-1-50ct-lab-grown-diamond-oval-solitaire-1
,,,,https://tmcfinejewellers.com/products/the-luise-ring®-1-52ct-lab-grown-diamond-oval-solitaire,Yellow Gold,The Luise Ring® - 1.52ct Lab Diamond Oval Solitaire,2322.00,the-luise-ring®-1-52ct-lab-grown-diamond-oval-solitaire
,,,,https://tmcfinejewellers.com/products/the-luise-ring®-1-52ct-lab-grown-diamond-oval-solitaire,White Gold,The Luise Ring® - 1.52ct Lab Diamond Oval Solitaire,2322.00,the-luise-ring®-1-52ct-lab-grown-diamond-oval-solitaire
,,,,https://tmcfinejewellers.com/products/the-luise-ring®-1-52ct-lab-grown-diamond-oval-solitaire,Rose Gold,The Luise Ring® - 1.52ct Lab Diamond Oval Solitaire,2322.00,the-luise-ring®-1-52ct-lab-grown-diamond-oval-solitaire
,,,,https://tmcfinejewellers.com/products/the-luise-ring®-1-52ct-lab-grown-diamond-oval-solitaire-1,Yellow Gold,The Luise Ring® - 1.52ct Lab Diamond Low Set Oval Solitaire,2243.00,the-luise-ring®-1-52ct-lab-grown-diamond-oval-solitaire-1
,,,,https://tmcfinejewellers.com/products/the-luise-ring®-1-52ct-lab-grown-diamond-oval-solitaire-1,White Gold,The Luise Ring® - 1.52ct Lab Diamond Low Set Oval Solitaire,2243.00,the-luise-ring®-1-52ct-lab-grown-diamond-oval-solitaire-1
,,,,https://tmcfinejewellers.com/products/the-luise-ring®-1-52ct-lab-grown-diamond-oval-solitaire-1,Rose Gold,The Luise Ring® - 1.52ct Lab Diamond Low Set Oval Solitaire,2243.00,the-luise-ring®-1-52ct-lab-grown-diamond-oval-solitaire-1
,,,,https://tmcfinejewellers.com/products/the-luise-ring®-0-98ct-lab-grown-diamond-oval-solitaire,Yellow Gold,The Luise Ring® - 0.98ct Lab Diamond Oval Solitaire,1656.00,the-luise-ring®-0-98ct-lab-grown-diamond-oval-solitaire
,,,,https://tmcfinejewellers.com/products/the-luise-ring®-0-98ct-lab-grown-diamond-oval-solitaire,White Gold,The Luise Ring® - 0.98ct Lab Diamond Oval Solitaire,1656.00,the-luise-ring®-0-98ct-lab-grown-diamond-oval-solitaire
,,,,https://tmcfinejewellers.com/products/the-luise-ring®-0-98ct-lab-grown-diamond-oval-solitaire,Rose Gold,The Luise Ring® - 0.98ct Lab Diamond Oval Solitaire,1656.00,the-luise-ring®-0-98ct-lab-grown-diamond-oval-solitaire
,,,,https://tmcfinejewellers.com/products/the-luise-ring®-1-19ct-lab-grown-diamond-oval-solitaire,Yellow Gold,The Luise Ring® - 1.19ct Lab Diamond Oval Solitaire,1746.00,the-luise-ring®-1-19ct-lab-grown-diamond-oval-solitaire
,,,,https://tmcfinejewellers.com/products/the-luise-ring®-1-19ct-lab-grown-diamond-oval-solitaire,White Gold,The Luise Ring® - 1.19ct Lab Diamond Oval Solitaire,1746.00,the-luise-ring®-1-19ct-lab-grown-diamond-oval-solitaire
,,,,https://tmcfinejewellers.com/products/the-luise-ring®-1-19ct-lab-grown-diamond-oval-solitaire,Rose Gold,The Luise Ring® - 1.19ct Lab Diamond Oval Solitaire,1746.00,the-luise-ring®-1-19ct-lab-grown-diamond-oval-solitaire
,,,,https://tmcfinejewellers.com/products/the-luise-ring®-1-22ct-lab-grown-diamond-oval-solitaire,Yellow Gold,The Luise Ring® - 1.22ct Lab Diamond Oval Solitaire,1904.00,the-luise-ring®-1-22ct-lab-grown-diamond-oval-solitaire
,,,,https://tmcfinejewellers.com/products/the-luise-ring®-1-22ct-lab-grown-diamond-oval-solitaire,White Gold,The Luise Ring® - 1.22ct Lab Diamond Oval Solitaire,1904.00,the-luise-ring®-1-22ct-lab-grown-diamond-oval-solitaire
,,,,https://tmcfinejewellers.com/products/the-luise-ring®-1-22ct-lab-grown-diamond-oval-solitaire,Rose Gold,The Luise Ring® - 1.22ct Lab Diamond Oval Solitaire,1904.00,the-luise-ring®-1-22ct-lab-grown-diamond-oval-solitaire
,,,,https://tmcfinejewellers.com/products/the-luise-ring®-1-59ct-lab-grown-diamond-oval-solitaire,Yellow Gold,The Luise Ring® - 1.59ct Lab Diamond Low Set Oval Solitaire,2163.00,the-luise-ring®-1-59ct-lab-grown-diamond-oval-solitaire
,,,,https://tmcfinejewellers.com/products/the-luise-ring®-1-59ct-lab-grown-diamond-oval-solitaire,White Gold,The Luise Ring® - 1.59ct Lab Diamond Low Set Oval Solitaire,2163.00,the-luise-ring®-1-59ct-lab-grown-diamond-oval-solitaire
,,,,https://tmcfinejewellers.com/products/the-luise-ring®-1-59ct-lab-grown-diamond-oval-solitaire,Rose Gold,The Luise Ring® - 1.59ct Lab Diamond Low Set Oval Solitaire,2163.00,the-luise-ring®-1-59ct-lab-grown-diamond-oval-solitaire
,,,,https://tmcfinejewellers.com/products/the-luise-ring®-1-59ct-lab-grown-diamond-oval-solitaire-1,Yellow Gold,The Luise Ring® - 1.59ct Lab Diamond Low Set Oval Solitaire,2613.00,the-luise-ring®-1-59ct-lab-grown-diamond-oval-solitaire-1
,,,,https://tmcfinejewellers.com/products/the-luise-ring®-1-59ct-lab-grown-diamond-oval-solitaire-1,White Gold,The Luise Ring® - 1.59ct Lab Diamond Low Set Oval Solitaire,2613.00,the-luise-ring®-1-59ct-lab-grown-diamond-oval-solitaire-1
,,,,https://tmcfinejewellers.com/products/the-luise-ring®-1-59ct-lab-grown-diamond-oval-solitaire-1,Rose Gold,The Luise Ring® - 1.59ct Lab Diamond Low Set Oval Solitaire,2613.00,the-luise-ring®-1-59ct-lab-grown-diamond-oval-solitaire-1
,,,,https://tmcfinejewellers.com/products/the-luise-ring®-1-59ct-lab-grown-diamond-low-set-oval-solitaire,Yellow Gold,The Luise Ring® - 1.59ct Lab Diamond Low Set Oval Solitaire,2280.00,the-luise-ring®-1-59ct-lab-grown-diamond-low-set-oval-solitaire
,,,,https://tmcfinejewellers.com/products/the-luise-ring®-1-59ct-lab-grown-diamond-low-set-oval-solitaire,White Gold,The Luise Ring® - 1.59ct Lab Diamond Low Set Oval Solitaire,2280.00,the-luise-ring®-1-59ct-lab-grown-diamond-low-set-oval-solitaire
,,,,https://tmcfinejewellers.com/products/the-luise-ring®-1-59ct-lab-grown-diamond-low-set-oval-solitaire,Rose Gold,The Luise Ring® - 1.59ct Lab Diamond Low Set Oval Solitaire,2280.00,the-luise-ring®-1-59ct-lab-grown-diamond-low-set-oval-solitaire
,,,,https://tmcfinejewellers.com/products/the-luise-ring®-1-02ct-lab-grown-diamond-oval-solitaire,Yellow Gold,The Luise Ring® - 1.02ct Lab Diamond Oval Solitaire,1682.00,the-luise-ring®-1-02ct-lab-grown-diamond-oval-solitaire
,,,,https://tmcfinejewellers.com/products/the-luise-ring®-1-02ct-lab-grown-diamond-oval-solitaire,White Gold,The Luise Ring® - 1.02ct Lab Diamond Oval Solitaire,1682.00,the-luise-ring®-1-02ct-lab-grown-diamond-oval-solitaire
,,,,https://tmcfinejewellers.com/products/the-luise-ring®-1-02ct-lab-grown-diamond-oval-solitaire,Rose Gold,The Luise Ring® - 1.02ct Lab Diamond Oval Solitaire,1682.00,the-luise-ring®-1-02ct-lab-grown-diamond-oval-solitaire
,,,,https://tmcfinejewellers.com/products/the-luise-ring®-1-06ct-lab-grown-diamond-oval-solitaire,Yellow Gold,The Luise Ring® - 1.06ct Lab Diamond Oval Solitaire,1714.00,the-luise-ring®-1-06ct-lab-grown-diamond-oval-solitaire
,,,,https://tmcfinejewellers.com/products/the-luise-ring®-1-06ct-lab-grown-diamond-oval-solitaire,White Gold,The Luise Ring® - 1.06ct Lab Diamond Oval Solitaire,1714.00,the-luise-ring®-1-06ct-lab-grown-diamond-oval-solitaire
,,,,https://tmcfinejewellers.com/products/the-luise-ring®-1-06ct-lab-grown-diamond-oval-solitaire,Rose Gold,The Luise Ring® - 1.06ct Lab Diamond Oval Solitaire,1714.00,the-luise-ring®-1-06ct-lab-grown-diamond-oval-solitaire
,,,,https://tmcfinejewellers.com/products/the-luise-ring®-1-00ct-lab-grown-diamond-oval-solitaire-3,Yellow Gold,The Luise Ring® - 1.00ct Lab Diamond Oval Solitaire,1672.00,the-luise-ring®-1-00ct-lab-grown-diamond-oval-solitaire-3
,,,,https://tmcfinejewellers.com/products/the-luise-ring®-1-00ct-lab-grown-diamond-oval-solitaire-3,White Gold,The Luise Ring® - 1.00ct Lab Diamond Oval Solitaire,1672.00,the-luise-ring®-1-00ct-lab-grown-diamond-oval-solitaire-3
,,,,https://tmcfinejewellers.com/products/the-luise-ring®-1-00ct-lab-grown-diamond-oval-solitaire-3,Rose Gold,The Luise Ring® - 1.00ct Lab Diamond Oval Solitaire,1672.00,the-luise-ring®-1-00ct-lab-grown-diamond-oval-solitaire-3
,,,,https://tmcfinejewellers.com/products/the-luise-ring®-1-59ct-lab-grown-diamond-oval-solitaire-2,Yellow Gold,The Luise Ring® - 1.59ct Lab Diamond Low Set Oval Solitaire,2412.00,the-luise-ring®-1-59ct-lab-grown-diamond-oval-solitaire-2
,,,,https://tmcfinejewellers.com/products/the-luise-ring®-1-59ct-lab-grown-diamond-oval-solitaire-2,White Gold,The Luise Ring® - 1.59ct Lab Diamond Low Set Oval Solitaire,2412.00,the-luise-ring®-1-59ct-lab-grown-diamond-oval-solitaire-2
,,,,https://tmcfinejewellers.com/products/the-luise-ring®-1-59ct-lab-grown-diamond-oval-solitaire-2,Rose Gold,The Luise Ring® - 1.59ct Lab Diamond Low Set Oval Solitaire,2412.00,the-luise-ring®-1-59ct-lab-grown-diamond-oval-solitaire-2
,,,,https://tmcfinejewellers.com/products/the-luise-ring®-1-51ct-lab-grown-diamond-low-set-oval-solitaire,Yellow Gold,The Luise Ring® - 1.51ct Lab Diamond Low Set Oval Solitaire,2163.00,the-luise-ring®-1-51ct-lab-grown-diamond-low-set-oval-solitaire
,,,,https://tmcfinejewellers.com/products/the-luise-ring®-1-51ct-lab-grown-diamond-low-set-oval-solitaire,White Gold,The Luise Ring® - 1.51ct Lab Diamond Low Set Oval Solitaire,2163.00,the-luise-ring®-1-51ct-lab-grown-diamond-low-set-oval-solitaire
,,,,https://tmcfinejewellers.com/products/the-luise-ring®-1-51ct-lab-grown-diamond-low-set-oval-solitaire,Rose Gold,The Luise Ring® - 1.51ct Lab Diamond Low Set Oval Solitaire,2163.00,the-luise-ring®-1-51ct-lab-grown-diamond-low-set-oval-solitaire
,,,,https://tmcfinejewellers.com/products/the-luise-ring®-1-50ct-lab-grown-diamond-oval-solitaire-4,Yellow Gold,The Luise Ring® - 1.50ct Lab Grown Diamond Oval Solitaire,2348.00,the-luise-ring®-1-50ct-lab-grown-diamond-oval-solitaire-4
,,,,https://tmcfinejewellers.com/products/the-luise-ring®-1-50ct-lab-grown-diamond-oval-solitaire-4,White Gold,The Luise Ring® - 1.50ct Lab Grown Diamond Oval Solitaire,2348.00,the-luise-ring®-1-50ct-lab-grown-diamond-oval-solitaire-4
,,,,https://tmcfinejewellers.com/products/the-luise-ring®-1-50ct-lab-grown-diamond-oval-solitaire-4,Rose Gold,The Luise Ring® - 1.50ct Lab Grown Diamond Oval Solitaire,2348.00,the-luise-ring®-1-50ct-lab-grown-diamond-oval-solitaire-4
,,,,https://tmcfinejewellers.com/products/the-arie-ring-1-55ct-marquise-lab-diamond-solitaire,Yellow Gold,The Arie Ring - 1.55ct Marquise Lab Diamond Solitaire,2512.00,the-arie-ring-1-55ct-marquise-lab-diamond-solitaire
,,,,https://tmcfinejewellers.com/products/the-arie-ring-1-55ct-marquise-lab-diamond-solitaire,White Gold,The Arie Ring - 1.55ct Marquise Lab Diamond Solitaire,2512.00,the-arie-ring-1-55ct-marquise-lab-diamond-solitaire
,,,,https://tmcfinejewellers.com/products/the-arie-ring-1-55ct-marquise-lab-diamond-solitaire,Rose Gold,The Arie Ring - 1.55ct Marquise Lab Diamond Solitaire,2512.00,the-arie-ring-1-55ct-marquise-lab-diamond-solitaire
,,,,https://tmcfinejewellers.com/products/the-arie-ring-1-58ct-marquise-lab-diamond-solitaire,Yellow Gold,The Arie Ring - 1.58ct Lab Diamond Marquise Solitaire,2142.00,the-arie-ring-1-58ct-marquise-lab-diamond-solitaire
,,,,https://tmcfinejewellers.com/products/the-arie-ring-1-58ct-marquise-lab-diamond-solitaire,White Gold,The Arie Ring - 1.58ct Lab Diamond Marquise Solitaire,2142.00,the-arie-ring-1-58ct-marquise-lab-diamond-solitaire
,,,,https://tmcfinejewellers.com/products/the-arie-ring-1-58ct-marquise-lab-diamond-solitaire,Rose Gold,The Arie Ring - 1.58ct Lab Diamond Marquise Solitaire,2142.00,the-arie-ring-1-58ct-marquise-lab-diamond-solitaire
,,,,https://tmcfinejewellers.com/products/the-arie-ring-1-58ct-marquise-lab-diamond-solitaire-1,Yellow Gold,The Arie Ring - 1.58ct Lab Diamond Marquise Solitaire,2211.00,the-arie-ring-1-58ct-marquise-lab-diamond-solitaire-1
,,,,https://tmcfinejewellers.com/products/the-arie-ring-1-58ct-marquise-lab-diamond-solitaire-1,White Gold,The Arie Ring - 1.58ct Lab Diamond Marquise Solitaire,2211.00,the-arie-ring-1-58ct-marquise-lab-diamond-solitaire-1
,,,,https://tmcfinejewellers.com/products/the-arie-ring-1-58ct-marquise-lab-diamond-solitaire-1,Rose Gold,The Arie Ring - 1.58ct Lab Diamond Marquise Solitaire,2211.00,the-arie-ring-1-58ct-marquise-lab-diamond-solitaire-1
,,,,https://tmcfinejewellers.com/products/the-cara-ring-moval-solitaire,Yellow Gold,The Cara Ring - Moval Solitaire,831.00,the-cara-ring-moval-solitaire
,,,,https://tmcfinejewellers.com/products/the-cara-ring-moval-solitaire,White Gold,The Cara Ring - Moval Solitaire,831.00,the-cara-ring-moval-solitaire
,,,,https://tmcfinejewellers.com/products/the-cara-ring-moval-solitaire,Rose Gold,The Cara Ring - Moval Solitaire,831.00,the-cara-ring-moval-solitaire
,,,,https://tmcfinejewellers.com/products/the-cara-ring-moval-cathedral-solitaire,Yellow Gold,The Cara Ring - Moval Cathedral Solitaire,937.00,the-cara-ring-moval-cathedral-solitaire
,,,,https://tmcfinejewellers.com/products/the-cara-ring-moval-cathedral-solitaire,White Gold,The Cara Ring - Moval Cathedral Solitaire,937.00,the-cara-ring-moval-cathedral-solitaire
,,,,https://tmcfinejewellers.com/products/the-cara-ring-moval-cathedral-solitaire,Rose Gold,The Cara Ring - Moval Cathedral Solitaire,937.00,the-cara-ring-moval-cathedral-solitaire
,,,,https://tmcfinejewellers.com/products/the-cara-ring-moval-bezel-solitaire,Yellow Gold,The Cara Ring - Moval Bezel Solitaire,857.00,the-cara-ring-moval-bezel-solitaire
,,,,https://tmcfinejewellers.com/products/the-cara-ring-moval-bezel-solitaire,White Gold,The Cara Ring - Moval Bezel Solitaire,857.00,the-cara-ring-moval-bezel-solitaire
,,,,https://tmcfinejewellers.com/products/the-cara-ring-moval-bezel-solitaire,Rose Gold,The Cara Ring - Moval Bezel Solitaire,857.00,the-cara-ring-moval-bezel-solitaire
,,,,https://tmcfinejewellers.com/products/the-arie-ring-2-8ct-moissanite-marquise-solitaire,Yellow Gold,The Arie Ring - 2.8ct Moissanite Marquise Cathedral Solitaire,2407.00,the-arie-ring-2-8ct-moissanite-marquise-solitaire
,,,,https://tmcfinejewellers.com/products/the-arie-ring-2-8ct-moissanite-marquise-solitaire,White Gold,The Arie Ring - 2.8ct Moissanite Marquise Cathedral Solitaire,2407.00,the-arie-ring-2-8ct-moissanite-marquise-solitaire
,,,,https://tmcfinejewellers.com/products/the-arie-ring-2-8ct-moissanite-marquise-solitaire,Rose Gold,The Arie Ring - 2.8ct Moissanite Marquise Cathedral Solitaire,2407.00,the-arie-ring-2-8ct-moissanite-marquise-solitaire
,,,,https://tmcfinejewellers.com/products/the-avery-ring-1-08ct-lab-diamond-oval-solitaire-with-marquise-band,Yellow Gold,The Avery Ring - 1.08ct Lab Diamond Oval Solitaire with Marquise and Round Band,2259.00,the-avery-ring-1-08ct-lab-diamond-oval-solitaire-with-marquise-band
,,,,https://tmcfinejewellers.com/products/the-avery-ring-1-08ct-lab-diamond-oval-solitaire-with-marquise-band,White Gold,The Avery Ring - 1.08ct Lab Diamond Oval Solitaire with Marquise and Round Band,2259.00,the-avery-ring-1-08ct-lab-diamond-oval-solitaire-with-marquise-band
,,,,https://tmcfinejewellers.com/products/the-avery-ring-1-08ct-lab-diamond-oval-solitaire-with-marquise-band,Rose Gold,The Avery Ring - 1.08ct Lab Diamond Oval Solitaire with Marquise and Round Band,2259.00,the-avery-ring-1-08ct-lab-diamond-oval-solitaire-with-marquise-band
,,,,https://tmcfinejewellers.com/products/the-ophelia-ring-3-04ct-lab-grown-diamond-elongated-cushion-solitaire,Yellow Gold,The Ophelia Ring - 3.04ct Lab Grown Diamond Elongated Cushion Solitaire,3866.00,the-ophelia-ring-3-04ct-lab-grown-diamond-elongated-cushion-solitaire
,,,,https://tmcfinejewellers.com/products/the-ophelia-ring-3-04ct-lab-grown-diamond-elongated-cushion-solitaire,White Gold,The Ophelia Ring - 3.04ct Lab Grown Diamond Elongated Cushion Solitaire,3866.00,the-ophelia-ring-3-04ct-lab-grown-diamond-elongated-cushion-solitaire
,,,,https://tmcfinejewellers.com/products/the-ophelia-ring-3-04ct-lab-grown-diamond-elongated-cushion-solitaire,Rose Gold,The Ophelia Ring - 3.04ct Lab Grown Diamond Elongated Cushion Solitaire,3866.00,the-ophelia-ring-3-04ct-lab-grown-diamond-elongated-cushion-solitaire
,,,,https://tmcfinejewellers.com/products/the-amira-ring-2-1ct-moissanite-oval-with-marquise-accents-20,Yellow Gold,The Amira Ring - 2.1ct Moissanite Oval with Marquise Accents,1888.00,the-amira-ring-2-1ct-moissanite-oval-with-marquise-accents-20
,,,,https://tmcfinejewellers.com/products/the-amira-ring-2-1ct-moissanite-oval-with-marquise-accents-20,White Gold,The Amira Ring - 2.1ct Moissanite Oval with Marquise Accents,1888.00,the-amira-ring-2-1ct-moissanite-oval-with-marquise-accents-20
,,,,https://tmcfinejewellers.com/products/the-amira-ring-2-1ct-moissanite-oval-with-marquise-accents-20,Rose Gold,The Amira Ring - 2.1ct Moissanite Oval with Marquise Accents,1888.00,the-amira-ring-2-1ct-moissanite-oval-with-marquise-accents-20
,,,,https://tmcfinejewellers.com/products/the-amira-ring-2-1ct-moissanite-oval-with-marquise-accents-21,Yellow Gold,The Amira Ring - 2.1ct Moissanite Oval with Marquise Accents,2021.00,the-amira-ring-2-1ct-moissanite-oval-with-marquise-accents-21
,,,,https://tmcfinejewellers.com/products/the-amira-ring-2-1ct-moissanite-oval-with-marquise-accents-21,White Gold,The Amira Ring - 2.1ct Moissanite Oval with Marquise Accents,2021.00,the-amira-ring-2-1ct-moissanite-oval-with-marquise-accents-21
,,,,https://tmcfinejewellers.com/products/the-amira-ring-2-1ct-moissanite-oval-with-marquise-accents-21,Rose Gold,The Amira Ring - 2.1ct Moissanite Oval with Marquise Accents,2021.00,the-amira-ring-2-1ct-moissanite-oval-with-marquise-accents-21
,,,,https://tmcfinejewellers.com/products/the-amira-ring-2-1ct-moissanite-oval-with-marquise-accents-22,Yellow Gold,The Amira Ring - 2.1ct Moissanite Oval with Marquise Accents,1888.00,the-amira-ring-2-1ct-moissanite-oval-with-marquise-accents-22
,,,,https://tmcfinejewellers.com/products/the-amira-ring-2-1ct-moissanite-oval-with-marquise-accents-22,White Gold,The Amira Ring - 2.1ct Moissanite Oval with Marquise Accents,1888.00,the-amira-ring-2-1ct-moissanite-oval-with-marquise-accents-22
,,,,https://tmcfinejewellers.com/products/the-amira-ring-2-1ct-moissanite-oval-with-marquise-accents-22,Rose Gold,The Amira Ring - 2.1ct Moissanite Oval with Marquise Accents,1888.00,the-amira-ring-2-1ct-moissanite-oval-with-marquise-accents-22
,,,,https://tmcfinejewellers.com/products/the-amira-ring-2-1ct-moissanite-oval-with-marquise-accents-23,Yellow Gold,The Amira Ring - 2.1ct Moissanite Oval with Marquise Accents,1888.00,the-amira-ring-2-1ct-moissanite-oval-with-marquise-accents-23
,,,,https://tmcfinejewellers.com/products/the-amira-ring-2-1ct-moissanite-oval-with-marquise-accents-23,White Gold,The Amira Ring - 2.1ct Moissanite Oval with Marquise Accents,1888.00,the-amira-ring-2-1ct-moissanite-oval-with-marquise-accents-23
,,,,https://tmcfinejewellers.com/products/the-amira-ring-2-1ct-moissanite-oval-with-marquise-accents-23,Rose Gold,The Amira Ring - 2.1ct Moissanite Oval with Marquise Accents,1888.00,the-amira-ring-2-1ct-moissanite-oval-with-marquise-accents-23
,,,,https://tmcfinejewellers.com/products/the-amira-ring-1-0ct-moissanite-oval-with-marquise-accents-9,Yellow Gold,The Amira Ring - 1.0ct Moissanite Oval with Marquise Accents,1344.00,the-amira-ring-1-0ct-moissanite-oval-with-marquise-accents-9
,,,,https://tmcfinejewellers.com/products/the-amira-ring-1-0ct-moissanite-oval-with-marquise-accents-9,White Gold,The Amira Ring - 1.0ct Moissanite Oval with Marquise Accents,1344.00,the-amira-ring-1-0ct-moissanite-oval-with-marquise-accents-9
,,,,https://tmcfinejewellers.com/products/the-amira-ring-1-0ct-moissanite-oval-with-marquise-accents-9,Rose Gold,The Amira Ring - 1.0ct Moissanite Oval with Marquise Accents,1344.00,the-amira-ring-1-0ct-moissanite-oval-with-marquise-accents-9
,,,,https://tmcfinejewellers.com/products/the-amira-ring-1-5ct-moissanite-oval-with-marquise-accents-15,Yellow Gold,The Amira Ring - 1.5ct Moissanite Oval with Marquise Accents,1862.00,the-amira-ring-1-5ct-moissanite-oval-with-marquise-accents-15
,,,,https://tmcfinejewellers.com/products/the-amira-ring-1-5ct-moissanite-oval-with-marquise-accents-15,White Gold,The Amira Ring - 1.5ct Moissanite Oval with Marquise Accents,1862.00,the-amira-ring-1-5ct-moissanite-oval-with-marquise-accents-15
,,,,https://tmcfinejewellers.com/products/the-amira-ring-1-5ct-moissanite-oval-with-marquise-accents-15,Rose Gold,The Amira Ring - 1.5ct Moissanite Oval with Marquise Accents,1862.00,the-amira-ring-1-5ct-moissanite-oval-with-marquise-accents-15
,,,,https://tmcfinejewellers.com/products/the-amira-ring-1-5ct-moissanite-oval-with-marquise-accents-16,Yellow Gold,The Amira Ring - 1.5ct Moissanite Oval with Marquise Accents,1703.00,the-amira-ring-1-5ct-moissanite-oval-with-marquise-accents-16
,,,,https://tmcfinejewellers.com/products/the-amira-ring-1-5ct-moissanite-oval-with-marquise-accents-16,White Gold,The Amira Ring - 1.5ct Moissanite Oval with Marquise Accents,1703.00,the-amira-ring-1-5ct-moissanite-oval-with-marquise-accents-16
,,,,https://tmcfinejewellers.com/products/the-amira-ring-1-5ct-moissanite-oval-with-marquise-accents-16,Rose Gold,The Amira Ring - 1.5ct Moissanite Oval with Marquise Accents,1703.00,the-amira-ring-1-5ct-moissanite-oval-with-marquise-accents-16
,,,,https://tmcfinejewellers.com/products/the-amira-ring-1-5ct-moissanite-oval-with-marquise-accents-17,Yellow Gold,The Amira Ring - 1.5ct Moissanite Oval with Marquise Accents,1703.00,the-amira-ring-1-5ct-moissanite-oval-with-marquise-accents-17
,,,,https://tmcfinejewellers.com/products/the-amira-ring-1-5ct-moissanite-oval-with-marquise-accents-17,White Gold,The Amira Ring - 1.5ct Moissanite Oval with Marquise Accents,1703.00,the-amira-ring-1-5ct-moissanite-oval-with-marquise-accents-17
,,,,https://tmcfinejewellers.com/products/the-amira-ring-1-5ct-moissanite-oval-with-marquise-accents-17,Rose Gold,The Amira Ring - 1.5ct Moissanite Oval with Marquise Accents,1703.00,the-amira-ring-1-5ct-moissanite-oval-with-marquise-accents-17
,,,,https://tmcfinejewellers.com/products/the-amira-ring-1-5ct-moissanite-oval-with-marquise-accents-18,Yellow Gold,The Amira Ring - 1.5ct Moissanite Oval with Marquise Accents,1703.00,the-amira-ring-1-5ct-moissanite-oval-with-marquise-accents-18
,,,,https://tmcfinejewellers.com/products/the-amira-ring-1-5ct-moissanite-oval-with-marquise-accents-18,White Gold,The Amira Ring - 1.5ct Moissanite Oval with Marquise Accents,1703.00,the-amira-ring-1-5ct-moissanite-oval-with-marquise-accents-18
,,,,https://tmcfinejewellers.com/products/the-amira-ring-1-5ct-moissanite-oval-with-marquise-accents-18,Rose Gold,The Amira Ring - 1.5ct Moissanite Oval with Marquise Accents,1703.00,the-amira-ring-1-5ct-moissanite-oval-with-marquise-accents-18
,,,,https://tmcfinejewellers.com/products/the-vienna-ring-2-8ct-moissanite-radiant-solitaire-6,Yellow Gold,The Vienna Ring - 2.8ct Moissanite Radiant Solitaire,1973.00,the-vienna-ring-2-8ct-moissanite-radiant-solitaire-6
,,,,https://tmcfinejewellers.com/products/the-vienna-ring-2-8ct-moissanite-radiant-solitaire-6,White Gold,The Vienna Ring - 2.8ct Moissanite Radiant Solitaire,1973.00,the-vienna-ring-2-8ct-moissanite-radiant-solitaire-6
,,,,https://tmcfinejewellers.com/products/the-vienna-ring-2-8ct-moissanite-radiant-solitaire-6,Rose Gold,The Vienna Ring - 2.8ct Moissanite Radiant Solitaire,1973.00,the-vienna-ring-2-8ct-moissanite-radiant-solitaire-6
,,,,https://tmcfinejewellers.com/products/the-vienna-ring-2-8ct-moissanite-radiant-solitaire-7,Yellow Gold,The Vienna Ring - 2.8ct Moissanite Radiant Solitaire,1973.00,the-vienna-ring-2-8ct-moissanite-radiant-solitaire-7
,,,,https://tmcfinejewellers.com/products/the-vienna-ring-2-8ct-moissanite-radiant-solitaire-7,White Gold,The Vienna Ring - 2.8ct Moissanite Radiant Solitaire,1973.00,the-vienna-ring-2-8ct-moissanite-radiant-solitaire-7
,,,,https://tmcfinejewellers.com/products/the-vienna-ring-2-8ct-moissanite-radiant-solitaire-7,Rose Gold,The Vienna Ring - 2.8ct Moissanite Radiant Solitaire,1973.00,the-vienna-ring-2-8ct-moissanite-radiant-solitaire-7
,,,,https://tmcfinejewellers.com/products/the-luise-ring®-1-52ct-lab-diamond-low-set-oval-solitaire,Yellow Gold,The Luise Ring® - 1.52ct Lab Diamond Low Set Oval Solitaire,2200.00,the-luise-ring®-1-52ct-lab-diamond-low-set-oval-solitaire
,,,,https://tmcfinejewellers.com/products/the-luise-ring®-1-52ct-lab-diamond-low-set-oval-solitaire,White Gold,The Luise Ring® - 1.52ct Lab Diamond Low Set Oval Solitaire,2200.00,the-luise-ring®-1-52ct-lab-diamond-low-set-oval-solitaire
,,,,https://tmcfinejewellers.com/products/the-luise-ring®-1-52ct-lab-diamond-low-set-oval-solitaire,Rose Gold,The Luise Ring® - 1.52ct Lab Diamond Low Set Oval Solitaire,2200.00,the-luise-ring®-1-52ct-lab-diamond-low-set-oval-solitaire
,,,,https://tmcfinejewellers.com/products/the-audrey-ring-3-00ct-lab-diamond-emerald-solitaire,Yellow Gold,The Audrey Ring - 3.00ct Lab Diamond Emerald Solitaire,3094.00,the-audrey-ring-3-00ct-lab-diamond-emerald-solitaire
,,,,https://tmcfinejewellers.com/products/the-audrey-ring-3-00ct-lab-diamond-emerald-solitaire,White Gold,The Audrey Ring - 3.00ct Lab Diamond Emerald Solitaire,3094.00,the-audrey-ring-3-00ct-lab-diamond-emerald-solitaire
,,,,https://tmcfinejewellers.com/products/the-audrey-ring-3-00ct-lab-diamond-emerald-solitaire,Rose Gold,The Audrey Ring - 3.00ct Lab Diamond Emerald Solitaire,3094.00,the-audrey-ring-3-00ct-lab-diamond-emerald-solitaire
,,,,https://tmcfinejewellers.com/products/the-avery-ring-1-54ct-lab-diamond-oval-solitaire-with-marquise-and-round-band,Yellow Gold,The Avery Ring - 1.54ct Lab Diamond Oval Solitaire with Marquise and Round Band,2655.00,the-avery-ring-1-54ct-lab-diamond-oval-solitaire-with-marquise-and-round-band
,,,,https://tmcfinejewellers.com/products/the-avery-ring-1-54ct-lab-diamond-oval-solitaire-with-marquise-and-round-band,White Gold,The Avery Ring - 1.54ct Lab Diamond Oval Solitaire with Marquise and Round Band,2655.00,the-avery-ring-1-54ct-lab-diamond-oval-solitaire-with-marquise-and-round-band
,,,,https://tmcfinejewellers.com/products/the-avery-ring-1-54ct-lab-diamond-oval-solitaire-with-marquise-and-round-band,Rose Gold,The Avery Ring - 1.54ct Lab Diamond Oval Solitaire with Marquise and Round Band,2655.00,the-avery-ring-1-54ct-lab-diamond-oval-solitaire-with-marquise-and-round-band
,,,,https://tmcfinejewellers.com/products/the-ophelia-ring-3-02ct-lab-grown-diamond-elongated-cushion-solitaire,Yellow Gold,The Ophelia Ring - 3.02ct Lab Grown Diamond Elongated Cushion Solitaire,2999.00,the-ophelia-ring-3-02ct-lab-grown-diamond-elongated-cushion-solitaire
,,,,https://tmcfinejewellers.com/products/the-ophelia-ring-3-02ct-lab-grown-diamond-elongated-cushion-solitaire,White Gold,The Ophelia Ring - 3.02ct Lab Grown Diamond Elongated Cushion Solitaire,2999.00,the-ophelia-ring-3-02ct-lab-grown-diamond-elongated-cushion-solitaire
,,,,https://tmcfinejewellers.com/products/the-ophelia-ring-3-02ct-lab-grown-diamond-elongated-cushion-solitaire,Rose Gold,The Ophelia Ring - 3.02ct Lab Grown Diamond Elongated Cushion Solitaire,2999.00,the-ophelia-ring-3-02ct-lab-grown-diamond-elongated-cushion-solitaire
,,,,https://tmcfinejewellers.com/products/the-emilia-ring-oval-and-pear-trilogy,Yellow Gold,The Emilia Ring - Oval and Pear Basket Trilogy,1227.00,the-emilia-ring-oval-and-pear-trilogy
,,,,https://tmcfinejewellers.com/products/the-emilia-ring-oval-and-pear-trilogy,White Gold,The Emilia Ring - Oval and Pear Basket Trilogy,1227.00,the-emilia-ring-oval-and-pear-trilogy
,,,,https://tmcfinejewellers.com/products/the-emilia-ring-oval-and-pear-trilogy,Rose Gold,The Emilia Ring - Oval and Pear Basket Trilogy,1227.00,the-emilia-ring-oval-and-pear-trilogy
,,,,https://tmcfinejewellers.com/products/the-emilia-ring-pear-trilogy,Yellow Gold,The Emilia Ring - Pear Basket Trilogy,1016.00,the-emilia-ring-pear-trilogy
,,,,https://tmcfinejewellers.com/products/the-emilia-ring-pear-trilogy,White Gold,The Emilia Ring - Pear Basket Trilogy,1016.00,the-emilia-ring-pear-trilogy
,,,,https://tmcfinejewellers.com/products/the-emilia-ring-pear-trilogy,Rose Gold,The Emilia Ring - Pear Basket Trilogy,1016.00,the-emilia-ring-pear-trilogy
,,,,https://tmcfinejewellers.com/products/the-emilia-ring-elongated-cushion-pear-trilogy,Yellow Gold,The Emilia Ring - Elongated Cushion and Pear Basket Trilogy,1016.00,the-emilia-ring-elongated-cushion-pear-trilogy
,,,,https://tmcfinejewellers.com/products/the-emilia-ring-elongated-cushion-pear-trilogy,White Gold,The Emilia Ring - Elongated Cushion and Pear Basket Trilogy,1016.00,the-emilia-ring-elongated-cushion-pear-trilogy
,,,,https://tmcfinejewellers.com/products/the-emilia-ring-elongated-cushion-pear-trilogy,Rose Gold,The Emilia Ring - Elongated Cushion and Pear Basket Trilogy,1016.00,the-emilia-ring-elongated-cushion-pear-trilogy
,,,,https://tmcfinejewellers.com/products/the-emilia-ring-radiant-and-pear-trilogy,Yellow Gold,The Emilia Ring - Radiant and Pear Basket Trilogy,1227.00,the-emilia-ring-radiant-and-pear-trilogy
,,,,https://tmcfinejewellers.com/products/the-emilia-ring-radiant-and-pear-trilogy,White Gold,The Emilia Ring - Radiant and Pear Basket Trilogy,1227.00,the-emilia-ring-radiant-and-pear-trilogy
,,,,https://tmcfinejewellers.com/products/the-emilia-ring-radiant-and-pear-trilogy,Rose Gold,The Emilia Ring - Radiant and Pear Basket Trilogy,1227.00,the-emilia-ring-radiant-and-pear-trilogy
,,,,https://tmcfinejewellers.com/products/the-emilia-ring-round-and-pear-trilogy,Yellow Gold,The Emilia Ring - Round and Pear Basket Trilogy,1227.00,the-emilia-ring-round-and-pear-trilogy
,,,,https://tmcfinejewellers.com/products/the-emilia-ring-round-and-pear-trilogy,White Gold,The Emilia Ring - Round and Pear Basket Trilogy,1227.00,the-emilia-ring-round-and-pear-trilogy
,,,,https://tmcfinejewellers.com/products/the-emilia-ring-round-and-pear-trilogy,Rose Gold,The Emilia Ring - Round and Pear Basket Trilogy,1227.00,the-emilia-ring-round-and-pear-trilogy
,,,,https://tmcfinejewellers.com/products/the-emilia-ring-marquise-pear-trilogy,Yellow Gold,The Emilia Ring - Marquise and Pear Basket Trilogy,1016.00,the-emilia-ring-marquise-pear-trilogy
,,,,https://tmcfinejewellers.com/products/the-emilia-ring-marquise-pear-trilogy,White Gold,The Emilia Ring - Marquise and Pear Basket Trilogy,1016.00,the-emilia-ring-marquise-pear-trilogy
,,,,https://tmcfinejewellers.com/products/the-emilia-ring-marquise-pear-trilogy,Rose Gold,The Emilia Ring - Marquise and Pear Basket Trilogy,1016.00,the-emilia-ring-marquise-pear-trilogy
,,,,https://tmcfinejewellers.com/products/the-emilia-ring-emerald-and-pear-trilogy,Yellow Gold,The Emilia Ring - Emerald and Pear Basket Trilogy,1227.00,the-emilia-ring-emerald-and-pear-trilogy
,,,,https://tmcfinejewellers.com/products/the-emilia-ring-emerald-and-pear-trilogy,White Gold,The Emilia Ring - Emerald and Pear Basket Trilogy,1227.00,the-emilia-ring-emerald-and-pear-trilogy
,,,,https://tmcfinejewellers.com/products/the-emilia-ring-emerald-and-pear-trilogy,Rose Gold,The Emilia Ring - Emerald and Pear Basket Trilogy,1227.00,the-emilia-ring-emerald-and-pear-trilogy
,,,,https://tmcfinejewellers.com/products/the-amira-ring-2-1ct-moissanite-oval-with-marquise-accents-24,Yellow Gold,The Amira Ring - 2.1ct Moissanite Oval with Marquise Accents,1888.00,the-amira-ring-2-1ct-moissanite-oval-with-marquise-accents-24
,,,,https://tmcfinejewellers.com/products/the-amira-ring-2-1ct-moissanite-oval-with-marquise-accents-24,White Gold,The Amira Ring - 2.1ct Moissanite Oval with Marquise Accents,1888.00,the-amira-ring-2-1ct-moissanite-oval-with-marquise-accents-24
,,,,https://tmcfinejewellers.com/products/the-amira-ring-2-1ct-moissanite-oval-with-marquise-accents-24,Rose Gold,The Amira Ring - 2.1ct Moissanite Oval with Marquise Accents,1888.00,the-amira-ring-2-1ct-moissanite-oval-with-marquise-accents-24
,,,,https://tmcfinejewellers.com/products/the-amira-ring-2-1ct-moissanite-oval-with-marquise-accents-25,Yellow Gold,The Amira Ring - 2.1ct Moissanite Oval with Marquise Accents,1888.00,the-amira-ring-2-1ct-moissanite-oval-with-marquise-accents-25
,,,,https://tmcfinejewellers.com/products/the-amira-ring-2-1ct-moissanite-oval-with-marquise-accents-25,White Gold,The Amira Ring - 2.1ct Moissanite Oval with Marquise Accents,1888.00,the-amira-ring-2-1ct-moissanite-oval-with-marquise-accents-25
,,,,https://tmcfinejewellers.com/products/the-amira-ring-2-1ct-moissanite-oval-with-marquise-accents-25,Rose Gold,The Amira Ring - 2.1ct Moissanite Oval with Marquise Accents,1888.00,the-amira-ring-2-1ct-moissanite-oval-with-marquise-accents-25
,,,,https://tmcfinejewellers.com/products/the-amira-ring-2-1ct-moissanite-oval-with-marquise-accents-26,Yellow Gold,The Amira Ring - 2.1ct Moissanite Oval with Marquise Accents,1888.00,the-amira-ring-2-1ct-moissanite-oval-with-marquise-accents-26
,,,,https://tmcfinejewellers.com/products/the-amira-ring-2-1ct-moissanite-oval-with-marquise-accents-26,White Gold,The Amira Ring - 2.1ct Moissanite Oval with Marquise Accents,1888.00,the-amira-ring-2-1ct-moissanite-oval-with-marquise-accents-26
,,,,https://tmcfinejewellers.com/products/the-amira-ring-2-1ct-moissanite-oval-with-marquise-accents-26,Rose Gold,The Amira Ring - 2.1ct Moissanite Oval with Marquise Accents,1888.00,the-amira-ring-2-1ct-moissanite-oval-with-marquise-accents-26
,,,,https://tmcfinejewellers.com/products/the-luise-ring®-1-53ct-lab-diamond-oval-solitaire,Yellow Gold,The Luise Ring® - 1.53ct Lab Diamond Oval Solitaire,2211.00,the-luise-ring®-1-53ct-lab-diamond-oval-solitaire
,,,,https://tmcfinejewellers.com/products/the-luise-ring®-1-53ct-lab-diamond-oval-solitaire,White Gold,The Luise Ring® - 1.53ct Lab Diamond Oval Solitaire,2211.00,the-luise-ring®-1-53ct-lab-diamond-oval-solitaire
,,,,https://tmcfinejewellers.com/products/the-luise-ring®-1-53ct-lab-diamond-oval-solitaire,Rose Gold,The Luise Ring® - 1.53ct Lab Diamond Oval Solitaire,2211.00,the-luise-ring®-1-53ct-lab-diamond-oval-solitaire
,,,,https://tmcfinejewellers.com/products/the-vienna-ring-3-76ct-lab-diamond-radiant-solitaire,Yellow Gold,The Vienna Ring - 3.76ct Lab Diamond Radiant Solitaire,4554.00,the-vienna-ring-3-76ct-lab-diamond-radiant-solitaire
,,,,https://tmcfinejewellers.com/products/the-vienna-ring-3-76ct-lab-diamond-radiant-solitaire,White Gold,The Vienna Ring - 3.76ct Lab Diamond Radiant Solitaire,4554.00,the-vienna-ring-3-76ct-lab-diamond-radiant-solitaire
,,,,https://tmcfinejewellers.com/products/the-vienna-ring-3-76ct-lab-diamond-radiant-solitaire,Rose Gold,The Vienna Ring - 3.76ct Lab Diamond Radiant Solitaire,4554.00,the-vienna-ring-3-76ct-lab-diamond-radiant-solitaire
,,,,https://tmcfinejewellers.com/products/the-blaire-ring-1-51ct-lab-diamond-oval-round-trilogy,Yellow Gold,The Blaire Ring - 1.51ct Lab Diamond Oval & Round Trilogy,2375.00,the-blaire-ring-1-51ct-lab-diamond-oval-round-trilogy
,,,,https://tmcfinejewellers.com/products/the-blaire-ring-1-51ct-lab-diamond-oval-round-trilogy,White Gold,The Blaire Ring - 1.51ct Lab Diamond Oval & Round Trilogy,2375.00,the-blaire-ring-1-51ct-lab-diamond-oval-round-trilogy
,,,,https://tmcfinejewellers.com/products/the-blaire-ring-1-51ct-lab-diamond-oval-round-trilogy,Rose Gold,The Blaire Ring - 1.51ct Lab Diamond Oval & Round Trilogy,2375.00,the-blaire-ring-1-51ct-lab-diamond-oval-round-trilogy
,,,,https://tmcfinejewellers.com/products/the-luise-ring®-2-5ct-moissanite-oval-solitaire-4,Yellow Gold,The Luise Ring® - 2.5ct Moissanite Oval Solitaire,1857.00,the-luise-ring®-2-5ct-moissanite-oval-solitaire-4
,,,,https://tmcfinejewellers.com/products/the-luise-ring®-2-5ct-moissanite-oval-solitaire-4,White Gold,The Luise Ring® - 2.5ct Moissanite Oval Solitaire,1857.00,the-luise-ring®-2-5ct-moissanite-oval-solitaire-4
,,,,https://tmcfinejewellers.com/products/the-luise-ring®-2-5ct-moissanite-oval-solitaire-4,Rose Gold,The Luise Ring® - 2.5ct Moissanite Oval Solitaire,1857.00,the-luise-ring®-2-5ct-moissanite-oval-solitaire-4
,,,,https://tmcfinejewellers.com/products/the-luise-ring®-2-5ct-moissanite-oval-solitaire-5,Yellow Gold,The Luise Ring® - 2.5ct Moissanite Oval Solitaire,1857.00,the-luise-ring®-2-5ct-moissanite-oval-solitaire-5
,,,,https://tmcfinejewellers.com/products/the-luise-ring®-2-5ct-moissanite-oval-solitaire-5,White Gold,The Luise Ring® - 2.5ct Moissanite Oval Solitaire,1857.00,the-luise-ring®-2-5ct-moissanite-oval-solitaire-5
,,,,https://tmcfinejewellers.com/products/the-luise-ring®-2-5ct-moissanite-oval-solitaire-5,Rose Gold,The Luise Ring® - 2.5ct Moissanite Oval Solitaire,1857.00,the-luise-ring®-2-5ct-moissanite-oval-solitaire-5
,,,,https://tmcfinejewellers.com/products/the-luise-ring®-1-51ct-lab-diamond-low-set-oval-solitaire,Yellow Gold,The Luise Ring® - 1.51ct Lab Diamond Low Set Oval Solitaire,2179.00,the-luise-ring®-1-51ct-lab-diamond-low-set-oval-solitaire
,,,,https://tmcfinejewellers.com/products/the-luise-ring®-1-51ct-lab-diamond-low-set-oval-solitaire,White Gold,The Luise Ring® - 1.51ct Lab Diamond Low Set Oval Solitaire,2179.00,the-luise-ring®-1-51ct-lab-diamond-low-set-oval-solitaire
,,,,https://tmcfinejewellers.com/products/the-luise-ring®-1-51ct-lab-diamond-low-set-oval-solitaire,Rose Gold,The Luise Ring® - 1.51ct Lab Diamond Low Set Oval Solitaire,2179.00,the-luise-ring®-1-51ct-lab-diamond-low-set-oval-solitaire
,,,,https://tmcfinejewellers.com/products/the-luise-ring®-1-03ct-lab-diamond-oval-solitaire,Yellow Gold,The Luise Ring® - 1.03ct Lab Diamond Oval Solitaire,1650.00,the-luise-ring®-1-03ct-lab-diamond-oval-solitaire
,,,,https://tmcfinejewellers.com/products/the-luise-ring®-1-03ct-lab-diamond-oval-solitaire,White Gold,The Luise Ring® - 1.03ct Lab Diamond Oval Solitaire,1650.00,the-luise-ring®-1-03ct-lab-diamond-oval-solitaire
,,,,https://tmcfinejewellers.com/products/the-luise-ring®-1-03ct-lab-diamond-oval-solitaire,Rose Gold,The Luise Ring® - 1.03ct Lab Diamond Oval Solitaire,1650.00,the-luise-ring®-1-03ct-lab-diamond-oval-solitaire
,,,,https://tmcfinejewellers.com/products/the-luise-ring®-2-02ct-lab-diamond-oval-solitaire-1,Yellow Gold,The Luise Ring® - 2.02ct Lab Diamond Oval Solitaire,2412.00,the-luise-ring®-2-02ct-lab-diamond-oval-solitaire-1
,,,,https://tmcfinejewellers.com/products/the-luise-ring®-2-02ct-lab-diamond-oval-solitaire-1,White Gold,The Luise Ring® - 2.02ct Lab Diamond Oval Solitaire,2412.00,the-luise-ring®-2-02ct-lab-diamond-oval-solitaire-1
,,,,https://tmcfinejewellers.com/products/the-luise-ring®-2-02ct-lab-diamond-oval-solitaire-1,Rose Gold,The Luise Ring® - 2.02ct Lab Diamond Oval Solitaire,2412.00,the-luise-ring®-2-02ct-lab-diamond-oval-solitaire-1
,,,,https://tmcfinejewellers.com/products/the-avery-ring-1-53ct-lab-diamond-oval-solitaire-with-marquise-and-round-band,Yellow Gold,The Avery Ring - 1.53ct Lab Diamond Oval Solitaire with Marquise and Round Band,2581.00,the-avery-ring-1-53ct-lab-diamond-oval-solitaire-with-marquise-and-round-band
,,,,https://tmcfinejewellers.com/products/the-avery-ring-1-53ct-lab-diamond-oval-solitaire-with-marquise-and-round-band,White Gold,The Avery Ring - 1.53ct Lab Diamond Oval Solitaire with Marquise and Round Band,2581.00,the-avery-ring-1-53ct-lab-diamond-oval-solitaire-with-marquise-and-round-band
,,,,https://tmcfinejewellers.com/products/the-avery-ring-1-53ct-lab-diamond-oval-solitaire-with-marquise-and-round-band,Rose Gold,The Avery Ring - 1.53ct Lab Diamond Oval Solitaire with Marquise and Round Band,2581.00,the-avery-ring-1-53ct-lab-diamond-oval-solitaire-with-marquise-and-round-band
,,,,https://tmcfinejewellers.com/products/the-avery-ring-1-53ct-lab-diamond-oval-solitaire-with-marquise-and-round-band-1,Yellow Gold,The Avery Ring - 1.53ct Lab Diamond Oval Solitaire with Marquise and Round Band,2581.00,the-avery-ring-1-53ct-lab-diamond-oval-solitaire-with-marquise-and-round-band-1
,,,,https://tmcfinejewellers.com/products/the-avery-ring-1-53ct-lab-diamond-oval-solitaire-with-marquise-and-round-band-1,White Gold,The Avery Ring - 1.53ct Lab Diamond Oval Solitaire with Marquise and Round Band,2581.00,the-avery-ring-1-53ct-lab-diamond-oval-solitaire-with-marquise-and-round-band-1
,,,,https://tmcfinejewellers.com/products/the-avery-ring-1-53ct-lab-diamond-oval-solitaire-with-marquise-and-round-band-1,Rose Gold,The Avery Ring - 1.53ct Lab Diamond Oval Solitaire with Marquise and Round Band,2581.00,the-avery-ring-1-53ct-lab-diamond-oval-solitaire-with-marquise-and-round-band-1
,,,,https://tmcfinejewellers.com/products/the-avery-ring-2-1ct-moissanite-oval-solitaire-with-marquise-and-round-band-1,Yellow Gold,The Avery Ring - 2.1ct Moissanite Oval Solitaire with Marquise and Round Band,2259.00,the-avery-ring-2-1ct-moissanite-oval-solitaire-with-marquise-and-round-band-1
,,,,https://tmcfinejewellers.com/products/the-avery-ring-2-1ct-moissanite-oval-solitaire-with-marquise-and-round-band-1,White Gold,The Avery Ring - 2.1ct Moissanite Oval Solitaire with Marquise and Round Band,2259.00,the-avery-ring-2-1ct-moissanite-oval-solitaire-with-marquise-and-round-band-1
,,,,https://tmcfinejewellers.com/products/the-avery-ring-2-1ct-moissanite-oval-solitaire-with-marquise-and-round-band-1,Rose Gold,The Avery Ring - 2.1ct Moissanite Oval Solitaire with Marquise and Round Band,2259.00,the-avery-ring-2-1ct-moissanite-oval-solitaire-with-marquise-and-round-band-1
,,,,https://tmcfinejewellers.com/products/the-luise-ring®-1-5ct-moissanite-oval-solitaire,Yellow Gold,The Luise Ring® - 1.5ct Moissanite Oval Solitaire,1465.00,the-luise-ring®-1-5ct-moissanite-oval-solitaire
,,,,https://tmcfinejewellers.com/products/the-luise-ring®-1-5ct-moissanite-oval-solitaire,White Gold,The Luise Ring® - 1.5ct Moissanite Oval Solitaire,1465.00,the-luise-ring®-1-5ct-moissanite-oval-solitaire
,,,,https://tmcfinejewellers.com/products/the-luise-ring®-1-5ct-moissanite-oval-solitaire,Rose Gold,The Luise Ring® - 1.5ct Moissanite Oval Solitaire,1465.00,the-luise-ring®-1-5ct-moissanite-oval-solitaire
,,,,https://tmcfinejewellers.com/products/the-luise-ring®-2-1ct-moissanite-oval-solitaire,Yellow Gold,The Luise Ring® - 2.1ct Moissanite Oval Solitaire,1756.00,the-luise-ring®-2-1ct-moissanite-oval-solitaire
,,,,https://tmcfinejewellers.com/products/the-luise-ring®-2-1ct-moissanite-oval-solitaire,White Gold,The Luise Ring® - 2.1ct Moissanite Oval Solitaire,1756.00,the-luise-ring®-2-1ct-moissanite-oval-solitaire
,,,,https://tmcfinejewellers.com/products/the-luise-ring®-2-1ct-moissanite-oval-solitaire,Rose Gold,The Luise Ring® - 2.1ct Moissanite Oval Solitaire,1756.00,the-luise-ring®-2-1ct-moissanite-oval-solitaire
,,,,https://tmcfinejewellers.com/products/the-ophelia-ring-1-75ct-moissanite-elongated-cushion-solitaire-4,Yellow Gold,The Ophelia Ring - 1.75ct Moissanite Elongated Cushion Solitaire,1587.00,the-ophelia-ring-1-75ct-moissanite-elongated-cushion-solitaire-4
,,,,https://tmcfinejewellers.com/products/the-ophelia-ring-1-75ct-moissanite-elongated-cushion-solitaire-4,White Gold,The Ophelia Ring - 1.75ct Moissanite Elongated Cushion Solitaire,1587.00,the-ophelia-ring-1-75ct-moissanite-elongated-cushion-solitaire-4
,,,,https://tmcfinejewellers.com/products/the-ophelia-ring-1-75ct-moissanite-elongated-cushion-solitaire-4,Rose Gold,The Ophelia Ring - 1.75ct Moissanite Elongated Cushion Solitaire,1587.00,the-ophelia-ring-1-75ct-moissanite-elongated-cushion-solitaire-4
,,,,https://tmcfinejewellers.com/products/the-luise-ring®-1-54ct-lab-diamond-oval-solitaire,Yellow Gold,The Luise Ring® - 1.54ct Lab Diamond Oval Solitaire,2095.00,the-luise-ring®-1-54ct-lab-diamond-oval-solitaire
,,,,https://tmcfinejewellers.com/products/the-luise-ring®-1-54ct-lab-diamond-oval-solitaire,White Gold,The Luise Ring® - 1.54ct Lab Diamond Oval Solitaire,2095.00,the-luise-ring®-1-54ct-lab-diamond-oval-solitaire
,,,,https://tmcfinejewellers.com/products/the-luise-ring®-1-54ct-lab-diamond-oval-solitaire,Rose Gold,The Luise Ring® - 1.54ct Lab Diamond Oval Solitaire,2095.00,the-luise-ring®-1-54ct-lab-diamond-oval-solitaire
,,,,https://tmcfinejewellers.com/products/the-ava-ring-pave-wedding-band,Yellow Gold,The Ava Ring  - Pavé Wedding Ring,688.00,the-ava-ring-pave-wedding-band
,,,,https://tmcfinejewellers.com/products/the-ava-ring-pave-wedding-band,White Gold,The Ava Ring  - Pavé Wedding Ring,688.00,the-ava-ring-pave-wedding-band
,,,,https://tmcfinejewellers.com/products/the-ava-ring-pave-wedding-band,Rose Gold,The Ava Ring  - Pavé Wedding Ring,688.00,the-ava-ring-pave-wedding-band
,,,,https://tmcfinejewellers.com/products/the-classic-comfort-fit-ring-plain-wedding-band,Yellow Gold,The Classic Comfort Fit Ring,476.00,the-classic-comfort-fit-ring-plain-wedding-band
,,,,https://tmcfinejewellers.com/products/the-classic-comfort-fit-ring-plain-wedding-band,White Gold,The Classic Comfort Fit Ring,476.00,the-classic-comfort-fit-ring-plain-wedding-band
,,,,https://tmcfinejewellers.com/products/the-classic-comfort-fit-ring-plain-wedding-band,Rose Gold,The Classic Comfort Fit Ring,476.00,the-classic-comfort-fit-ring-plain-wedding-band
,,,,https://tmcfinejewellers.com/products/the-eve-ring-marquise-ceremonial-ring,Yellow Gold,The Eve Ring - Curved Marquise Wedding Ring,1005.00,the-eve-ring-marquise-ceremonial-ring
,,,,https://tmcfinejewellers.com/products/the-eve-ring-marquise-ceremonial-ring,White Gold,The Eve Ring - Curved Marquise Wedding Ring,1005.00,the-eve-ring-marquise-ceremonial-ring
,,,,https://tmcfinejewellers.com/products/the-eve-ring-marquise-ceremonial-ring,Rose Gold,The Eve Ring - Curved Marquise Wedding Ring,1005.00,the-eve-ring-marquise-ceremonial-ring
,,,,https://tmcfinejewellers.com/products/the-genevieve-ring-horizontal-oval-wedding-band,Yellow Gold,The Genevieve Ring - Horizontal Oval Wedding Ring,1111.00,the-genevieve-ring-horizontal-oval-wedding-band
,,,,https://tmcfinejewellers.com/products/the-genevieve-ring-horizontal-oval-wedding-band,White Gold,The Genevieve Ring - Horizontal Oval Wedding Ring,1111.00,the-genevieve-ring-horizontal-oval-wedding-band
,,,,https://tmcfinejewellers.com/products/the-genevieve-ring-horizontal-oval-wedding-band,Rose Gold,The Genevieve Ring - Horizontal Oval Wedding Ring,1111.00,the-genevieve-ring-horizontal-oval-wedding-band
,,,,https://tmcfinejewellers.com/products/the-skylar-ring-large-pave-band,Yellow Gold,The Skylar Ring - Large Pavé Ring,1153.00,the-skylar-ring-large-pave-band
,,,,https://tmcfinejewellers.com/products/the-skylar-ring-large-pave-band,White Gold,The Skylar Ring - Large Pavé Ring,1153.00,the-skylar-ring-large-pave-band
,,,,https://tmcfinejewellers.com/products/the-skylar-ring-large-pave-band,Rose Gold,The Skylar Ring - Large Pavé Ring,1153.00,the-skylar-ring-large-pave-band
,,,,https://tmcfinejewellers.com/products/the-freya-wedding-ring-marquise-and-round-brilliant-band,Yellow Gold,The Freya Ring - Marquise and Round Brilliant Ring,1032.00,the-freya-wedding-ring-marquise-and-round-brilliant-band
,,,,https://tmcfinejewellers.com/products/the-freya-wedding-ring-marquise-and-round-brilliant-band,White Gold,The Freya Ring - Marquise and Round Brilliant Ring,1032.00,the-freya-wedding-ring-marquise-and-round-brilliant-band
,,,,https://tmcfinejewellers.com/products/the-freya-wedding-ring-marquise-and-round-brilliant-band,Rose Gold,The Freya Ring - Marquise and Round Brilliant Ring,1032.00,the-freya-wedding-ring-marquise-and-round-brilliant-band
,,,,https://tmcfinejewellers.com/products/plain-comfort-fit-mens-ceremonial-band,Yellow Gold,The Theo Ring - Classic Comfort Fit Men's Wedding Band,529.00,plain-comfort-fit-mens-ceremonial-band
,,,,https://tmcfinejewellers.com/products/plain-comfort-fit-mens-ceremonial-band,White Gold,The Theo Ring - Classic Comfort Fit Men's Wedding Band,529.00,plain-comfort-fit-mens-ceremonial-band
,,,,https://tmcfinejewellers.com/products/plain-comfort-fit-mens-ceremonial-band,Rose Gold,The Theo Ring - Classic Comfort Fit Men's Wedding Band,529.00,plain-comfort-fit-mens-ceremonial-band
,,,,https://tmcfinejewellers.com/products/brushed-gold-flat-beveled-edge-mens-ceremonial-band,Yellow Gold,The Leon Ring - Flat Bevelled Edge Brushed Men's Wedding Band,582.00,brushed-gold-flat-beveled-edge-mens-ceremonial-band
,,,,https://tmcfinejewellers.com/products/brushed-gold-flat-beveled-edge-mens-ceremonial-band,White Gold,The Leon Ring - Flat Bevelled Edge Brushed Men's Wedding Band,582.00,brushed-gold-flat-beveled-edge-mens-ceremonial-band
,,,,https://tmcfinejewellers.com/products/brushed-gold-flat-beveled-edge-mens-ceremonial-band,Rose Gold,The Leon Ring - Flat Bevelled Edge Brushed Men's Wedding Band,582.00,brushed-gold-flat-beveled-edge-mens-ceremonial-band
,,,,https://tmcfinejewellers.com/products/brushed-metal-classic-comfort-ceremonial-ring,Yellow Gold,The Nikolas Ring - Brushed Classic Comfort Fit Men's Wedding Band,529.00,brushed-metal-classic-comfort-ceremonial-ring
,,,,https://tmcfinejewellers.com/products/brushed-metal-classic-comfort-ceremonial-ring,White Gold,The Nikolas Ring - Brushed Classic Comfort Fit Men's Wedding Band,529.00,brushed-metal-classic-comfort-ceremonial-ring
,,,,https://tmcfinejewellers.com/products/brushed-metal-classic-comfort-ceremonial-ring,Rose Gold,The Nikolas Ring - Brushed Classic Comfort Fit Men's Wedding Band,529.00,brushed-metal-classic-comfort-ceremonial-ring
,,,,https://tmcfinejewellers.com/products/the-calihan-ring-brushed-chamfered-edge-mens-ceremonial-band,Yellow Gold,The Calihan Ring - Brushed Chamfered Edge Men's Wedding Band,688.00,the-calihan-ring-brushed-chamfered-edge-mens-ceremonial-band
,,,,https://tmcfinejewellers.com/products/the-calihan-ring-brushed-chamfered-edge-mens-ceremonial-band,White Gold,The Calihan Ring - Brushed Chamfered Edge Men's Wedding Band,688.00,the-calihan-ring-brushed-chamfered-edge-mens-ceremonial-band
,,,,https://tmcfinejewellers.com/products/the-calihan-ring-brushed-chamfered-edge-mens-ceremonial-band,Rose Gold,The Calihan Ring - Brushed Chamfered Edge Men's Wedding Band,688.00,the-calihan-ring-brushed-chamfered-edge-mens-ceremonial-band
,,,,https://tmcfinejewellers.com/products/the-classic-statement-ring,Yellow Gold,The Classic Statement Ring,847.00,the-classic-statement-ring
,,,,https://tmcfinejewellers.com/products/the-classic-statement-ring,White Gold,The Classic Statement Ring,847.00,the-classic-statement-ring
,,,,https://tmcfinejewellers.com/products/the-classic-statement-ring,Rose Gold,The Classic Statement Ring,847.00,the-classic-statement-ring
,,,,https://tmcfinejewellers.com/products/the-gia-oval-band,Yellow Gold,The Gia Ring - Half Oval Ring,1561.00,the-gia-oval-band
,,,,https://tmcfinejewellers.com/products/the-gia-oval-band,White Gold,The Gia Ring - Half Oval Ring,1561.00,the-gia-oval-band
,,,,https://tmcfinejewellers.com/products/the-gia-oval-band,Rose Gold,The Gia Ring - Half Oval Ring,1561.00,the-gia-oval-band
,,,,https://tmcfinejewellers.com/products/the-classic-curved-ring-plain-wedding-band,Yellow Gold,The Classic Curved Ring - Plain Wedding Ring,461.00,the-classic-curved-ring-plain-wedding-band
,,,,https://tmcfinejewellers.com/products/the-classic-curved-ring-plain-wedding-band,White Gold,The Classic Curved Ring - Plain Wedding Ring,461.00,the-classic-curved-ring-plain-wedding-band
,,,,https://tmcfinejewellers.com/products/the-classic-curved-ring-plain-wedding-band,Rose Gold,The Classic Curved Ring - Plain Wedding Ring,461.00,the-classic-curved-ring-plain-wedding-band
,,,,https://tmcfinejewellers.com/products/the-eve-ring-round-brilliant-ceremonial-ring,Yellow Gold,The Eve Ring - Curved Round Brilliant Wedding Ring,1005.00,the-eve-ring-round-brilliant-ceremonial-ring
,,,,https://tmcfinejewellers.com/products/the-eve-ring-round-brilliant-ceremonial-ring,White Gold,The Eve Ring - Curved Round Brilliant Wedding Ring,1005.00,the-eve-ring-round-brilliant-ceremonial-ring
,,,,https://tmcfinejewellers.com/products/the-eve-ring-round-brilliant-ceremonial-ring,Rose Gold,The Eve Ring - Curved Round Brilliant Wedding Ring,1005.00,the-eve-ring-round-brilliant-ceremonial-ring
,,,,https://tmcfinejewellers.com/products/the-eve-ring-curved-ceremonial-ring,Yellow Gold,The Eve Ring - Curved Wedding Ring,662.00,the-eve-ring-curved-ceremonial-ring
,,,,https://tmcfinejewellers.com/products/the-eve-ring-curved-ceremonial-ring,White Gold,The Eve Ring - Curved Wedding Ring,662.00,the-eve-ring-curved-ceremonial-ring
,,,,https://tmcfinejewellers.com/products/the-eve-ring-curved-ceremonial-ring,Rose Gold,The Eve Ring - Curved Wedding Ring,662.00,the-eve-ring-curved-ceremonial-ring
,,,,https://tmcfinejewellers.com/products/the-eve-ring-curved-pear-ceremonial-ring,Yellow Gold,The Eve Ring - Curved Pear Wedding Ring,1005.00,the-eve-ring-curved-pear-ceremonial-ring
,,,,https://tmcfinejewellers.com/products/the-eve-ring-curved-pear-ceremonial-ring,White Gold,The Eve Ring - Curved Pear Wedding Ring,1005.00,the-eve-ring-curved-pear-ceremonial-ring
,,,,https://tmcfinejewellers.com/products/the-eve-ring-curved-pear-ceremonial-ring,Rose Gold,The Eve Ring - Curved Pear Wedding Ring,1005.00,the-eve-ring-curved-pear-ceremonial-ring
,,,,https://tmcfinejewellers.com/products/the-eve-ring-curved-oval-ceremonial-ring,Yellow Gold,The Eve Ring - Curved Oval Wedding Ring,1005.00,the-eve-ring-curved-oval-ceremonial-ring
,,,,https://tmcfinejewellers.com/products/the-eve-ring-curved-oval-ceremonial-ring,White Gold,The Eve Ring - Curved Oval Wedding Ring,1005.00,the-eve-ring-curved-oval-ceremonial-ring
,,,,https://tmcfinejewellers.com/products/the-eve-ring-curved-oval-ceremonial-ring,Rose Gold,The Eve Ring - Curved Oval Wedding Ring,1005.00,the-eve-ring-curved-oval-ceremonial-ring
,,,,https://tmcfinejewellers.com/products/the-aurelia-ring-pave-edge-contour-ceremonial-ring,Yellow Gold,The Aurelia Ring - Pavé Edge Contour Wedding Ring,1428.00,the-aurelia-ring-pave-edge-contour-ceremonial-ring
,,,,https://tmcfinejewellers.com/products/the-aurelia-ring-pave-edge-contour-ceremonial-ring,White Gold,The Aurelia Ring - Pavé Edge Contour Wedding Ring,1428.00,the-aurelia-ring-pave-edge-contour-ceremonial-ring
,,,,https://tmcfinejewellers.com/products/the-aurelia-ring-pave-edge-contour-ceremonial-ring,Rose Gold,The Aurelia Ring - Pavé Edge Contour Wedding Ring,1428.00,the-aurelia-ring-pave-edge-contour-ceremonial-ring
,,,,https://tmcfinejewellers.com/products/the-arielle-ring-emerald-curved-ceremonial-ring,Yellow Gold,The Arielle Ring - Emerald Curved Wedding Ring,1608.00,the-arielle-ring-emerald-curved-ceremonial-ring
,,,,https://tmcfinejewellers.com/products/the-arielle-ring-emerald-curved-ceremonial-ring,White Gold,The Arielle Ring - Emerald Curved Wedding Ring,1608.00,the-arielle-ring-emerald-curved-ceremonial-ring
,,,,https://tmcfinejewellers.com/products/the-arielle-ring-emerald-curved-ceremonial-ring,Rose Gold,The Arielle Ring - Emerald Curved Wedding Ring,1608.00,the-arielle-ring-emerald-curved-ceremonial-ring
,,,,https://tmcfinejewellers.com/products/the-narelle-ring-emerald-contour-ceremonial-ring,Yellow Gold,The Narelle Ring - Emerald Contour Wedding Ring,1608.00,the-narelle-ring-emerald-contour-ceremonial-ring
,,,,https://tmcfinejewellers.com/products/the-narelle-ring-emerald-contour-ceremonial-ring,White Gold,The Narelle Ring - Emerald Contour Wedding Ring,1608.00,the-narelle-ring-emerald-contour-ceremonial-ring
,,,,https://tmcfinejewellers.com/products/the-narelle-ring-emerald-contour-ceremonial-ring,Rose Gold,The Narelle Ring - Emerald Contour Wedding Ring,1608.00,the-narelle-ring-emerald-contour-ceremonial-ring
,,,,https://tmcfinejewellers.com/products/the-nalaya-ring-scattered-pear-and-round-contour-ceremonial-ring,Yellow Gold,The Nalaya Ring - Scattered Pear and Round Contour Wedding Ring,1550.00,the-nalaya-ring-scattered-pear-and-round-contour-ceremonial-ring
,,,,https://tmcfinejewellers.com/products/the-nalaya-ring-scattered-pear-and-round-contour-ceremonial-ring,White Gold,The Nalaya Ring - Scattered Pear and Round Contour Wedding Ring,1550.00,the-nalaya-ring-scattered-pear-and-round-contour-ceremonial-ring
,,,,https://tmcfinejewellers.com/products/the-nalaya-ring-scattered-pear-and-round-contour-ceremonial-ring,Rose Gold,The Nalaya Ring - Scattered Pear and Round Contour Wedding Ring,1550.00,the-nalaya-ring-scattered-pear-and-round-contour-ceremonial-ring
,,,,https://tmcfinejewellers.com/products/the-nara-ring-pave-edge-statement-ceremonial-ring,Yellow Gold,The Nara Ring - Pavé Edge Statement Wedding Ring,1375.00,the-nara-ring-pave-edge-statement-ceremonial-ring
,,,,https://tmcfinejewellers.com/products/the-nara-ring-pave-edge-statement-ceremonial-ring,White Gold,The Nara Ring - Pavé Edge Statement Wedding Ring,1375.00,the-nara-ring-pave-edge-statement-ceremonial-ring
,,,,https://tmcfinejewellers.com/products/the-nara-ring-pave-edge-statement-ceremonial-ring,Rose Gold,The Nara Ring - Pavé Edge Statement Wedding Ring,1375.00,the-nara-ring-pave-edge-statement-ceremonial-ring
,,,,https://tmcfinejewellers.com/products/the-lira-ring-inset-statement-ceremonial-ring,Yellow Gold,The Lira Ring - Inset Statement Wedding Ring,1238.00,the-lira-ring-inset-statement-ceremonial-ring
,,,,https://tmcfinejewellers.com/products/the-lira-ring-inset-statement-ceremonial-ring,White Gold,The Lira Ring - Inset Statement Wedding Ring,1238.00,the-lira-ring-inset-statement-ceremonial-ring
,,,,https://tmcfinejewellers.com/products/the-lira-ring-inset-statement-ceremonial-ring,Rose Gold,The Lira Ring - Inset Statement Wedding Ring,1238.00,the-lira-ring-inset-statement-ceremonial-ring
,,,,https://tmcfinejewellers.com/products/the-saphira-ring-slanted-marquise-ceremonial-ring,Yellow Gold,The Saphira Ring - Slanted Marquise Wedding Ring,1180.00,the-saphira-ring-slanted-marquise-ceremonial-ring
,,,,https://tmcfinejewellers.com/products/the-saphira-ring-slanted-marquise-ceremonial-ring,White Gold,The Saphira Ring - Slanted Marquise Wedding Ring,1180.00,the-saphira-ring-slanted-marquise-ceremonial-ring
,,,,https://tmcfinejewellers.com/products/the-saphira-ring-slanted-marquise-ceremonial-ring,Rose Gold,The Saphira Ring - Slanted Marquise Wedding Ring,1180.00,the-saphira-ring-slanted-marquise-ceremonial-ring
,,,,https://tmcfinejewellers.com/products/the-harper-ring-horizontal-oval-bezel-ceremonial-ring,Yellow Gold,The Harper Ring - Horizontal Oval Bezel Wedding Ring,1164.00,the-harper-ring-horizontal-oval-bezel-ceremonial-ring
,,,,https://tmcfinejewellers.com/products/the-harper-ring-horizontal-oval-bezel-ceremonial-ring,White Gold,The Harper Ring - Horizontal Oval Bezel Wedding Ring,1164.00,the-harper-ring-horizontal-oval-bezel-ceremonial-ring
,,,,https://tmcfinejewellers.com/products/the-harper-ring-horizontal-oval-bezel-ceremonial-ring,Rose Gold,The Harper Ring - Horizontal Oval Bezel Wedding Ring,1164.00,the-harper-ring-horizontal-oval-bezel-ceremonial-ring
,,,,https://tmcfinejewellers.com/products/the-harper-elongated-cushion-bezel-ceremonial-ring,Yellow Gold,The Harper Ring - Elongated Cushion Bezel Wedding Ring,1312.00,the-harper-elongated-cushion-bezel-ceremonial-ring
,,,,https://tmcfinejewellers.com/products/the-harper-elongated-cushion-bezel-ceremonial-ring,White Gold,The Harper Ring - Elongated Cushion Bezel Wedding Ring,1312.00,the-harper-elongated-cushion-bezel-ceremonial-ring
,,,,https://tmcfinejewellers.com/products/the-harper-elongated-cushion-bezel-ceremonial-ring,Rose Gold,The Harper Ring - Elongated Cushion Bezel Wedding Ring,1312.00,the-harper-elongated-cushion-bezel-ceremonial-ring
,,,,https://tmcfinejewellers.com/products/the-harper-ring-pear-and-oval-bezel-ceremonial-ring,Yellow Gold,The Harper Ring - Pear and Oval Bezel Wedding Ring,1730.00,the-harper-ring-pear-and-oval-bezel-ceremonial-ring
,,,,https://tmcfinejewellers.com/products/the-harper-ring-pear-and-oval-bezel-ceremonial-ring,White Gold,The Harper Ring - Pear and Oval Bezel Wedding Ring,1730.00,the-harper-ring-pear-and-oval-bezel-ceremonial-ring
,,,,https://tmcfinejewellers.com/products/the-harper-ring-pear-and-oval-bezel-ceremonial-ring,Rose Gold,The Harper Ring - Pear and Oval Bezel Wedding Ring,1730.00,the-harper-ring-pear-and-oval-bezel-ceremonial-ring
,,,,https://tmcfinejewellers.com/products/the-oceane-ring-marquise-and-round-brilliant-wedding-band,Yellow Gold,The Oceane Ring - Marquise and Round Brilliant Wedding Ring,1058.00,the-oceane-ring-marquise-and-round-brilliant-wedding-band
,,,,https://tmcfinejewellers.com/products/the-oceane-ring-marquise-and-round-brilliant-wedding-band,White Gold,The Oceane Ring - Marquise and Round Brilliant Wedding Ring,1058.00,the-oceane-ring-marquise-and-round-brilliant-wedding-band
,,,,https://tmcfinejewellers.com/products/the-oceane-ring-marquise-and-round-brilliant-wedding-band,Rose Gold,The Oceane Ring - Marquise and Round Brilliant Wedding Ring,1058.00,the-oceane-ring-marquise-and-round-brilliant-wedding-band
,,,,https://tmcfinejewellers.com/products/the-octavian-ring-hammered-mens-ceremonial-band,Yellow Gold,The Octavian Ring - Hammered Men's Wedding Band,529.00,the-octavian-ring-hammered-mens-ceremonial-band
,,,,https://tmcfinejewellers.com/products/the-octavian-ring-hammered-mens-ceremonial-band,White Gold,The Octavian Ring - Hammered Men's Wedding Band,529.00,the-octavian-ring-hammered-mens-ceremonial-band
,,,,https://tmcfinejewellers.com/products/the-octavian-ring-hammered-mens-ceremonial-band,Rose Gold,The Octavian Ring - Hammered Men's Wedding Band,529.00,the-octavian-ring-hammered-mens-ceremonial-band
,,,,https://tmcfinejewellers.com/products/domed-mens-ceremonial-band,Yellow Gold,The Elias Ring - Domed Men's Wedding Band,873.00,domed-mens-ceremonial-band
,,,,https://tmcfinejewellers.com/products/domed-mens-ceremonial-band,White Gold,The Elias Ring - Domed Men's Wedding Band,873.00,domed-mens-ceremonial-band
,,,,https://tmcfinejewellers.com/products/domed-mens-ceremonial-band,Rose Gold,The Elias Ring - Domed Men's Wedding Band,873.00,domed-mens-ceremonial-band
,,,,https://tmcfinejewellers.com/products/the-deacon-ring-brushed-bevelled-edge-mens-ceremonial-band,Yellow Gold,The Deacon Ring - Brushed Centre Men's Wedding Band,556.00,the-deacon-ring-brushed-bevelled-edge-mens-ceremonial-band
,,,,https://tmcfinejewellers.com/products/the-deacon-ring-brushed-bevelled-edge-mens-ceremonial-band,White Gold,The Deacon Ring - Brushed Centre Men's Wedding Band,556.00,the-deacon-ring-brushed-bevelled-edge-mens-ceremonial-band
,,,,https://tmcfinejewellers.com/products/the-deacon-ring-brushed-bevelled-edge-mens-ceremonial-band,Rose Gold,The Deacon Ring - Brushed Centre Men's Wedding Band,556.00,the-deacon-ring-brushed-bevelled-edge-mens-ceremonial-band
,,,,https://tmcfinejewellers.com/products/classic-statement-mens-ceremonial-band,Yellow Gold,The Matteo Ring - Classic Statement Men's Wedding Band,582.00,classic-statement-mens-ceremonial-band
,,,,https://tmcfinejewellers.com/products/classic-statement-mens-ceremonial-band,White Gold,The Matteo Ring - Classic Statement Men's Wedding Band,582.00,classic-statement-mens-ceremonial-band
,,,,https://tmcfinejewellers.com/products/classic-statement-mens-ceremonial-band,Rose Gold,The Matteo Ring - Classic Statement Men's Wedding Band,582.00,classic-statement-mens-ceremonial-band
,,,,https://tmcfinejewellers.com/products/the-calihan-ring-brushed-zirconium-chamfered-edge-mens-ceremonial-band,Yellow Gold,The Calihan Ring - Brushed Zirconium Chamfered Edge Men's Wedding Band,212.00,the-calihan-ring-brushed-zirconium-chamfered-edge-mens-ceremonial-band
,,,,https://tmcfinejewellers.com/products/the-calihan-ring-brushed-zirconium-chamfered-edge-mens-ceremonial-band,White Gold,The Calihan Ring - Brushed Zirconium Chamfered Edge Men's Wedding Band,212.00,the-calihan-ring-brushed-zirconium-chamfered-edge-mens-ceremonial-band
,,,,https://tmcfinejewellers.com/products/the-calihan-ring-brushed-zirconium-chamfered-edge-mens-ceremonial-band,Rose Gold,The Calihan Ring - Brushed Zirconium Chamfered Edge Men's Wedding Band,212.00,the-calihan-ring-brushed-zirconium-chamfered-edge-mens-ceremonial-band
,,,,https://tmcfinejewellers.com/products/the-arte-ring-flat-brushed-dual-grooved-mens-ceremonial-band,Yellow Gold,The Arte Ring - Flat Brushed Dual Grooved Men's Wedding Band,212.00,the-arte-ring-flat-brushed-dual-grooved-mens-ceremonial-band
,,,,https://tmcfinejewellers.com/products/the-arte-ring-flat-brushed-dual-grooved-mens-ceremonial-band,White Gold,The Arte Ring - Flat Brushed Dual Grooved Men's Wedding Band,212.00,the-arte-ring-flat-brushed-dual-grooved-mens-ceremonial-band
,,,,https://tmcfinejewellers.com/products/the-arte-ring-flat-brushed-dual-grooved-mens-ceremonial-band,Rose Gold,The Arte Ring - Flat Brushed Dual Grooved Men's Wedding Band,212.00,the-arte-ring-flat-brushed-dual-grooved-mens-ceremonial-band
,,,,https://tmcfinejewellers.com/products/the-mae-ring-inset-moissanite-band,Yellow Gold,The Mae Ring - Inset Cultured Gemstone Ring,598.00,the-mae-ring-inset-moissanite-band
,,,,https://tmcfinejewellers.com/products/the-mae-ring-inset-moissanite-band,White Gold,The Mae Ring - Inset Cultured Gemstone Ring,598.00,the-mae-ring-inset-moissanite-band
,,,,https://tmcfinejewellers.com/products/the-mae-ring-inset-moissanite-band,Rose Gold,The Mae Ring - Inset Cultured Gemstone Ring,598.00,the-mae-ring-inset-moissanite-band
,,,,https://tmcfinejewellers.com/products/the-greta-ring-alternating-round-baguette-band,Yellow Gold,The Greta Ring - Alternating Baguette and Round Wedding Ring,1032.00,the-greta-ring-alternating-round-baguette-band
,,,,https://tmcfinejewellers.com/products/the-greta-ring-alternating-round-baguette-band,White Gold,The Greta Ring - Alternating Baguette and Round Wedding Ring,1032.00,the-greta-ring-alternating-round-baguette-band
,,,,https://tmcfinejewellers.com/products/the-greta-ring-alternating-round-baguette-band,Rose Gold,The Greta Ring - Alternating Baguette and Round Wedding Ring,1032.00,the-greta-ring-alternating-round-baguette-band
,,,,https://tmcfinejewellers.com/products/the-noemie-ring-baguette-wedding-band,Yellow Gold,The Noemie Ring - Baguette Wedding Ring,899.00,the-noemie-ring-baguette-wedding-band
,,,,https://tmcfinejewellers.com/products/the-noemie-ring-baguette-wedding-band,White Gold,The Noemie Ring - Baguette Wedding Ring,899.00,the-noemie-ring-baguette-wedding-band
,,,,https://tmcfinejewellers.com/products/the-noemie-ring-baguette-wedding-band,Rose Gold,The Noemie Ring - Baguette Wedding Ring,899.00,the-noemie-ring-baguette-wedding-band
,,,,https://tmcfinejewellers.com/products/the-amare-ring-contour-ceremonial-ring-1,Yellow Gold,The Amaré Ring - Contour Wedding Ring,952.00,the-amare-ring-contour-ceremonial-ring-1
,,,,https://tmcfinejewellers.com/products/the-amare-ring-contour-ceremonial-ring-1,White Gold,The Amaré Ring - Contour Wedding Ring,952.00,the-amare-ring-contour-ceremonial-ring-1
,,,,https://tmcfinejewellers.com/products/the-amare-ring-contour-ceremonial-ring-1,Rose Gold,The Amaré Ring - Contour Wedding Ring,952.00,the-amare-ring-contour-ceremonial-ring-1
,,,,https://tmcfinejewellers.com/products/the-camille-ring-curved-pave-wedding-band-pricing,Yellow Gold,The Camille Ring - Curved Pavé Wedding Ring,688.00,the-camille-ring-curved-pave-wedding-band-pricing
,,,,https://tmcfinejewellers.com/products/the-camille-ring-curved-pave-wedding-band-pricing,White Gold,The Camille Ring - Curved Pavé Wedding Ring,688.00,the-camille-ring-curved-pave-wedding-band-pricing
,,,,https://tmcfinejewellers.com/products/the-camille-ring-curved-pave-wedding-band-pricing,Rose Gold,The Camille Ring - Curved Pavé Wedding Ring,688.00,the-camille-ring-curved-pave-wedding-band-pricing
,,,,https://tmcfinejewellers.com/products/the-cybelle-ring-chevron-wedding-band,Yellow Gold,The Cybelle Ring - Chevron Wedding Ring,1058.00,the-cybelle-ring-chevron-wedding-band
,,,,https://tmcfinejewellers.com/products/the-cybelle-ring-chevron-wedding-band,White Gold,The Cybelle Ring - Chevron Wedding Ring,1058.00,the-cybelle-ring-chevron-wedding-band
,,,,https://tmcfinejewellers.com/products/the-cybelle-ring-chevron-wedding-band,Rose Gold,The Cybelle Ring - Chevron Wedding Ring,1058.00,the-cybelle-ring-chevron-wedding-band
,,,,https://tmcfinejewellers.com/products/the-classic-chevron-ring-plain-wedding-band,Yellow Gold,The Classic Chevron Ring - Plain Wedding Ring,461.00,the-classic-chevron-ring-plain-wedding-band
,,,,https://tmcfinejewellers.com/products/the-classic-chevron-ring-plain-wedding-band,White Gold,The Classic Chevron Ring - Plain Wedding Ring,461.00,the-classic-chevron-ring-plain-wedding-band
,,,,https://tmcfinejewellers.com/products/the-classic-chevron-ring-plain-wedding-band,Rose Gold,The Classic Chevron Ring - Plain Wedding Ring,461.00,the-classic-chevron-ring-plain-wedding-band
,,,,https://tmcfinejewellers.com/products/the-arden-ring-pave-chevron-wedding-band,Yellow Gold,The Arden Ring - Pavé Chevron Wedding Ring,688.00,the-arden-ring-pave-chevron-wedding-band
,,,,https://tmcfinejewellers.com/products/the-arden-ring-pave-chevron-wedding-band,White Gold,The Arden Ring - Pavé Chevron Wedding Ring,688.00,the-arden-ring-pave-chevron-wedding-band
,,,,https://tmcfinejewellers.com/products/the-arden-ring-pave-chevron-wedding-band,Rose Gold,The Arden Ring - Pavé Chevron Wedding Ring,688.00,the-arden-ring-pave-chevron-wedding-band
,,,,https://tmcfinejewellers.com/products/the-clara-ring-organic-curved-ceremonial-ring,Yellow Gold,The Fae Ring - Organic Curved Wedding Ring,487.00,the-clara-ring-organic-curved-ceremonial-ring
,,,,https://tmcfinejewellers.com/products/the-clara-ring-organic-curved-ceremonial-ring,White Gold,The Fae Ring - Organic Curved Wedding Ring,487.00,the-clara-ring-organic-curved-ceremonial-ring
,,,,https://tmcfinejewellers.com/products/the-clara-ring-organic-curved-ceremonial-ring,Rose Gold,The Fae Ring - Organic Curved Wedding Ring,487.00,the-clara-ring-organic-curved-ceremonial-ring
,,,,https://tmcfinejewellers.com/products/the-classic-knife-edge-ceremonial-ring,Yellow Gold,The Classic Knife Edge Wedding Ring,688.00,the-classic-knife-edge-ceremonial-ring
,,,,https://tmcfinejewellers.com/products/the-classic-knife-edge-ceremonial-ring,White Gold,The Classic Knife Edge Wedding Ring,688.00,the-classic-knife-edge-ceremonial-ring
,,,,https://tmcfinejewellers.com/products/the-classic-knife-edge-ceremonial-ring,Rose Gold,The Classic Knife Edge Wedding Ring,688.00,the-classic-knife-edge-ceremonial-ring
,,,,https://tmcfinejewellers.com/products/the-estelle-ring-scattered-pear-and-round-band,Yellow Gold,The Estelle Ring - Scattered Pear and Round Ring,1455.00,the-estelle-ring-scattered-pear-and-round-band
,,,,https://tmcfinejewellers.com/products/the-estelle-ring-scattered-pear-and-round-band,White Gold,The Estelle Ring - Scattered Pear and Round Ring,1455.00,the-estelle-ring-scattered-pear-and-round-band
,,,,https://tmcfinejewellers.com/products/the-estelle-ring-scattered-pear-and-round-band,Rose Gold,The Estelle Ring - Scattered Pear and Round Ring,1455.00,the-estelle-ring-scattered-pear-and-round-band
,,,,https://tmcfinejewellers.com/products/the-maeva-ring-asscher-wedding-band,Yellow Gold,The Maeva Ring - Asscher Wedding Ring,1455.00,the-maeva-ring-asscher-wedding-band
,,,,https://tmcfinejewellers.com/products/the-maeva-ring-asscher-wedding-band,White Gold,The Maeva Ring - Asscher Wedding Ring,1455.00,the-maeva-ring-asscher-wedding-band
,,,,https://tmcfinejewellers.com/products/the-maeva-ring-asscher-wedding-band,Rose Gold,The Maeva Ring - Asscher Wedding Ring,1455.00,the-maeva-ring-asscher-wedding-band
,,,,https://tmcfinejewellers.com/products/the-adonis-ring-round-brilliant-inlay-brushed-mens-ceremonial-band,Yellow Gold,The Adonis Ring - Round Brilliant Inlay Brushed Men's Wedding Band,635.00,the-adonis-ring-round-brilliant-inlay-brushed-mens-ceremonial-band
,,,,https://tmcfinejewellers.com/products/the-adonis-ring-round-brilliant-inlay-brushed-mens-ceremonial-band,White Gold,The Adonis Ring - Round Brilliant Inlay Brushed Men's Wedding Band,635.00,the-adonis-ring-round-brilliant-inlay-brushed-mens-ceremonial-band
,,,,https://tmcfinejewellers.com/products/the-adonis-ring-round-brilliant-inlay-brushed-mens-ceremonial-band,Rose Gold,The Adonis Ring - Round Brilliant Inlay Brushed Men's Wedding Band,635.00,the-adonis-ring-round-brilliant-inlay-brushed-mens-ceremonial-band
,,,,https://tmcfinejewellers.com/products/the-alexander-ring-round-brilliant-inlay-comfort-fit-mens-ceremonial-band,Yellow Gold,The Alexander Ring -  Round Brilliant Inlay Comfort Fit Men's Wedding Band,635.00,the-alexander-ring-round-brilliant-inlay-comfort-fit-mens-ceremonial-band
,,,,https://tmcfinejewellers.com/products/the-alexander-ring-round-brilliant-inlay-comfort-fit-mens-ceremonial-band,White Gold,The Alexander Ring -  Round Brilliant Inlay Comfort Fit Men's Wedding Band,635.00,the-alexander-ring-round-brilliant-inlay-comfort-fit-mens-ceremonial-band
,,,,https://tmcfinejewellers.com/products/the-alexander-ring-round-brilliant-inlay-comfort-fit-mens-ceremonial-band,Rose Gold,The Alexander Ring -  Round Brilliant Inlay Comfort Fit Men's Wedding Band,635.00,the-alexander-ring-round-brilliant-inlay-comfort-fit-mens-ceremonial-band
,,,,https://tmcfinejewellers.com/products/the-harper-oval-bezel-ceremonial-ring,Yellow Gold,The Harper Ring - Oval Bezel Wedding Ring,1508.00,the-harper-oval-bezel-ceremonial-ring
,,,,https://tmcfinejewellers.com/products/the-harper-oval-bezel-ceremonial-ring,White Gold,The Harper Ring - Oval Bezel Wedding Ring,1508.00,the-harper-oval-bezel-ceremonial-ring
,,,,https://tmcfinejewellers.com/products/the-harper-oval-bezel-ceremonial-ring,Rose Gold,The Harper Ring - Oval Bezel Wedding Ring,1508.00,the-harper-oval-bezel-ceremonial-ring
,,,,https://tmcfinejewellers.com/products/the-harper-pear-bezel-ceremonial-ring,Yellow Gold,The Harper Ring - Pear Bezel Wedding Ring,1481.00,the-harper-pear-bezel-ceremonial-ring
,,,,https://tmcfinejewellers.com/products/the-harper-pear-bezel-ceremonial-ring,White Gold,The Harper Ring - Pear Bezel Wedding Ring,1481.00,the-harper-pear-bezel-ceremonial-ring
,,,,https://tmcfinejewellers.com/products/the-harper-pear-bezel-ceremonial-ring,Rose Gold,The Harper Ring - Pear Bezel Wedding Ring,1481.00,the-harper-pear-bezel-ceremonial-ring
,,,,https://tmcfinejewellers.com/products/the-harper-round-bezel-ceremonial-ring,Yellow Gold,The Harper Ring - Round Bezel Wedding Ring,1455.00,the-harper-round-bezel-ceremonial-ring
,,,,https://tmcfinejewellers.com/products/the-harper-round-bezel-ceremonial-ring,White Gold,The Harper Ring - Round Bezel Wedding Ring,1455.00,the-harper-round-bezel-ceremonial-ring
,,,,https://tmcfinejewellers.com/products/the-harper-round-bezel-ceremonial-ring,Rose Gold,The Harper Ring - Round Bezel Wedding Ring,1455.00,the-harper-round-bezel-ceremonial-ring
,,,,https://tmcfinejewellers.com/products/the-harper-emerald-bezel-ceremonial-ring,Yellow Gold,The Harper Ring - Emerald Bezel Wedding Ring,1693.00,the-harper-emerald-bezel-ceremonial-ring
,,,,https://tmcfinejewellers.com/products/the-harper-emerald-bezel-ceremonial-ring,White Gold,The Harper Ring - Emerald Bezel Wedding Ring,1693.00,the-harper-emerald-bezel-ceremonial-ring
,,,,https://tmcfinejewellers.com/products/the-harper-emerald-bezel-ceremonial-ring,Rose Gold,The Harper Ring - Emerald Bezel Wedding Ring,1693.00,the-harper-emerald-bezel-ceremonial-ring
,,,,https://tmcfinejewellers.com/products/the-markos-ring-brushed-ezi-fit-mens-ceremonial-band,Yellow Gold,The Markos Ring - Brushed Ezi Fit Men's Wedding Band,212.00,the-markos-ring-brushed-ezi-fit-mens-ceremonial-band
,,,,https://tmcfinejewellers.com/products/the-markos-ring-brushed-ezi-fit-mens-ceremonial-band,White Gold,The Markos Ring - Brushed Ezi Fit Men's Wedding Band,212.00,the-markos-ring-brushed-ezi-fit-mens-ceremonial-band
,,,,https://tmcfinejewellers.com/products/the-markos-ring-brushed-ezi-fit-mens-ceremonial-band,Rose Gold,The Markos Ring - Brushed Ezi Fit Men's Wedding Band,212.00,the-markos-ring-brushed-ezi-fit-mens-ceremonial-band
,,,,https://tmcfinejewellers.com/products/the-emrys-ring-classic-comfort-fit-mens-ceremonial-band,Yellow Gold,The Emrys Ring - Classic Comfort Fit Men's Wedding Band,212.00,the-emrys-ring-classic-comfort-fit-mens-ceremonial-band
,,,,https://tmcfinejewellers.com/products/the-emrys-ring-classic-comfort-fit-mens-ceremonial-band,White Gold,The Emrys Ring - Classic Comfort Fit Men's Wedding Band,212.00,the-emrys-ring-classic-comfort-fit-mens-ceremonial-band
,,,,https://tmcfinejewellers.com/products/the-emrys-ring-classic-comfort-fit-mens-ceremonial-band,Rose Gold,The Emrys Ring - Classic Comfort Fit Men's Wedding Band,212.00,the-emrys-ring-classic-comfort-fit-mens-ceremonial-band
,,,,https://tmcfinejewellers.com/products/the-hugo-ring-brushed-dual-grooved-mens-ceremonial-band,Yellow Gold,The Hugo Ring - Brushed Dual Grooved Men's Wedding Band,556.00,the-hugo-ring-brushed-dual-grooved-mens-ceremonial-band
,,,,https://tmcfinejewellers.com/products/the-hugo-ring-brushed-dual-grooved-mens-ceremonial-band,White Gold,The Hugo Ring - Brushed Dual Grooved Men's Wedding Band,556.00,the-hugo-ring-brushed-dual-grooved-mens-ceremonial-band
,,,,https://tmcfinejewellers.com/products/the-hugo-ring-brushed-dual-grooved-mens-ceremonial-band,Rose Gold,The Hugo Ring - Brushed Dual Grooved Men's Wedding Band,556.00,the-hugo-ring-brushed-dual-grooved-mens-ceremonial-band
,,,,https://tmcfinejewellers.com/products/the-argo-ring-brushed-step-edge-mens-ceremonial-band,Yellow Gold,The Argo Ring - Brushed Step Edge Men's Wedding Band,556.00,the-argo-ring-brushed-step-edge-mens-ceremonial-band
,,,,https://tmcfinejewellers.com/products/the-argo-ring-brushed-step-edge-mens-ceremonial-band,White Gold,The Argo Ring - Brushed Step Edge Men's Wedding Band,556.00,the-argo-ring-brushed-step-edge-mens-ceremonial-band
,,,,https://tmcfinejewellers.com/products/the-argo-ring-brushed-step-edge-mens-ceremonial-band,Rose Gold,The Argo Ring - Brushed Step Edge Men's Wedding Band,556.00,the-argo-ring-brushed-step-edge-mens-ceremonial-band
,,,,https://tmcfinejewellers.com/products/chevron-cut-out-mens-ceremonial-band,Yellow Gold,The Carlo Ring - Chevron Men's Wedding Band,529.00,chevron-cut-out-mens-ceremonial-band
,,,,https://tmcfinejewellers.com/products/chevron-cut-out-mens-ceremonial-band,White Gold,The Carlo Ring - Chevron Men's Wedding Band,529.00,chevron-cut-out-mens-ceremonial-band
,,,,https://tmcfinejewellers.com/products/chevron-cut-out-mens-ceremonial-band,Rose Gold,The Carlo Ring - Chevron Men's Wedding Band,529.00,chevron-cut-out-mens-ceremonial-band
,,,,https://tmcfinejewellers.com/products/the-arlo-ring-brushed-soft-chamfered-edge-men-s-ceremonial-band,Yellow Gold,The Arlo Ring - Brushed Soft Chamfered Edge Men’s Wedding Band,635.00,the-arlo-ring-brushed-soft-chamfered-edge-men-s-ceremonial-band
,,,,https://tmcfinejewellers.com/products/the-arlo-ring-brushed-soft-chamfered-edge-men-s-ceremonial-band,White Gold,The Arlo Ring - Brushed Soft Chamfered Edge Men’s Wedding Band,635.00,the-arlo-ring-brushed-soft-chamfered-edge-men-s-ceremonial-band
,,,,https://tmcfinejewellers.com/products/the-arlo-ring-brushed-soft-chamfered-edge-men-s-ceremonial-band,Rose Gold,The Arlo Ring - Brushed Soft Chamfered Edge Men’s Wedding Band,635.00,the-arlo-ring-brushed-soft-chamfered-edge-men-s-ceremonial-band
,,,,https://tmcfinejewellers.com/products/the-adrian-ring-step-edge-mens-ceremonial-band,Yellow Gold,The Adrian Ring - Double Groove Men's Wedding Band,609.00,the-adrian-ring-step-edge-mens-ceremonial-band
,,,,https://tmcfinejewellers.com/products/the-adrian-ring-step-edge-mens-ceremonial-band,White Gold,The Adrian Ring - Double Groove Men's Wedding Band,609.00,the-adrian-ring-step-edge-mens-ceremonial-band
,,,,https://tmcfinejewellers.com/products/the-adrian-ring-step-edge-mens-ceremonial-band,Rose Gold,The Adrian Ring - Double Groove Men's Wedding Band,609.00,the-adrian-ring-step-edge-mens-ceremonial-band
,,,,https://tmcfinejewellers.com/products/the-atlas-ring-brushed-modular-mens-ceremonial-band,Yellow Gold,The Atlas Ring - Brushed Modular Men's Wedding Band,820.00,the-atlas-ring-brushed-modular-mens-ceremonial-band
,,,,https://tmcfinejewellers.com/products/the-atlas-ring-brushed-modular-mens-ceremonial-band,White Gold,The Atlas Ring - Brushed Modular Men's Wedding Band,820.00,the-atlas-ring-brushed-modular-mens-ceremonial-band
,,,,https://tmcfinejewellers.com/products/the-atlas-ring-brushed-modular-mens-ceremonial-band,Rose Gold,The Atlas Ring - Brushed Modular Men's Wedding Band,820.00,the-atlas-ring-brushed-modular-mens-ceremonial-band
,,,,https://tmcfinejewellers.com/products/the-lucie-ring-horizontal-pear-wedding-band,Yellow Gold,The Lucie Ring - Horizontal Pear Wedding Ring,910.00,the-lucie-ring-horizontal-pear-wedding-band
,,,,https://tmcfinejewellers.com/products/the-lucie-ring-horizontal-pear-wedding-band,White Gold,The Lucie Ring - Horizontal Pear Wedding Ring,910.00,the-lucie-ring-horizontal-pear-wedding-band
,,,,https://tmcfinejewellers.com/products/the-lucie-ring-horizontal-pear-wedding-band,Rose Gold,The Lucie Ring - Horizontal Pear Wedding Ring,910.00,the-lucie-ring-horizontal-pear-wedding-band
,,,,https://tmcfinejewellers.com/products/the-violette-ring-round-brilliant-wedding-band,Yellow Gold,The Violette Ring - Round Brilliant Wedding Ring,926.00,the-violette-ring-round-brilliant-wedding-band
,,,,https://tmcfinejewellers.com/products/the-violette-ring-round-brilliant-wedding-band,White Gold,The Violette Ring - Round Brilliant Wedding Ring,926.00,the-violette-ring-round-brilliant-wedding-band
,,,,https://tmcfinejewellers.com/products/the-violette-ring-round-brilliant-wedding-band,Rose Gold,The Violette Ring - Round Brilliant Wedding Ring,926.00,the-violette-ring-round-brilliant-wedding-band
,,,,https://tmcfinejewellers.com/products/the-freya-ring-marquise-band,Yellow Gold,The Freya Ring - Marquise Ring,1032.00,the-freya-ring-marquise-band
,,,,https://tmcfinejewellers.com/products/the-freya-ring-marquise-band,White Gold,The Freya Ring - Marquise Ring,1032.00,the-freya-ring-marquise-band
,,,,https://tmcfinejewellers.com/products/the-freya-ring-marquise-band,Rose Gold,The Freya Ring - Marquise Ring,1032.00,the-freya-ring-marquise-band
,,,,https://tmcfinejewellers.com/products/the-brea-ring-baguette-band,Yellow Gold,The Brea Ring - Baguette Ring,2169.00,the-brea-ring-baguette-band
,,,,https://tmcfinejewellers.com/products/the-brea-ring-baguette-band,White Gold,The Brea Ring - Baguette Ring,2169.00,the-brea-ring-baguette-band
,,,,https://tmcfinejewellers.com/products/the-brea-ring-baguette-band,Rose Gold,The Brea Ring - Baguette Ring,2169.00,the-brea-ring-baguette-band
,,,,https://tmcfinejewellers.com/products/classic-domed-ceremonial-band,Yellow Gold,The Classic Domed Wedding Ring,820.00,classic-domed-ceremonial-band
,,,,https://tmcfinejewellers.com/products/classic-domed-ceremonial-band,White Gold,The Classic Domed Wedding Ring,820.00,classic-domed-ceremonial-band
,,,,https://tmcfinejewellers.com/products/classic-domed-ceremonial-band,Rose Gold,The Classic Domed Wedding Ring,820.00,classic-domed-ceremonial-band
,,,,https://tmcfinejewellers.com/products/the-orion-ring-brushed-milgrain-detail-mens-ceremonial-band,Yellow Gold,The Orion Ring - Milgrain-Detail Men's Wedding Band,556.00,the-orion-ring-brushed-milgrain-detail-mens-ceremonial-band
,,,,https://tmcfinejewellers.com/products/the-orion-ring-brushed-milgrain-detail-mens-ceremonial-band,White Gold,The Orion Ring - Milgrain-Detail Men's Wedding Band,556.00,the-orion-ring-brushed-milgrain-detail-mens-ceremonial-band
,,,,https://tmcfinejewellers.com/products/the-orion-ring-brushed-milgrain-detail-mens-ceremonial-band,Rose Gold,The Orion Ring - Milgrain-Detail Men's Wedding Band,556.00,the-orion-ring-brushed-milgrain-detail-mens-ceremonial-band
,,,,https://tmcfinejewellers.com/products/the-evander-ring-brushed-statement-mens-ceremonial-band,Yellow Gold,The Evander Ring - Brushed Statement Men's Wedding Band,582.00,the-evander-ring-brushed-statement-mens-ceremonial-band
,,,,https://tmcfinejewellers.com/products/the-evander-ring-brushed-statement-mens-ceremonial-band,White Gold,The Evander Ring - Brushed Statement Men's Wedding Band,582.00,the-evander-ring-brushed-statement-mens-ceremonial-band
,,,,https://tmcfinejewellers.com/products/the-evander-ring-brushed-statement-mens-ceremonial-band,Rose Gold,The Evander Ring - Brushed Statement Men's Wedding Band,582.00,the-evander-ring-brushed-statement-mens-ceremonial-band
,,,,https://tmcfinejewellers.com/products/the-erasmuz-ring-brushed-milgrain-detail-mens-ceremonial-band,Yellow Gold,The Erasmuz Ring - Brushed Milgrain-Detail Men's Wedding Band,529.00,the-erasmuz-ring-brushed-milgrain-detail-mens-ceremonial-band
,,,,https://tmcfinejewellers.com/products/the-erasmuz-ring-brushed-milgrain-detail-mens-ceremonial-band,White Gold,The Erasmuz Ring - Brushed Milgrain-Detail Men's Wedding Band,529.00,the-erasmuz-ring-brushed-milgrain-detail-mens-ceremonial-band
,,,,https://tmcfinejewellers.com/products/the-erasmuz-ring-brushed-milgrain-detail-mens-ceremonial-band,Rose Gold,The Erasmuz Ring - Brushed Milgrain-Detail Men's Wedding Band,529.00,the-erasmuz-ring-brushed-milgrain-detail-mens-ceremonial-band
,,,,https://tmcfinejewellers.com/products/the-harlow-ring-dainty-band,Yellow Gold,The Harlow Ring - Dainty Round Brilliant Ring,577.00,the-harlow-ring-dainty-band
,,,,https://tmcfinejewellers.com/products/the-harlow-ring-dainty-band,White Gold,The Harlow Ring - Dainty Round Brilliant Ring,577.00,the-harlow-ring-dainty-band
,,,,https://tmcfinejewellers.com/products/the-harlow-ring-dainty-band,Rose Gold,The Harlow Ring - Dainty Round Brilliant Ring,577.00,the-harlow-ring-dainty-band
,,,,https://tmcfinejewellers.com/products/the-zuri-ring-dainty-marquise-band,Yellow Gold,The Zuri Ring - Dainty Marquise Ring,577.00,the-zuri-ring-dainty-marquise-band
,,,,https://tmcfinejewellers.com/products/the-zuri-ring-dainty-marquise-band,White Gold,The Zuri Ring - Dainty Marquise Ring,577.00,the-zuri-ring-dainty-marquise-band
,,,,https://tmcfinejewellers.com/products/the-zuri-ring-dainty-marquise-band,Rose Gold,The Zuri Ring - Dainty Marquise Ring,577.00,the-zuri-ring-dainty-marquise-band
,,,,https://tmcfinejewellers.com/products/the-kiah-ring-dainty-baguette-band,Yellow Gold,The Kiah Ring - Dainty Baguette Ring,577.00,the-kiah-ring-dainty-baguette-band
,,,,https://tmcfinejewellers.com/products/the-kiah-ring-dainty-baguette-band,White Gold,The Kiah Ring - Dainty Baguette Ring,577.00,the-kiah-ring-dainty-baguette-band
,,,,https://tmcfinejewellers.com/products/the-kiah-ring-dainty-baguette-band,Rose Gold,The Kiah Ring - Dainty Baguette Ring,577.00,the-kiah-ring-dainty-baguette-band
,,,,https://tmcfinejewellers.com/products/the-chyra-sapphire-ring-dainty-round-brilliant-band,Yellow Gold,The Clara Ring - Cultured Sapphire Wedding Ring,577.00,the-chyra-sapphire-ring-dainty-round-brilliant-band
,,,,https://tmcfinejewellers.com/products/the-chyra-sapphire-ring-dainty-round-brilliant-band,White Gold,The Clara Ring - Cultured Sapphire Wedding Ring,577.00,the-chyra-sapphire-ring-dainty-round-brilliant-band
,,,,https://tmcfinejewellers.com/products/the-chyra-sapphire-ring-dainty-round-brilliant-band,Rose Gold,The Clara Ring - Cultured Sapphire Wedding Ring,577.00,the-chyra-sapphire-ring-dainty-round-brilliant-band
,,,,https://tmcfinejewellers.com/products/the-niah-sapphire-ring,Yellow Gold,The Niah Ring - Cultured Sapphire Wedding Ring,609.00,the-niah-sapphire-ring
,,,,https://tmcfinejewellers.com/products/the-niah-sapphire-ring,White Gold,The Niah Ring - Cultured Sapphire Wedding Ring,609.00,the-niah-sapphire-ring
,,,,https://tmcfinejewellers.com/products/the-niah-sapphire-ring,Rose Gold,The Niah Ring - Cultured Sapphire Wedding Ring,609.00,the-niah-sapphire-ring
,,,,https://tmcfinejewellers.com/products/the-grace-ring-crown-wedding-band,Yellow Gold,The Grace Ring - Crown Wedding Ring,899.00,the-grace-ring-crown-wedding-band
,,,,https://tmcfinejewellers.com/products/the-grace-ring-crown-wedding-band,White Gold,The Grace Ring - Crown Wedding Ring,899.00,the-grace-ring-crown-wedding-band
,,,,https://tmcfinejewellers.com/products/the-grace-ring-crown-wedding-band,Rose Gold,The Grace Ring - Crown Wedding Ring,899.00,the-grace-ring-crown-wedding-band
,,,,https://tmcfinejewellers.com/products/the-diana-ring-crown-wedding-band,Yellow Gold,The Diana Ring - Crown Wedding Ring,952.00,the-diana-ring-crown-wedding-band
,,,,https://tmcfinejewellers.com/products/the-diana-ring-crown-wedding-band,White Gold,The Diana Ring - Crown Wedding Ring,952.00,the-diana-ring-crown-wedding-band
,,,,https://tmcfinejewellers.com/products/the-diana-ring-crown-wedding-band,Rose Gold,The Diana Ring - Crown Wedding Ring,952.00,the-diana-ring-crown-wedding-band
,,,,https://tmcfinejewellers.com/products/new-the-eleanor-ring-crown-wedding-band,Yellow Gold,The Eleanor Ring - Crown Wedding Ring,952.00,new-the-eleanor-ring-crown-wedding-band
,,,,https://tmcfinejewellers.com/products/new-the-eleanor-ring-crown-wedding-band,White Gold,The Eleanor Ring - Crown Wedding Ring,952.00,new-the-eleanor-ring-crown-wedding-band
,,,,https://tmcfinejewellers.com/products/new-the-eleanor-ring-crown-wedding-band,Rose Gold,The Eleanor Ring - Crown Wedding Ring,952.00,new-the-eleanor-ring-crown-wedding-band
,,,,https://tmcfinejewellers.com/products/the-nikos-ring-singular-grooved-brushed-mens-ceremonial-band,Yellow Gold,The Nikos Ring - Singular Grooved Brushed Men's Wedding Band,582.00,the-nikos-ring-singular-grooved-brushed-mens-ceremonial-band
,,,,https://tmcfinejewellers.com/products/the-nikos-ring-singular-grooved-brushed-mens-ceremonial-band,White Gold,The Nikos Ring - Singular Grooved Brushed Men's Wedding Band,582.00,the-nikos-ring-singular-grooved-brushed-mens-ceremonial-band
,,,,https://tmcfinejewellers.com/products/the-nikos-ring-singular-grooved-brushed-mens-ceremonial-band,Rose Gold,The Nikos Ring - Singular Grooved Brushed Men's Wedding Band,582.00,the-nikos-ring-singular-grooved-brushed-mens-ceremonial-band
,,,,https://tmcfinejewellers.com/products/the-julian-ring-classic-knife-edge-ceremonial-ring,Yellow Gold,The Julian Ring - Classic Knife Edge Men's Wedding Band,688.00,the-julian-ring-classic-knife-edge-ceremonial-ring
,,,,https://tmcfinejewellers.com/products/the-julian-ring-classic-knife-edge-ceremonial-ring,White Gold,The Julian Ring - Classic Knife Edge Men's Wedding Band,688.00,the-julian-ring-classic-knife-edge-ceremonial-ring
,,,,https://tmcfinejewellers.com/products/the-julian-ring-classic-knife-edge-ceremonial-ring,Rose Gold,The Julian Ring - Classic Knife Edge Men's Wedding Band,688.00,the-julian-ring-classic-knife-edge-ceremonial-ring
,,,,https://tmcfinejewellers.com/products/the-olympus-ring-tension-set-mens-ceremonial-band,Yellow Gold,The Olympus Ring - Petite Round Tension Set Men's Wedding Band,635.00,the-olympus-ring-tension-set-mens-ceremonial-band
,,,,https://tmcfinejewellers.com/products/the-olympus-ring-tension-set-mens-ceremonial-band,White Gold,The Olympus Ring - Petite Round Tension Set Men's Wedding Band,635.00,the-olympus-ring-tension-set-mens-ceremonial-band
,,,,https://tmcfinejewellers.com/products/the-olympus-ring-tension-set-mens-ceremonial-band,Rose Gold,The Olympus Ring - Petite Round Tension Set Men's Wedding Band,635.00,the-olympus-ring-tension-set-mens-ceremonial-band
,,,,https://tmcfinejewellers.com/products/the-olympus-ring-tension-set-mens-ceremonial-band-copy,Yellow Gold,The Olympus Ring - Statement Round Tension Set Men's Wedding Band,1058.00,the-olympus-ring-tension-set-mens-ceremonial-band-copy
,,,,https://tmcfinejewellers.com/products/the-olympus-ring-tension-set-mens-ceremonial-band-copy,White Gold,The Olympus Ring - Statement Round Tension Set Men's Wedding Band,1058.00,the-olympus-ring-tension-set-mens-ceremonial-band-copy
,,,,https://tmcfinejewellers.com/products/the-olympus-ring-tension-set-mens-ceremonial-band-copy,Rose Gold,The Olympus Ring - Statement Round Tension Set Men's Wedding Band,1058.00,the-olympus-ring-tension-set-mens-ceremonial-band-copy
,,,,https://tmcfinejewellers.com/products/the-signature-heart-milgrain-signet-ring,Yellow Gold,The Signature Heart Milgrain Signet Ring,714.00,the-signature-heart-milgrain-signet-ring
,,,,https://tmcfinejewellers.com/products/the-signature-heart-milgrain-signet-ring,White Gold,The Signature Heart Milgrain Signet Ring,714.00,the-signature-heart-milgrain-signet-ring
,,,,https://tmcfinejewellers.com/products/the-signature-heart-milgrain-signet-ring,Rose Gold,The Signature Heart Milgrain Signet Ring,714.00,the-signature-heart-milgrain-signet-ring
,,,,https://tmcfinejewellers.com/products/the-signature-heart-inlay-signet-ring,Yellow Gold,The Signature Heart Inlay Signet Ring,556.00,the-signature-heart-inlay-signet-ring
,,,,https://tmcfinejewellers.com/products/the-signature-heart-inlay-signet-ring,White Gold,The Signature Heart Inlay Signet Ring,556.00,the-signature-heart-inlay-signet-ring
,,,,https://tmcfinejewellers.com/products/the-signature-heart-inlay-signet-ring,Rose Gold,The Signature Heart Inlay Signet Ring,556.00,the-signature-heart-inlay-signet-ring
,,,,https://tmcfinejewellers.com/products/signature-petite-oval-signet-ring,Yellow Gold,Signature Petite Oval Signet Ring,714.00,signature-petite-oval-signet-ring
,,,,https://tmcfinejewellers.com/products/signature-petite-oval-signet-ring,White Gold,Signature Petite Oval Signet Ring,714.00,signature-petite-oval-signet-ring
,,,,https://tmcfinejewellers.com/products/signature-petite-oval-signet-ring,Rose Gold,Signature Petite Oval Signet Ring,714.00,signature-petite-oval-signet-ring
,,,,https://tmcfinejewellers.com/products/signature-petite-diamond-signet-ring,Yellow Gold,Signature Petite Marquise Signet Ring,714.00,signature-petite-diamond-signet-ring
,,,,https://tmcfinejewellers.com/products/signature-petite-diamond-signet-ring,White Gold,Signature Petite Marquise Signet Ring,714.00,signature-petite-diamond-signet-ring
,,,,https://tmcfinejewellers.com/products/signature-petite-diamond-signet-ring,Rose Gold,Signature Petite Marquise Signet Ring,714.00,signature-petite-diamond-signet-ring
,,,,https://tmcfinejewellers.com/products/signature-petite-round-signet-ring,Yellow Gold,Signature Petite Round Signet Ring,714.00,signature-petite-round-signet-ring
,,,,https://tmcfinejewellers.com/products/signature-petite-round-signet-ring,White Gold,Signature Petite Round Signet Ring,714.00,signature-petite-round-signet-ring
,,,,https://tmcfinejewellers.com/products/signature-petite-round-signet-ring,Rose Gold,Signature Petite Round Signet Ring,714.00,signature-petite-round-signet-ring
,,,,https://tmcfinejewellers.com/products/signature-oval-signet-ring,Yellow Gold,Signature Oval Signet Ring,1005.00,signature-oval-signet-ring
,,,,https://tmcfinejewellers.com/products/signature-oval-signet-ring,White Gold,Signature Oval Signet Ring,1005.00,signature-oval-signet-ring
,,,,https://tmcfinejewellers.com/products/signature-oval-signet-ring,Rose Gold,Signature Oval Signet Ring,1005.00,signature-oval-signet-ring
,,,,https://tmcfinejewellers.com/products/signature-marquise-signet-ring,Yellow Gold,Signature Marquise Signet Ring,1005.00,signature-marquise-signet-ring
,,,,https://tmcfinejewellers.com/products/signature-marquise-signet-ring,White Gold,Signature Marquise Signet Ring,1005.00,signature-marquise-signet-ring
,,,,https://tmcfinejewellers.com/products/signature-marquise-signet-ring,Rose Gold,Signature Marquise Signet Ring,1005.00,signature-marquise-signet-ring
,,,,https://tmcfinejewellers.com/products/signature-round-signet-ring,Yellow Gold,Signature Round Signet Ring,1005.00,signature-round-signet-ring
,,,,https://tmcfinejewellers.com/products/signature-round-signet-ring,White Gold,Signature Round Signet Ring,1005.00,signature-round-signet-ring
,,,,https://tmcfinejewellers.com/products/signature-round-signet-ring,Rose Gold,Signature Round Signet Ring,1005.00,signature-round-signet-ring
